exposed_iso3,source_iso3,year,channel,w,covered_share
ARG,AUS,2019,energy,0.007129,0.498
ARG,BEL,2019,energy,0.003301,0.498
ARG,BRA,2019,energy,0.010531,0.498
ARG,CAN,2019,energy,0.00125,0.498
ARG,CHE,2019,energy,6e-05,0.498
ARG,CHL,2019,energy,0.001231,0.498
ARG,CHN,2019,energy,0.003233,0.498
ARG,COL,2019,energy,0.002149,0.498
ARG,DEU,2019,energy,0.003937,0.498
ARG,DNK,2019,energy,1.1e-05,0.498
ARG,EGY,2019,energy,1.1e-05,0.498
ARG,ESP,2019,energy,0.015249,0.498
ARG,FIN,2019,energy,0.001736,0.498
ARG,FRA,2019,energy,0.005168,0.498
ARG,GBR,2019,energy,0.014382,0.498
ARG,HKG,2019,energy,0.0,0.498
ARG,HUN,2019,energy,1.4e-05,0.498
ARG,IDN,2019,energy,0.0,0.498
ARG,IND,2019,energy,0.026195,0.498
ARG,ISR,2019,energy,3.3e-05,0.498
ARG,ITA,2019,energy,0.001202,0.498
ARG,JPN,2019,energy,0.000238,0.498
ARG,KOR,2019,energy,0.001831,0.498
ARG,MEX,2019,energy,9.6e-05,0.498
ARG,MYS,2019,energy,0.012394,0.498
ARG,NLD,2019,energy,0.055532,0.498
ARG,NOR,2019,energy,0.0,0.498
ARG,PER,2019,energy,0.0,0.498
ARG,POL,2019,energy,0.000913,0.498
ARG,PRT,2019,energy,5e-06,0.498
ARG,RUS,2019,energy,0.006418,0.498
ARG,SAU,2019,energy,0.010469,0.498
ARG,SWE,2019,energy,0.001944,0.498
ARG,THA,2019,energy,3.4e-05,0.498
ARG,TUR,2019,energy,4.2e-05,0.498
ARG,USA,2019,energy,0.310483,0.498
ARG,ZAF,2019,energy,0.000643,0.498
ARG,TWN,2019,energy,0.000172,0.498
ARG,AUS,2019,crm,0.109015,0.9746
ARG,BEL,2019,crm,0.001081,0.9746
ARG,BRA,2019,crm,0.561125,0.9746
ARG,CAN,2019,crm,0.006667,0.9746
ARG,CHE,2019,crm,0.000376,0.9746
ARG,CHL,2019,crm,0.041085,0.9746
ARG,CHN,2019,crm,0.06365,0.9746
ARG,COL,2019,crm,1e-06,0.9746
ARG,DEU,2019,crm,0.015067,0.9746
ARG,DNK,2019,crm,0.000324,0.9746
ARG,EGY,2019,crm,1e-06,0.9746
ARG,ESP,2019,crm,0.010648,0.9746
ARG,FIN,2019,crm,0.000905,0.9746
ARG,FRA,2019,crm,0.001603,0.9746
ARG,GBR,2019,crm,0.075912,0.9746
ARG,HKG,2019,crm,0.000148,0.9746
ARG,HUN,2019,crm,0.000119,0.9746
ARG,IDN,2019,crm,0.000138,0.9746
ARG,IND,2019,crm,0.003504,0.9746
ARG,ISR,2019,crm,0.000203,0.9746
ARG,ITA,2019,crm,0.006115,0.9746
ARG,JPN,2019,crm,0.000957,0.9746
ARG,KOR,2019,crm,0.0012,0.9746
ARG,MEX,2019,crm,0.008183,0.9746
ARG,MYS,2019,crm,0.001474,0.9746
ARG,NLD,2019,crm,0.002991,0.9746
ARG,NOR,2019,crm,0.001233,0.9746
ARG,PER,2019,crm,0.020521,0.9746
ARG,PHL,2019,crm,2e-06,0.9746
ARG,POL,2019,crm,0.000519,0.9746
ARG,PRT,2019,crm,0.000275,0.9746
ARG,RUS,2019,crm,0.00635,0.9746
ARG,SWE,2019,crm,0.001073,0.9746
ARG,THA,2019,crm,0.001526,0.9746
ARG,TUR,2019,crm,0.001048,0.9746
ARG,UKR,2019,crm,4e-06,0.9746
ARG,USA,2019,crm,0.02319,0.9746
ARG,VNM,2019,crm,0.00154,0.9746
ARG,ZAF,2019,crm,0.004609,0.9746
ARG,TWN,2019,crm,0.000268,0.9746
ARG,AUS,2021,energy,0.036888,0.5948
ARG,BEL,2021,energy,0.001349,0.5948
ARG,BRA,2021,energy,0.007957,0.5948
ARG,CAN,2021,energy,0.005207,0.5948
ARG,CHE,2021,energy,5.6e-05,0.5948
ARG,CHL,2021,energy,0.00033,0.5948
ARG,CHN,2021,energy,0.002858,0.5948
ARG,COL,2021,energy,0.021736,0.5948
ARG,DEU,2021,energy,0.008055,0.5948
ARG,DNK,2021,energy,7e-06,0.5948
ARG,EGY,2021,energy,0.0001,0.5948
ARG,ESP,2021,energy,0.031132,0.5948
ARG,FIN,2021,energy,0.005543,0.5948
ARG,FRA,2021,energy,0.005864,0.5948
ARG,GBR,2021,energy,0.000125,0.5948
ARG,HKG,2021,energy,0.0,0.5948
ARG,HUN,2021,energy,1.9e-05,0.5948
ARG,IDN,2021,energy,1.6e-05,0.5948
ARG,IND,2021,energy,0.051564,0.5948
ARG,ISR,2021,energy,4.2e-05,0.5948
ARG,ITA,2021,energy,0.005798,0.5948
ARG,JPN,2021,energy,0.002995,0.5948
ARG,KOR,2021,energy,0.013838,0.5948
ARG,MEX,2021,energy,6.7e-05,0.5948
ARG,MYS,2021,energy,0.027657,0.5948
ARG,NLD,2021,energy,0.074172,0.5948
ARG,NOR,2021,energy,0.0,0.5948
ARG,PHL,2021,energy,0.0,0.5948
ARG,POL,2021,energy,0.000439,0.5948
ARG,PRT,2021,energy,0.007124,0.5948
ARG,RUS,2021,energy,0.010252,0.5948
ARG,SAU,2021,energy,0.036903,0.5948
ARG,SWE,2021,energy,0.004622,0.5948
ARG,THA,2021,energy,1.9e-05,0.5948
ARG,TUR,2021,energy,0.000109,0.5948
ARG,USA,2021,energy,0.230716,0.5948
ARG,ZAF,2021,energy,0.001157,0.5948
ARG,TWN,2021,energy,7.6e-05,0.5948
ARG,AUS,2021,crm,0.053255,0.9835
ARG,BEL,2021,crm,0.00405,0.9835
ARG,BRA,2021,crm,0.603033,0.9835
ARG,CAN,2021,crm,0.053235,0.9835
ARG,CHE,2021,crm,0.000153,0.9835
ARG,CHL,2021,crm,0.061453,0.9835
ARG,CHN,2021,crm,0.046548,0.9835
ARG,COL,2021,crm,4e-06,0.9835
ARG,DEU,2021,crm,0.009963,0.9835
ARG,DNK,2021,crm,0.000276,0.9835
ARG,EGY,2021,crm,5e-06,0.9835
ARG,ESP,2021,crm,0.007715,0.9835
ARG,FIN,2021,crm,0.001735,0.9835
ARG,FRA,2021,crm,0.000844,0.9835
ARG,GBR,2021,crm,0.049088,0.9835
ARG,HKG,2021,crm,0.000375,0.9835
ARG,HUN,2021,crm,9e-05,0.9835
ARG,IDN,2021,crm,0.000275,0.9835
ARG,IND,2021,crm,0.001199,0.9835
ARG,ISR,2021,crm,0.000191,0.9835
ARG,ITA,2021,crm,0.007123,0.9835
ARG,JPN,2021,crm,0.000884,0.9835
ARG,KOR,2021,crm,0.000745,0.9835
ARG,MEX,2021,crm,0.010896,0.9835
ARG,MYS,2021,crm,0.000854,0.9835
ARG,NLD,2021,crm,0.001951,0.9835
ARG,NOR,2021,crm,0.001262,0.9835
ARG,PER,2021,crm,0.02863,0.9835
ARG,POL,2021,crm,0.000374,0.9835
ARG,PRT,2021,crm,5.1e-05,0.9835
ARG,RUS,2021,crm,0.008931,0.9835
ARG,SWE,2021,crm,0.00096,0.9835
ARG,THA,2021,crm,0.00246,0.9835
ARG,TUN,2021,crm,0.0,0.9835
ARG,TUR,2021,crm,0.001439,0.9835
ARG,UKR,2021,crm,0.000264,0.9835
ARG,USA,2021,crm,0.012148,0.9835
ARG,VEN,2021,crm,0.000788,0.9835
ARG,VNM,2021,crm,0.00215,0.9835
ARG,ZAF,2021,crm,0.008046,0.9835
ARG,TWN,2021,crm,0.0001,0.9835
ARG,AUS,2023,energy,0.013975,0.7472
ARG,BEL,2023,energy,0.008809,0.7472
ARG,BRA,2023,energy,0.076422,0.7472
ARG,CAN,2023,energy,0.000382,0.7472
ARG,CHE,2023,energy,7.9e-05,0.7472
ARG,CHL,2023,energy,0.001618,0.7472
ARG,CHN,2023,energy,0.002039,0.7472
ARG,COL,2023,energy,0.019207,0.7472
ARG,DEU,2023,energy,0.00551,0.7472
ARG,DNK,2023,energy,2.2e-05,0.7472
ARG,EGY,2023,energy,0.005254,0.7472
ARG,ESP,2023,energy,0.015983,0.7472
ARG,FIN,2023,energy,0.005713,0.7472
ARG,FRA,2023,energy,0.005407,0.7472
ARG,GBR,2023,energy,0.007668,0.7472
ARG,HUN,2023,energy,0.0,0.7472
ARG,IDN,2023,energy,7.1e-05,0.7472
ARG,IND,2023,energy,0.028996,0.7472
ARG,ISR,2023,energy,2e-05,0.7472
ARG,ITA,2023,energy,0.029758,0.7472
ARG,JPN,2023,energy,0.000328,0.7472
ARG,KOR,2023,energy,0.007262,0.7472
ARG,MEX,2023,energy,9.5e-05,0.7472
ARG,MYS,2023,energy,0.011115,0.7472
ARG,NLD,2023,energy,0.049773,0.7472
ARG,NOR,2023,energy,2e-06,0.7472
ARG,POL,2023,energy,5.5e-05,0.7472
ARG,PRT,2023,energy,8e-06,0.7472
ARG,RUS,2023,energy,0.00079,0.7472
ARG,SAU,2023,energy,0.03014,0.7472
ARG,SWE,2023,energy,0.004677,0.7472
ARG,THA,2023,energy,1.1e-05,0.7472
ARG,TUR,2023,energy,0.005252,0.7472
ARG,USA,2023,energy,0.405348,0.7472
ARG,ZAF,2023,energy,0.000137,0.7472
ARG,TWN,2023,energy,0.005257,0.7472
ARG,AUS,2023,crm,0.097769,0.9619
ARG,BEL,2023,crm,0.006422,0.9619
ARG,BRA,2023,crm,0.557897,0.9619
ARG,CAN,2023,crm,0.026127,0.9619
ARG,CHE,2023,crm,0.000246,0.9619
ARG,CHL,2023,crm,0.066506,0.9619
ARG,CHN,2023,crm,0.063993,0.9619
ARG,COL,2023,crm,2.8e-05,0.9619
ARG,DEU,2023,crm,0.011688,0.9619
ARG,DNK,2023,crm,0.0005,0.9619
ARG,ESP,2023,crm,0.011383,0.9619
ARG,FIN,2023,crm,0.000432,0.9619
ARG,FRA,2023,crm,0.001076,0.9619
ARG,GBR,2023,crm,0.028656,0.9619
ARG,HKG,2023,crm,0.001039,0.9619
ARG,HUN,2023,crm,0.000296,0.9619
ARG,IDN,2023,crm,0.000391,0.9619
ARG,IND,2023,crm,0.001795,0.9619
ARG,ISR,2023,crm,0.000278,0.9619
ARG,ITA,2023,crm,0.007654,0.9619
ARG,JPN,2023,crm,0.001862,0.9619
ARG,KOR,2023,crm,0.001,0.9619
ARG,MEX,2023,crm,0.002996,0.9619
ARG,MYS,2023,crm,0.000863,0.9619
ARG,NLD,2023,crm,0.001853,0.9619
ARG,NOR,2023,crm,0.000723,0.9619
ARG,PER,2023,crm,0.039751,0.9619
ARG,POL,2023,crm,0.000355,0.9619
ARG,PRT,2023,crm,0.000119,0.9619
ARG,RUS,2023,crm,0.000765,0.9619
ARG,SAU,2023,crm,0.002984,0.9619
ARG,SWE,2023,crm,0.001139,0.9619
ARG,THA,2023,crm,0.003235,0.9619
ARG,TUN,2023,crm,0.0,0.9619
ARG,TUR,2023,crm,0.001811,0.9619
ARG,UKR,2023,crm,0.000214,0.9619
ARG,USA,2023,crm,0.009813,0.9619
ARG,VEN,2023,crm,0.000182,0.9619
ARG,VNM,2023,crm,0.002901,0.9619
ARG,ZAF,2023,crm,0.005063,0.9619
ARG,TWN,2023,crm,0.000122,0.9619
AUS,ARG,2019,energy,0.000732,0.633
AUS,BEL,2019,energy,0.000739,0.633
AUS,BRA,2019,energy,1.5e-05,0.633
AUS,CAN,2019,energy,0.000193,0.633
AUS,CHE,2019,energy,0.000183,0.633
AUS,CHL,2019,energy,0.0,0.633
AUS,CHN,2019,energy,0.094929,0.633
AUS,COL,2019,energy,0.000396,0.633
AUS,DEU,2019,energy,0.001078,0.633
AUS,DNK,2019,energy,1.1e-05,0.633
AUS,EGY,2019,energy,0.0,0.633
AUS,ESP,2019,energy,0.000224,0.633
AUS,FIN,2019,energy,2.2e-05,0.633
AUS,FRA,2019,energy,0.000348,0.633
AUS,GBR,2019,energy,0.001522,0.633
AUS,HKG,2019,energy,0.000441,0.633
AUS,HUN,2019,energy,0.0,0.633
AUS,IDN,2019,energy,0.035498,0.633
AUS,IND,2019,energy,0.00953,0.633
AUS,ISR,2019,energy,2.2e-05,0.633
AUS,ITA,2019,energy,0.000191,0.633
AUS,JPN,2019,energy,0.112772,0.633
AUS,KOR,2019,energy,0.1303,0.633
AUS,MEX,2019,energy,1e-06,0.633
AUS,MYS,2019,energy,0.128136,0.633
AUS,NLD,2019,energy,0.015593,0.633
AUS,NOR,2019,energy,3e-05,0.633
AUS,PHL,2019,energy,0.0,0.633
AUS,POL,2019,energy,4e-05,0.633
AUS,PRT,2019,energy,8e-06,0.633
AUS,RUS,2019,energy,0.005212,0.633
AUS,SAU,2019,energy,0.000539,0.633
AUS,SWE,2019,energy,0.000188,0.633
AUS,THA,2019,energy,0.005122,0.633
AUS,TUR,2019,energy,3e-06,0.633
AUS,UKR,2019,energy,0.0,0.633
AUS,USA,2019,energy,0.057234,0.633
AUS,VNM,2019,energy,0.005238,0.633
AUS,ZAF,2019,energy,0.000165,0.633
AUS,TWN,2019,energy,0.026297,0.633
AUS,ARG,2019,crm,2.4e-05,0.8341
AUS,BEL,2019,crm,0.002589,0.8341
AUS,BRA,2019,crm,0.0008,0.8341
AUS,CAN,2019,crm,0.035051,0.8341
AUS,CHE,2019,crm,0.00512,0.8341
AUS,CHL,2019,crm,0.058144,0.8341
AUS,CHN,2019,crm,0.233877,0.8341
AUS,COL,2019,crm,0.0,0.8341
AUS,DEU,2019,crm,0.022987,0.8341
AUS,DNK,2019,crm,0.000231,0.8341
AUS,EGY,2019,crm,4.1e-05,0.8341
AUS,ESP,2019,crm,0.010674,0.8341
AUS,FIN,2019,crm,0.000846,0.8341
AUS,FRA,2019,crm,0.005087,0.8341
AUS,GBR,2019,crm,0.024711,0.8341
AUS,HKG,2019,crm,0.009411,0.8341
AUS,HUN,2019,crm,1.3e-05,0.8341
AUS,IDN,2019,crm,0.014419,0.8341
AUS,IND,2019,crm,0.010324,0.8341
AUS,ISR,2019,crm,0.000485,0.8341
AUS,ITA,2019,crm,0.011669,0.8341
AUS,JPN,2019,crm,0.024615,0.8341
AUS,KOR,2019,crm,0.09117,0.8341
AUS,MEX,2019,crm,0.010987,0.8341
AUS,MYS,2019,crm,0.064175,0.8341
AUS,NLD,2019,crm,0.005439,0.8341
AUS,NOR,2019,crm,0.001579,0.8341
AUS,PER,2019,crm,0.007533,0.8341
AUS,PHL,2019,crm,0.000131,0.8341
AUS,POL,2019,crm,0.016175,0.8341
AUS,PRT,2019,crm,5e-06,0.8341
AUS,RUS,2019,crm,0.003878,0.8341
AUS,SAU,2019,crm,0.007602,0.8341
AUS,SWE,2019,crm,0.000208,0.8341
AUS,THA,2019,crm,0.022772,0.8341
AUS,TUN,2019,crm,1.8e-05,0.8341
AUS,TUR,2019,crm,0.005445,0.8341
AUS,UKR,2019,crm,0.000317,0.8341
AUS,USA,2019,crm,0.081691,0.8341
AUS,VNM,2019,crm,0.013164,0.8341
AUS,ZAF,2019,crm,0.025969,0.8341
AUS,TWN,2019,crm,0.004706,0.8341
AUS,BEL,2021,energy,0.000921,0.6203
AUS,BRA,2021,energy,1.1e-05,0.6203
AUS,CAN,2021,energy,0.000221,0.6203
AUS,CHE,2021,energy,0.000162,0.6203
AUS,CHL,2021,energy,4e-06,0.6203
AUS,CHN,2021,energy,0.05612,0.6203
AUS,COL,2021,energy,0.00061,0.6203
AUS,DEU,2021,energy,0.001375,0.6203
AUS,DNK,2021,energy,7e-06,0.6203
AUS,ESP,2021,energy,0.00024,0.6203
AUS,FIN,2021,energy,7e-06,0.6203
AUS,FRA,2021,energy,0.00033,0.6203
AUS,GBR,2021,energy,0.000519,0.6203
AUS,HKG,2021,energy,0.000588,0.6203
AUS,HUN,2021,energy,1e-06,0.6203
AUS,IDN,2021,energy,0.012857,0.6203
AUS,IND,2021,energy,0.086168,0.6203
AUS,ISR,2021,energy,1.8e-05,0.6203
AUS,ITA,2021,energy,0.000174,0.6203
AUS,JPN,2021,energy,0.037501,0.6203
AUS,KOR,2021,energy,0.130106,0.6203
AUS,MEX,2021,energy,1.5e-05,0.6203
AUS,MYS,2021,energy,0.199751,0.6203
AUS,NLD,2021,energy,0.00474,0.6203
AUS,NOR,2021,energy,3e-06,0.6203
AUS,PHL,2021,energy,6e-06,0.6203
AUS,POL,2021,energy,0.000115,0.6203
AUS,PRT,2021,energy,1.7e-05,0.6203
AUS,RUS,2021,energy,0.002344,0.6203
AUS,SAU,2021,energy,1e-06,0.6203
AUS,SWE,2021,energy,9.7e-05,0.6203
AUS,THA,2021,energy,0.005406,0.6203
AUS,TUR,2021,energy,1.1e-05,0.6203
AUS,UKR,2021,energy,1e-06,0.6203
AUS,USA,2021,energy,0.03153,0.6203
AUS,VNM,2021,energy,0.01135,0.6203
AUS,ZAF,2021,energy,0.000352,0.6203
AUS,TWN,2021,energy,0.03665,0.6203
AUS,ARG,2021,crm,1.9e-05,0.8335
AUS,BEL,2021,crm,0.005859,0.8335
AUS,BRA,2021,crm,0.000708,0.8335
AUS,CAN,2021,crm,0.047777,0.8335
AUS,CHE,2021,crm,0.006784,0.8335
AUS,CHL,2021,crm,0.050465,0.8335
AUS,CHN,2021,crm,0.216487,0.8335
AUS,DEU,2021,crm,0.014448,0.8335
AUS,DNK,2021,crm,0.000128,0.8335
AUS,EGY,2021,crm,0.000579,0.8335
AUS,ESP,2021,crm,0.008226,0.8335
AUS,FIN,2021,crm,0.000893,0.8335
AUS,FRA,2021,crm,0.00155,0.8335
AUS,GBR,2021,crm,0.041896,0.8335
AUS,HKG,2021,crm,0.019505,0.8335
AUS,HUN,2021,crm,4e-06,0.8335
AUS,IDN,2021,crm,0.017578,0.8335
AUS,IND,2021,crm,0.012066,0.8335
AUS,ISR,2021,crm,0.000349,0.8335
AUS,ITA,2021,crm,0.007077,0.8335
AUS,JPN,2021,crm,0.008255,0.8335
AUS,KOR,2021,crm,0.067807,0.8335
AUS,MEX,2021,crm,0.047672,0.8335
AUS,MYS,2021,crm,0.040705,0.8335
AUS,NLD,2021,crm,0.002543,0.8335
AUS,NOR,2021,crm,0.000104,0.8335
AUS,PER,2021,crm,0.01124,0.8335
AUS,PHL,2021,crm,0.014196,0.8335
AUS,POL,2021,crm,0.055954,0.8335
AUS,PRT,2021,crm,2.5e-05,0.8335
AUS,RUS,2021,crm,0.001532,0.8335
AUS,SAU,2021,crm,0.003111,0.8335
AUS,SWE,2021,crm,0.000198,0.8335
AUS,THA,2021,crm,0.025147,0.8335
AUS,TUN,2021,crm,1.2e-05,0.8335
AUS,TUR,2021,crm,0.001843,0.8335
AUS,USA,2021,crm,0.054874,0.8335
AUS,VNM,2021,crm,0.012143,0.8335
AUS,ZAF,2021,crm,0.030049,0.8335
AUS,TWN,2021,crm,0.003679,0.8335
AUS,ARG,2023,energy,0.0,0.7207
AUS,BEL,2023,energy,0.000285,0.7207
AUS,BRA,2023,energy,0.000601,0.7207
AUS,CAN,2023,energy,0.000148,0.7207
AUS,CHE,2023,energy,0.000113,0.7207
AUS,CHL,2023,energy,2e-06,0.7207
AUS,CHN,2023,energy,0.052343,0.7207
AUS,COL,2023,energy,0.000163,0.7207
AUS,DEU,2023,energy,0.000917,0.7207
AUS,DNK,2023,energy,8e-06,0.7207
AUS,EGY,2023,energy,0.0,0.7207
AUS,ESP,2023,energy,0.000381,0.7207
AUS,FIN,2023,energy,1.2e-05,0.7207
AUS,FRA,2023,energy,0.00021,0.7207
AUS,GBR,2023,energy,0.000592,0.7207
AUS,HKG,2023,energy,0.000318,0.7207
AUS,HUN,2023,energy,0.0,0.7207
AUS,IDN,2023,energy,0.010608,0.7207
AUS,IND,2023,energy,0.037301,0.7207
AUS,ISR,2023,energy,1.1e-05,0.7207
AUS,ITA,2023,energy,0.000156,0.7207
AUS,JPN,2023,energy,0.04183,0.7207
AUS,KOR,2023,energy,0.261976,0.7207
AUS,MEX,2023,energy,1.2e-05,0.7207
AUS,MYS,2023,energy,0.189248,0.7207
AUS,NLD,2023,energy,0.000392,0.7207
AUS,NOR,2023,energy,7e-06,0.7207
AUS,PER,2023,energy,0.0,0.7207
AUS,PHL,2023,energy,1e-06,0.7207
AUS,POL,2023,energy,5.4e-05,0.7207
AUS,PRT,2023,energy,1e-06,0.7207
AUS,SAU,2023,energy,0.002907,0.7207
AUS,SWE,2023,energy,6.2e-05,0.7207
AUS,THA,2023,energy,0.005383,0.7207
AUS,TUN,2023,energy,0.0,0.7207
AUS,TUR,2023,energy,5e-06,0.7207
AUS,UKR,2023,energy,1e-06,0.7207
AUS,USA,2023,energy,0.033926,0.7207
AUS,VNM,2023,energy,0.016812,0.7207
AUS,ZAF,2023,energy,0.000133,0.7207
AUS,TWN,2023,energy,0.063787,0.7207
AUS,ARG,2023,crm,7.9e-05,0.7992
AUS,BEL,2023,crm,0.003811,0.7992
AUS,BRA,2023,crm,0.001887,0.7992
AUS,CAN,2023,crm,0.049208,0.7992
AUS,CHE,2023,crm,0.006523,0.7992
AUS,CHL,2023,crm,0.005865,0.7992
AUS,CHN,2023,crm,0.243201,0.7992
AUS,DEU,2023,crm,0.017306,0.7992
AUS,DNK,2023,crm,0.000434,0.7992
AUS,EGY,2023,crm,1.7e-05,0.7992
AUS,ESP,2023,crm,0.00727,0.7992
AUS,FIN,2023,crm,0.005368,0.7992
AUS,FRA,2023,crm,0.002094,0.7992
AUS,GBR,2023,crm,0.014035,0.7992
AUS,HKG,2023,crm,0.046287,0.7992
AUS,HUN,2023,crm,2e-06,0.7992
AUS,IDN,2023,crm,0.02784,0.7992
AUS,IND,2023,crm,0.011939,0.7992
AUS,ISR,2023,crm,0.000499,0.7992
AUS,ITA,2023,crm,0.006641,0.7992
AUS,JPN,2023,crm,0.011136,0.7992
AUS,KOR,2023,crm,0.094459,0.7992
AUS,MEX,2023,crm,0.025917,0.7992
AUS,MYS,2023,crm,0.050384,0.7992
AUS,NLD,2023,crm,0.003113,0.7992
AUS,NOR,2023,crm,0.000186,0.7992
AUS,PER,2023,crm,0.001527,0.7992
AUS,PHL,2023,crm,0.012576,0.7992
AUS,POL,2023,crm,0.030507,0.7992
AUS,PRT,2023,crm,5.7e-05,0.7992
AUS,RUS,2023,crm,1.3e-05,0.7992
AUS,SAU,2023,crm,7.5e-05,0.7992
AUS,SWE,2023,crm,0.004103,0.7992
AUS,THA,2023,crm,0.025143,0.7992
AUS,TUR,2023,crm,0.000954,0.7992
AUS,USA,2023,crm,0.049343,0.7992
AUS,VNM,2023,crm,0.00929,0.7992
AUS,ZAF,2023,crm,0.015046,0.7992
AUS,TWN,2023,crm,0.015096,0.7992
BEL,ARG,2019,energy,0.000125,0.9718
BEL,AUS,2019,energy,0.006142,0.9718
BEL,BRA,2019,energy,0.000452,0.9718
BEL,CAN,2019,energy,0.000259,0.9718
BEL,CHE,2019,energy,1.8e-05,0.9718
BEL,CHL,2019,energy,0.0,0.9718
BEL,CHN,2019,energy,1.5e-05,0.9718
BEL,COL,2019,energy,1.2e-05,0.9718
BEL,DEU,2019,energy,0.035454,0.9718
BEL,DNK,2019,energy,0.001667,0.9718
BEL,EGY,2019,energy,0.000812,0.9718
BEL,ESP,2019,energy,0.005278,0.9718
BEL,FIN,2019,energy,0.011222,0.9718
BEL,FRA,2019,energy,0.039089,0.9718
BEL,GBR,2019,energy,0.050366,0.9718
BEL,HKG,2019,energy,0.0,0.9718
BEL,HUN,2019,energy,2.8e-05,0.9718
BEL,IDN,2019,energy,8e-06,0.9718
BEL,IND,2019,energy,0.001375,0.9718
BEL,ISR,2019,energy,3.7e-05,0.9718
BEL,ITA,2019,energy,0.00261,0.9718
BEL,JPN,2019,energy,3.3e-05,0.9718
BEL,KOR,2019,energy,0.000438,0.9718
BEL,MEX,2019,energy,1e-06,0.9718
BEL,MYS,2019,energy,0.000573,0.9718
BEL,NLD,2019,energy,0.627379,0.9718
BEL,NOR,2019,energy,0.066405,0.9718
BEL,PER,2019,energy,0.000104,0.9718
BEL,PHL,2019,energy,0.0,0.9718
BEL,POL,2019,energy,0.00127,0.9718
BEL,PRT,2019,energy,0.000481,0.9718
BEL,RUS,2019,energy,0.06885,0.9718
BEL,SAU,2019,energy,0.019835,0.9718
BEL,SWE,2019,energy,0.004554,0.9718
BEL,THA,2019,energy,0.0,0.9718
BEL,TUN,2019,energy,2e-06,0.9718
BEL,TUR,2019,energy,0.003967,0.9718
BEL,UKR,2019,energy,6.2e-05,0.9718
BEL,USA,2019,energy,0.021277,0.9718
BEL,VEN,2019,energy,0.001485,0.9718
BEL,VNM,2019,energy,0.0,0.9718
BEL,ZAF,2019,energy,0.000129,0.9718
BEL,TWN,2019,energy,6e-06,0.9718
BEL,ARG,2019,crm,0.003546,0.8783
BEL,AUS,2019,crm,0.003731,0.8783
BEL,BRA,2019,crm,0.023604,0.8783
BEL,CAN,2019,crm,0.033954,0.8783
BEL,CHE,2019,crm,0.00288,0.8783
BEL,CHL,2019,crm,0.004133,0.8783
BEL,CHN,2019,crm,0.012008,0.8783
BEL,COL,2019,crm,0.000371,0.8783
BEL,DEU,2019,crm,0.255929,0.8783
BEL,DNK,2019,crm,0.001972,0.8783
BEL,EGY,2019,crm,0.000389,0.8783
BEL,ESP,2019,crm,0.036959,0.8783
BEL,FIN,2019,crm,0.005507,0.8783
BEL,FRA,2019,crm,0.121657,0.8783
BEL,GBR,2019,crm,0.033126,0.8783
BEL,HKG,2019,crm,0.00037,0.8783
BEL,HUN,2019,crm,0.000686,0.8783
BEL,IDN,2019,crm,0.000196,0.8783
BEL,IND,2019,crm,0.003055,0.8783
BEL,ISR,2019,crm,0.000328,0.8783
BEL,ITA,2019,crm,0.018901,0.8783
BEL,JPN,2019,crm,0.004077,0.8783
BEL,KOR,2019,crm,0.001108,0.8783
BEL,MEX,2019,crm,0.014249,0.8783
BEL,MYS,2019,crm,0.00147,0.8783
BEL,NLD,2019,crm,0.132344,0.8783
BEL,NOR,2019,crm,0.001192,0.8783
BEL,PER,2019,crm,0.005741,0.8783
BEL,PHL,2019,crm,0.000294,0.8783
BEL,POL,2019,crm,0.00773,0.8783
BEL,PRT,2019,crm,0.001546,0.8783
BEL,RUS,2019,crm,0.015145,0.8783
BEL,SAU,2019,crm,0.000725,0.8783
BEL,SWE,2019,crm,0.013649,0.8783
BEL,THA,2019,crm,0.00218,0.8783
BEL,TUN,2019,crm,0.000498,0.8783
BEL,TUR,2019,crm,0.01025,0.8783
BEL,UKR,2019,crm,0.000441,0.8783
BEL,USA,2019,crm,0.055928,0.8783
BEL,VEN,2019,crm,0.00113,0.8783
BEL,VNM,2019,crm,0.001257,0.8783
BEL,ZAF,2019,crm,0.042345,0.8783
BEL,TWN,2019,crm,0.001709,0.8783
BEL,ARG,2021,energy,7.9e-05,0.9473
BEL,AUS,2021,energy,0.003449,0.9473
BEL,BRA,2021,energy,0.00041,0.9473
BEL,CAN,2021,energy,0.000271,0.9473
BEL,CHE,2021,energy,9e-05,0.9473
BEL,CHL,2021,energy,0.0,0.9473
BEL,CHN,2021,energy,0.000452,0.9473
BEL,COL,2021,energy,1.5e-05,0.9473
BEL,DEU,2021,energy,0.031608,0.9473
BEL,DNK,2021,energy,0.000335,0.9473
BEL,EGY,2021,energy,0.000302,0.9473
BEL,ESP,2021,energy,0.006769,0.9473
BEL,FIN,2021,energy,0.004674,0.9473
BEL,FRA,2021,energy,0.048758,0.9473
BEL,GBR,2021,energy,0.062603,0.9473
BEL,HKG,2021,energy,0.0,0.9473
BEL,HUN,2021,energy,9e-06,0.9473
BEL,IDN,2021,energy,0.0,0.9473
BEL,IND,2021,energy,0.001186,0.9473
BEL,ISR,2021,energy,0.000405,0.9473
BEL,ITA,2021,energy,0.002326,0.9473
BEL,JPN,2021,energy,3.2e-05,0.9473
BEL,KOR,2021,energy,0.000807,0.9473
BEL,MEX,2021,energy,0.0,0.9473
BEL,MYS,2021,energy,0.000193,0.9473
BEL,NLD,2021,energy,0.559526,0.9473
BEL,NOR,2021,energy,0.13214,0.9473
BEL,PER,2021,energy,0.0,0.9473
BEL,PHL,2021,energy,1e-06,0.9473
BEL,POL,2021,energy,0.002667,0.9473
BEL,PRT,2021,energy,0.000702,0.9473
BEL,RUS,2021,energy,0.051725,0.9473
BEL,SAU,2021,energy,0.002639,0.9473
BEL,SWE,2021,energy,0.003478,0.9473
BEL,THA,2021,energy,3e-06,0.9473
BEL,TUN,2021,energy,2e-06,0.9473
BEL,TUR,2021,energy,0.004288,0.9473
BEL,UKR,2021,energy,0.0,0.9473
BEL,USA,2021,energy,0.025146,0.9473
BEL,VEN,2021,energy,0.0,0.9473
BEL,VNM,2021,energy,0.0,0.9473
BEL,ZAF,2021,energy,0.000175,0.9473
BEL,TWN,2021,energy,5.8e-05,0.9473
BEL,ARG,2021,crm,0.003521,0.8937
BEL,AUS,2021,crm,0.00225,0.8937
BEL,BRA,2021,crm,0.029971,0.8937
BEL,CAN,2021,crm,0.019612,0.8937
BEL,CHE,2021,crm,0.00228,0.8937
BEL,CHL,2021,crm,0.000801,0.8937
BEL,CHN,2021,crm,0.007894,0.8937
BEL,COL,2021,crm,0.000518,0.8937
BEL,DEU,2021,crm,0.279126,0.8937
BEL,DNK,2021,crm,0.001676,0.8937
BEL,EGY,2021,crm,0.000298,0.8937
BEL,ESP,2021,crm,0.031932,0.8937
BEL,FIN,2021,crm,0.004955,0.8937
BEL,FRA,2021,crm,0.131664,0.8937
BEL,GBR,2021,crm,0.062579,0.8937
BEL,HKG,2021,crm,0.001384,0.8937
BEL,HUN,2021,crm,0.000834,0.8937
BEL,IDN,2021,crm,0.001184,0.8937
BEL,IND,2021,crm,0.001939,0.8937
BEL,ISR,2021,crm,0.000452,0.8937
BEL,ITA,2021,crm,0.019166,0.8937
BEL,JPN,2021,crm,0.003889,0.8937
BEL,KOR,2021,crm,0.000689,0.8937
BEL,MEX,2021,crm,0.01119,0.8937
BEL,MYS,2021,crm,0.003523,0.8937
BEL,NLD,2021,crm,0.121633,0.8937
BEL,NOR,2021,crm,0.002369,0.8937
BEL,PER,2021,crm,0.00294,0.8937
BEL,PHL,2021,crm,0.00013,0.8937
BEL,POL,2021,crm,0.010622,0.8937
BEL,PRT,2021,crm,0.002099,0.8937
BEL,RUS,2021,crm,0.010811,0.8937
BEL,SAU,2021,crm,0.00067,0.8937
BEL,SWE,2021,crm,0.016196,0.8937
BEL,THA,2021,crm,0.001816,0.8937
BEL,TUN,2021,crm,0.001273,0.8937
BEL,TUR,2021,crm,0.0099,0.8937
BEL,UKR,2021,crm,0.001033,0.8937
BEL,USA,2021,crm,0.041308,0.8937
BEL,VEN,2021,crm,0.001564,0.8937
BEL,VNM,2021,crm,0.000327,0.8937
BEL,ZAF,2021,crm,0.039123,0.8937
BEL,TWN,2021,crm,0.006513,0.8937
BEL,ARG,2023,energy,0.000289,0.9275
BEL,AUS,2023,energy,0.006174,0.9275
BEL,BRA,2023,energy,0.00027,0.9275
BEL,CAN,2023,energy,0.00035,0.9275
BEL,CHE,2023,energy,1.7e-05,0.9275
BEL,CHL,2023,energy,0.0,0.9275
BEL,CHN,2023,energy,0.006787,0.9275
BEL,COL,2023,energy,0.000118,0.9275
BEL,DEU,2023,energy,0.024112,0.9275
BEL,DNK,2023,energy,0.001347,0.9275
BEL,EGY,2023,energy,2.3e-05,0.9275
BEL,ESP,2023,energy,0.00725,0.9275
BEL,FIN,2023,energy,0.007673,0.9275
BEL,FRA,2023,energy,0.07022,0.9275
BEL,GBR,2023,energy,0.100292,0.9275
BEL,HKG,2023,energy,0.0,0.9275
BEL,HUN,2023,energy,1.6e-05,0.9275
BEL,IDN,2023,energy,0.000242,0.9275
BEL,IND,2023,energy,0.001172,0.9275
BEL,ISR,2023,energy,0.000391,0.9275
BEL,ITA,2023,energy,0.003894,0.9275
BEL,JPN,2023,energy,0.000373,0.9275
BEL,KOR,2023,energy,0.001234,0.9275
BEL,MEX,2023,energy,0.0,0.9275
BEL,MYS,2023,energy,0.000316,0.9275
BEL,NLD,2023,energy,0.476711,0.9275
BEL,NOR,2023,energy,0.124137,0.9275
BEL,PER,2023,energy,9.2e-05,0.9275
BEL,PHL,2023,energy,0.0,0.9275
BEL,POL,2023,energy,0.003377,0.9275
BEL,PRT,2023,energy,0.000489,0.9275
BEL,RUS,2023,energy,0.031011,0.9275
BEL,SAU,2023,energy,0.006456,0.9275
BEL,SWE,2023,energy,0.0023,0.9275
BEL,THA,2023,energy,4e-06,0.9275
BEL,TUN,2023,energy,0.000192,0.9275
BEL,TUR,2023,energy,0.004858,0.9275
BEL,UKR,2023,energy,3.7e-05,0.9275
BEL,USA,2023,energy,0.043092,0.9275
BEL,VNM,2023,energy,1e-06,0.9275
BEL,ZAF,2023,energy,0.001487,0.9275
BEL,TWN,2023,energy,0.000692,0.9275
BEL,ARG,2023,crm,0.004959,0.87
BEL,AUS,2023,crm,0.005637,0.87
BEL,BRA,2023,crm,0.030356,0.87
BEL,CAN,2023,crm,0.035545,0.87
BEL,CHE,2023,crm,0.003709,0.87
BEL,CHL,2023,crm,0.001249,0.87
BEL,CHN,2023,crm,0.007946,0.87
BEL,COL,2023,crm,0.000338,0.87
BEL,DEU,2023,crm,0.215778,0.87
BEL,DNK,2023,crm,0.001136,0.87
BEL,EGY,2023,crm,0.000352,0.87
BEL,ESP,2023,crm,0.038098,0.87
BEL,FIN,2023,crm,0.007566,0.87
BEL,FRA,2023,crm,0.126118,0.87
BEL,GBR,2023,crm,0.043086,0.87
BEL,HKG,2023,crm,0.000202,0.87
BEL,HUN,2023,crm,0.001256,0.87
BEL,IDN,2023,crm,0.001494,0.87
BEL,IND,2023,crm,0.004724,0.87
BEL,ISR,2023,crm,0.000457,0.87
BEL,ITA,2023,crm,0.020735,0.87
BEL,JPN,2023,crm,0.005699,0.87
BEL,KOR,2023,crm,0.001642,0.87
BEL,MEX,2023,crm,0.011189,0.87
BEL,MYS,2023,crm,0.001447,0.87
BEL,NLD,2023,crm,0.161696,0.87
BEL,NOR,2023,crm,0.0009,0.87
BEL,PER,2023,crm,0.003425,0.87
BEL,PHL,2023,crm,0.000634,0.87
BEL,POL,2023,crm,0.009753,0.87
BEL,PRT,2023,crm,0.001791,0.87
BEL,RUS,2023,crm,0.005546,0.87
BEL,SAU,2023,crm,0.000828,0.87
BEL,SWE,2023,crm,0.019872,0.87
BEL,THA,2023,crm,0.001853,0.87
BEL,TUN,2023,crm,0.000719,0.87
BEL,TUR,2023,crm,0.009619,0.87
BEL,UKR,2023,crm,2e-06,0.87
BEL,USA,2023,crm,0.047803,0.87
BEL,VEN,2023,crm,5.6e-05,0.87
BEL,VNM,2023,crm,0.00045,0.87
BEL,ZAF,2023,crm,0.028971,0.87
BEL,TWN,2023,crm,0.005343,0.87
BRA,ARG,2019,energy,0.014301,0.7451
BRA,AUS,2019,energy,0.029604,0.7451
BRA,BEL,2019,energy,0.001923,0.7451
BRA,CAN,2019,energy,0.007889,0.7451
BRA,CHE,2019,energy,0.000139,0.7451
BRA,CHL,2019,energy,0.00026,0.7451
BRA,CHN,2019,energy,0.005712,0.7451
BRA,COL,2019,energy,0.024536,0.7451
BRA,DEU,2019,energy,0.002377,0.7451
BRA,DNK,2019,energy,1e-06,0.7451
BRA,EGY,2019,energy,0.000108,0.7451
BRA,ESP,2019,energy,0.020799,0.7451
BRA,FIN,2019,energy,2.8e-05,0.7451
BRA,FRA,2019,energy,0.003982,0.7451
BRA,GBR,2019,energy,0.002161,0.7451
BRA,HKG,2019,energy,7.3e-05,0.7451
BRA,HUN,2019,energy,0.0,0.7451
BRA,IND,2019,energy,0.021744,0.7451
BRA,ISR,2019,energy,7.8e-05,0.7451
BRA,ITA,2019,energy,0.00848,0.7451
BRA,JPN,2019,energy,0.001059,0.7451
BRA,KOR,2019,energy,0.002373,0.7451
BRA,MEX,2019,energy,0.000166,0.7451
BRA,MYS,2019,energy,0.001134,0.7451
BRA,NLD,2019,energy,0.034387,0.7451
BRA,NOR,2019,energy,0.003959,0.7451
BRA,PER,2019,energy,0.014938,0.7451
BRA,PHL,2019,energy,0.0,0.7451
BRA,POL,2019,energy,0.000586,0.7451
BRA,PRT,2019,energy,0.000764,0.7451
BRA,RUS,2019,energy,0.019207,0.7451
BRA,SAU,2019,energy,0.064586,0.7451
BRA,SWE,2019,energy,0.001507,0.7451
BRA,THA,2019,energy,2.7e-05,0.7451
BRA,TUN,2019,energy,0.000376,0.7451
BRA,TUR,2019,energy,2e-05,0.7451
BRA,UKR,2019,energy,0.0,0.7451
BRA,USA,2019,energy,0.452745,0.7451
BRA,VEN,2019,energy,0.000482,0.7451
BRA,ZAF,2019,energy,0.0026,0.7451
BRA,TWN,2019,energy,3e-06,0.7451
BRA,ARG,2019,crm,0.040362,0.9008
BRA,AUS,2019,crm,0.004444,0.9008
BRA,BEL,2019,crm,0.019415,0.9008
BRA,CAN,2019,crm,0.010257,0.9008
BRA,CHE,2019,crm,0.001283,0.9008
BRA,CHL,2019,crm,0.231566,0.9008
BRA,CHN,2019,crm,0.07343,0.9008
BRA,COL,2019,crm,0.003148,0.9008
BRA,DEU,2019,crm,0.028179,0.9008
BRA,DNK,2019,crm,0.00057,0.9008
BRA,EGY,2019,crm,0.000364,0.9008
BRA,ESP,2019,crm,0.013812,0.9008
BRA,FIN,2019,crm,0.002501,0.9008
BRA,FRA,2019,crm,0.005361,0.9008
BRA,GBR,2019,crm,0.012804,0.9008
BRA,HKG,2019,crm,0.003446,0.9008
BRA,HUN,2019,crm,0.000442,0.9008
BRA,IDN,2019,crm,0.002931,0.9008
BRA,IND,2019,crm,0.021022,0.9008
BRA,ISR,2019,crm,0.006455,0.9008
BRA,ITA,2019,crm,0.006452,0.9008
BRA,JPN,2019,crm,0.003373,0.9008
BRA,KOR,2019,crm,0.007297,0.9008
BRA,MEX,2019,crm,0.03073,0.9008
BRA,MYS,2019,crm,0.00075,0.9008
BRA,NLD,2019,crm,0.003449,0.9008
BRA,NOR,2019,crm,0.007314,0.9008
BRA,PER,2019,crm,0.139787,0.9008
BRA,PHL,2019,crm,1e-06,0.9008
BRA,POL,2019,crm,0.000761,0.9008
BRA,PRT,2019,crm,0.000343,0.9008
BRA,RUS,2019,crm,0.076995,0.9008
BRA,SAU,2019,crm,0.005109,0.9008
BRA,SWE,2019,crm,0.001536,0.9008
BRA,THA,2019,crm,0.000542,0.9008
BRA,TUN,2019,crm,8e-05,0.9008
BRA,TUR,2019,crm,0.002961,0.9008
BRA,UKR,2019,crm,0.000224,0.9008
BRA,USA,2019,crm,0.055394,0.9008
BRA,VEN,2019,crm,0.001511,0.9008
BRA,VNM,2019,crm,0.003731,0.9008
BRA,ZAF,2019,crm,0.068833,0.9008
BRA,TWN,2019,crm,0.001883,0.9008
BRA,ARG,2021,energy,0.048459,0.7943
BRA,AUS,2021,energy,0.028388,0.7943
BRA,BEL,2021,energy,0.003061,0.7943
BRA,CAN,2021,energy,0.001665,0.7943
BRA,CHE,2021,energy,0.000938,0.7943
BRA,CHL,2021,energy,6.3e-05,0.7943
BRA,CHN,2021,energy,0.007017,0.7943
BRA,COL,2021,energy,0.03303,0.7943
BRA,DEU,2021,energy,0.00262,0.7943
BRA,DNK,2021,energy,4e-06,0.7943
BRA,EGY,2021,energy,0.000377,0.7943
BRA,ESP,2021,energy,0.016301,0.7943
BRA,FIN,2021,energy,0.000121,0.7943
BRA,FRA,2021,energy,0.002336,0.7943
BRA,GBR,2021,energy,0.003287,0.7943
BRA,HKG,2021,energy,0.000148,0.7943
BRA,HUN,2021,energy,2e-06,0.7943
BRA,IDN,2021,energy,1e-06,0.7943
BRA,IND,2021,energy,0.044724,0.7943
BRA,ISR,2021,energy,4.4e-05,0.7943
BRA,ITA,2021,energy,0.003523,0.7943
BRA,JPN,2021,energy,0.00101,0.7943
BRA,KOR,2021,energy,0.002888,0.7943
BRA,MEX,2021,energy,0.000185,0.7943
BRA,MYS,2021,energy,0.008209,0.7943
BRA,NLD,2021,energy,0.021892,0.7943
BRA,NOR,2021,energy,2e-06,0.7943
BRA,PER,2021,energy,0.00406,0.7943
BRA,POL,2021,energy,0.000813,0.7943
BRA,PRT,2021,energy,0.000686,0.7943
BRA,RUS,2021,energy,0.033295,0.7943
BRA,SAU,2021,energy,0.056171,0.7943
BRA,SWE,2021,energy,0.002053,0.7943
BRA,THA,2021,energy,5.1e-05,0.7943
BRA,TUN,2021,energy,0.000242,0.7943
BRA,TUR,2021,energy,0.000534,0.7943
BRA,USA,2021,energy,0.463861,0.7943
BRA,ZAF,2021,energy,0.001835,0.7943
BRA,TWN,2021,energy,0.000427,0.7943
BRA,ARG,2021,crm,0.018268,0.8704
BRA,AUS,2021,crm,0.010259,0.8704
BRA,BEL,2021,crm,0.018503,0.8704
BRA,CAN,2021,crm,0.009931,0.8704
BRA,CHE,2021,crm,0.001785,0.8704
BRA,CHL,2021,crm,0.287371,0.8704
BRA,CHN,2021,crm,0.057794,0.8704
BRA,COL,2021,crm,0.005481,0.8704
BRA,DEU,2021,crm,0.029404,0.8704
BRA,DNK,2021,crm,0.000466,0.8704
BRA,EGY,2021,crm,0.000933,0.8704
BRA,ESP,2021,crm,0.015127,0.8704
BRA,FIN,2021,crm,0.001385,0.8704
BRA,FRA,2021,crm,0.004224,0.8704
BRA,GBR,2021,crm,0.0067,0.8704
BRA,HKG,2021,crm,0.003941,0.8704
BRA,HUN,2021,crm,0.000201,0.8704
BRA,IDN,2021,crm,0.003071,0.8704
BRA,IND,2021,crm,0.035761,0.8704
BRA,ISR,2021,crm,0.005579,0.8704
BRA,ITA,2021,crm,0.008347,0.8704
BRA,JPN,2021,crm,0.002974,0.8704
BRA,KOR,2021,crm,0.002653,0.8704
BRA,MEX,2021,crm,0.035355,0.8704
BRA,MYS,2021,crm,0.00352,0.8704
BRA,NLD,2021,crm,0.002375,0.8704
BRA,NOR,2021,crm,0.011482,0.8704
BRA,PER,2021,crm,0.087638,0.8704
BRA,POL,2021,crm,0.000467,0.8704
BRA,PRT,2021,crm,0.000472,0.8704
BRA,RUS,2021,crm,0.037333,0.8704
BRA,SAU,2021,crm,0.02573,0.8704
BRA,SWE,2021,crm,0.002549,0.8704
BRA,THA,2021,crm,0.002027,0.8704
BRA,TUN,2021,crm,4.4e-05,0.8704
BRA,TUR,2021,crm,0.003128,0.8704
BRA,UKR,2021,crm,7.9e-05,0.8704
BRA,USA,2021,crm,0.039047,0.8704
BRA,VEN,2021,crm,0.002763,0.8704
BRA,VNM,2021,crm,0.006779,0.8704
BRA,ZAF,2021,crm,0.078618,0.8704
BRA,TWN,2021,crm,0.000882,0.8704
BRA,ARG,2023,energy,0.036471,0.7614
BRA,AUS,2023,energy,0.047718,0.7614
BRA,BEL,2023,energy,0.009104,0.7614
BRA,CAN,2023,energy,0.003216,0.7614
BRA,CHE,2023,energy,0.002975,0.7614
BRA,CHL,2023,energy,7e-06,0.7614
BRA,CHN,2023,energy,0.018766,0.7614
BRA,COL,2023,energy,0.032822,0.7614
BRA,DEU,2023,energy,0.00272,0.7614
BRA,DNK,2023,energy,1.3e-05,0.7614
BRA,EGY,2023,energy,0.000449,0.7614
BRA,ESP,2023,energy,0.027365,0.7614
BRA,FIN,2023,energy,0.000163,0.7614
BRA,FRA,2023,energy,0.001271,0.7614
BRA,GBR,2023,energy,0.002032,0.7614
BRA,HKG,2023,energy,0.000182,0.7614
BRA,HUN,2023,energy,5.1e-05,0.7614
BRA,IDN,2023,energy,6e-06,0.7614
BRA,IND,2023,energy,0.025587,0.7614
BRA,ISR,2023,energy,0.000823,0.7614
BRA,ITA,2023,energy,0.001346,0.7614
BRA,JPN,2023,energy,0.002367,0.7614
BRA,KOR,2023,energy,0.003432,0.7614
BRA,MEX,2023,energy,8.1e-05,0.7614
BRA,MYS,2023,energy,0.001891,0.7614
BRA,NLD,2023,energy,0.037338,0.7614
BRA,NOR,2023,energy,8e-06,0.7614
BRA,PER,2023,energy,0.010236,0.7614
BRA,PHL,2023,energy,0.0,0.7614
BRA,POL,2023,energy,5.1e-05,0.7614
BRA,PRT,2023,energy,0.000386,0.7614
BRA,RUS,2023,energy,0.161947,0.7614
BRA,SAU,2023,energy,0.067057,0.7614
BRA,SWE,2023,energy,0.000246,0.7614
BRA,THA,2023,energy,9.9e-05,0.7614
BRA,TUR,2023,energy,0.000197,0.7614
BRA,USA,2023,energy,0.259357,0.7614
BRA,VEN,2023,energy,0.001082,0.7614
BRA,ZAF,2023,energy,0.002255,0.7614
BRA,TWN,2023,energy,0.000278,0.7614
BRA,ARG,2023,crm,0.028449,0.9124
BRA,AUS,2023,crm,0.006095,0.9124
BRA,BEL,2023,crm,0.033881,0.9124
BRA,CAN,2023,crm,0.013102,0.9124
BRA,CHE,2023,crm,0.001012,0.9124
BRA,CHL,2023,crm,0.307315,0.9124
BRA,CHN,2023,crm,0.075013,0.9124
BRA,COL,2023,crm,0.007821,0.9124
BRA,DEU,2023,crm,0.029466,0.9124
BRA,DNK,2023,crm,0.000755,0.9124
BRA,EGY,2023,crm,0.002944,0.9124
BRA,ESP,2023,crm,0.015001,0.9124
BRA,FIN,2023,crm,0.003875,0.9124
BRA,FRA,2023,crm,0.006516,0.9124
BRA,GBR,2023,crm,0.004142,0.9124
BRA,HKG,2023,crm,0.001815,0.9124
BRA,HUN,2023,crm,7.8e-05,0.9124
BRA,IDN,2023,crm,0.000237,0.9124
BRA,IND,2023,crm,0.031981,0.9124
BRA,ISR,2023,crm,0.001306,0.9124
BRA,ITA,2023,crm,0.005501,0.9124
BRA,JPN,2023,crm,0.002748,0.9124
BRA,KOR,2023,crm,0.003604,0.9124
BRA,MEX,2023,crm,0.056968,0.9124
BRA,MYS,2023,crm,0.001725,0.9124
BRA,NLD,2023,crm,0.002896,0.9124
BRA,NOR,2023,crm,0.009822,0.9124
BRA,PER,2023,crm,0.11533,0.9124
BRA,PHL,2023,crm,4e-06,0.9124
BRA,POL,2023,crm,0.000316,0.9124
BRA,PRT,2023,crm,0.000219,0.9124
BRA,RUS,2023,crm,0.009575,0.9124
BRA,SAU,2023,crm,0.01196,0.9124
BRA,SWE,2023,crm,0.002475,0.9124
BRA,THA,2023,crm,0.001478,0.9124
BRA,TUN,2023,crm,0.000679,0.9124
BRA,TUR,2023,crm,0.004055,0.9124
BRA,UKR,2023,crm,6.4e-05,0.9124
BRA,USA,2023,crm,0.060521,0.9124
BRA,VEN,2023,crm,0.013537,0.9124
BRA,VNM,2023,crm,0.003214,0.9124
BRA,ZAF,2023,crm,0.034221,0.9124
BRA,TWN,2023,crm,0.000726,0.9124
CAN,ARG,2019,energy,0.000273,0.9638
CAN,AUS,2019,energy,2e-06,0.9638
CAN,BEL,2019,energy,0.008047,0.9638
CAN,BRA,2019,energy,0.001414,0.9638
CAN,CHE,2019,energy,0.000911,0.9638
CAN,CHL,2019,energy,0.0,0.9638
CAN,CHN,2019,energy,0.002681,0.9638
CAN,COL,2019,energy,0.005284,0.9638
CAN,DEU,2019,energy,0.001381,0.9638
CAN,DNK,2019,energy,0.002015,0.9638
CAN,EGY,2019,energy,3.1e-05,0.9638
CAN,ESP,2019,energy,0.006694,0.9638
CAN,FIN,2019,energy,0.000775,0.9638
CAN,FRA,2019,energy,0.004076,0.9638
CAN,GBR,2019,energy,0.015427,0.9638
CAN,HKG,2019,energy,1e-06,0.9638
CAN,HUN,2019,energy,0.0,0.9638
CAN,IDN,2019,energy,3e-06,0.9638
CAN,IND,2019,energy,6.2e-05,0.9638
CAN,ISR,2019,energy,1.1e-05,0.9638
CAN,ITA,2019,energy,9.3e-05,0.9638
CAN,JPN,2019,energy,0.00156,0.9638
CAN,KOR,2019,energy,0.01407,0.9638
CAN,MEX,2019,energy,1.5e-05,0.9638
CAN,MYS,2019,energy,5e-06,0.9638
CAN,NLD,2019,energy,0.042382,0.9638
CAN,NOR,2019,energy,0.017254,0.9638
CAN,PER,2019,energy,0.0,0.9638
CAN,PHL,2019,energy,2e-06,0.9638
CAN,POL,2019,energy,0.000294,0.9638
CAN,PRT,2019,energy,0.0,0.9638
CAN,RUS,2019,energy,0.020793,0.9638
CAN,SAU,2019,energy,0.069766,0.9638
CAN,SWE,2019,energy,0.002445,0.9638
CAN,THA,2019,energy,0.000359,0.9638
CAN,TUR,2019,energy,1e-06,0.9638
CAN,UKR,2019,energy,3.5e-05,0.9638
CAN,USA,2019,energy,0.745578,0.9638
CAN,VNM,2019,energy,3e-06,0.9638
CAN,ZAF,2019,energy,1.3e-05,0.9638
CAN,TWN,2019,energy,7e-06,0.9638
CAN,ARG,2019,crm,0.00039,0.9353
CAN,AUS,2019,crm,0.037567,0.9353
CAN,BEL,2019,crm,0.009533,0.9353
CAN,BRA,2019,crm,0.095332,0.9353
CAN,CHE,2019,crm,0.003463,0.9353
CAN,CHL,2019,crm,0.037671,0.9353
CAN,CHN,2019,crm,0.053062,0.9353
CAN,COL,2019,crm,2.9e-05,0.9353
CAN,DEU,2019,crm,0.023465,0.9353
CAN,DNK,2019,crm,0.000106,0.9353
CAN,EGY,2019,crm,0.0009,0.9353
CAN,ESP,2019,crm,0.003672,0.9353
CAN,FIN,2019,crm,0.007496,0.9353
CAN,FRA,2019,crm,0.00504,0.9353
CAN,GBR,2019,crm,0.014437,0.9353
CAN,HKG,2019,crm,0.000513,0.9353
CAN,HUN,2019,crm,7.2e-05,0.9353
CAN,IDN,2019,crm,0.001345,0.9353
CAN,IND,2019,crm,0.003873,0.9353
CAN,ISR,2019,crm,0.002126,0.9353
CAN,ITA,2019,crm,0.008537,0.9353
CAN,JPN,2019,crm,0.001911,0.9353
CAN,KOR,2019,crm,0.006182,0.9353
CAN,MEX,2019,crm,0.029814,0.9353
CAN,MYS,2019,crm,0.00266,0.9353
CAN,NLD,2019,crm,0.002899,0.9353
CAN,NOR,2019,crm,0.000499,0.9353
CAN,PER,2019,crm,0.022782,0.9353
CAN,PHL,2019,crm,0.008075,0.9353
CAN,POL,2019,crm,0.001815,0.9353
CAN,PRT,2019,crm,0.000145,0.9353
CAN,RUS,2019,crm,0.012575,0.9353
CAN,SAU,2019,crm,0.011288,0.9353
CAN,SWE,2019,crm,0.000816,0.9353
CAN,THA,2019,crm,0.001102,0.9353
CAN,TUN,2019,crm,0.000664,0.9353
CAN,TUR,2019,crm,0.00461,0.9353
CAN,UKR,2019,crm,3.5e-05,0.9353
CAN,USA,2019,crm,0.487496,0.9353
CAN,VNM,2019,crm,0.004017,0.9353
CAN,ZAF,2019,crm,0.020454,0.9353
CAN,TWN,2019,crm,0.006846,0.9353
CAN,ARG,2021,energy,0.0,0.9179
CAN,AUS,2021,energy,4e-06,0.9179
CAN,BEL,2021,energy,0.011629,0.9179
CAN,BRA,2021,energy,0.001426,0.9179
CAN,CHE,2021,energy,0.000631,0.9179
CAN,CHL,2021,energy,0.0,0.9179
CAN,CHN,2021,energy,0.003248,0.9179
CAN,COL,2021,energy,0.013684,0.9179
CAN,DEU,2021,energy,0.00204,0.9179
CAN,DNK,2021,energy,0.002115,0.9179
CAN,EGY,2021,energy,0.002492,0.9179
CAN,ESP,2021,energy,0.005988,0.9179
CAN,FIN,2021,energy,0.003431,0.9179
CAN,FRA,2021,energy,0.001579,0.9179
CAN,GBR,2021,energy,0.008983,0.9179
CAN,HKG,2021,energy,3e-06,0.9179
CAN,HUN,2021,energy,0.0,0.9179
CAN,IDN,2021,energy,1e-06,0.9179
CAN,IND,2021,energy,0.001473,0.9179
CAN,ISR,2021,energy,3.8e-05,0.9179
CAN,ITA,2021,energy,0.002014,0.9179
CAN,JPN,2021,energy,0.000144,0.9179
CAN,KOR,2021,energy,0.00065,0.9179
CAN,MEX,2021,energy,2.7e-05,0.9179
CAN,MYS,2021,energy,5e-06,0.9179
CAN,NLD,2021,energy,0.034545,0.9179
CAN,NOR,2021,energy,0.009119,0.9179
CAN,PER,2021,energy,0.000501,0.9179
CAN,PHL,2021,energy,9e-06,0.9179
CAN,POL,2021,energy,1.4e-05,0.9179
CAN,PRT,2021,energy,9.9e-05,0.9179
CAN,RUS,2021,energy,0.010001,0.9179
CAN,SAU,2021,energy,0.058588,0.9179
CAN,SWE,2021,energy,0.006613,0.9179
CAN,THA,2021,energy,0.0,0.9179
CAN,TUR,2021,energy,0.002219,0.9179
CAN,UKR,2021,energy,1.1e-05,0.9179
CAN,USA,2021,energy,0.73449,0.9179
CAN,VNM,2021,energy,4e-06,0.9179
CAN,ZAF,2021,energy,8e-06,0.9179
CAN,TWN,2021,energy,4.8e-05,0.9179
CAN,ARG,2021,crm,0.005986,0.9084
CAN,AUS,2021,crm,0.024238,0.9084
CAN,BEL,2021,crm,0.014526,0.9084
CAN,BRA,2021,crm,0.069843,0.9084
CAN,CHE,2021,crm,0.012572,0.9084
CAN,CHL,2021,crm,0.031515,0.9084
CAN,CHN,2021,crm,0.054089,0.9084
CAN,COL,2021,crm,1.5e-05,0.9084
CAN,DEU,2021,crm,0.031715,0.9084
CAN,DNK,2021,crm,5.5e-05,0.9084
CAN,EGY,2021,crm,6.6e-05,0.9084
CAN,ESP,2021,crm,0.002538,0.9084
CAN,FIN,2021,crm,0.00262,0.9084
CAN,FRA,2021,crm,0.002527,0.9084
CAN,GBR,2021,crm,0.026525,0.9084
CAN,HKG,2021,crm,0.001249,0.9084
CAN,HUN,2021,crm,2.9e-05,0.9084
CAN,IDN,2021,crm,0.002015,0.9084
CAN,IND,2021,crm,0.003801,0.9084
CAN,ISR,2021,crm,0.001205,0.9084
CAN,ITA,2021,crm,0.016811,0.9084
CAN,JPN,2021,crm,0.001553,0.9084
CAN,KOR,2021,crm,0.011491,0.9084
CAN,MEX,2021,crm,0.025432,0.9084
CAN,MYS,2021,crm,0.002409,0.9084
CAN,NLD,2021,crm,0.002558,0.9084
CAN,NOR,2021,crm,0.000914,0.9084
CAN,PER,2021,crm,0.013731,0.9084
CAN,PHL,2021,crm,4.5e-05,0.9084
CAN,POL,2021,crm,0.010268,0.9084
CAN,PRT,2021,crm,8.5e-05,0.9084
CAN,RUS,2021,crm,0.019602,0.9084
CAN,SAU,2021,crm,0.004131,0.9084
CAN,SWE,2021,crm,0.000616,0.9084
CAN,THA,2021,crm,0.000928,0.9084
CAN,TUN,2021,crm,8.7e-05,0.9084
CAN,TUR,2021,crm,0.004379,0.9084
CAN,UKR,2021,crm,2.9e-05,0.9084
CAN,USA,2021,crm,0.445332,0.9084
CAN,VNM,2021,crm,0.004061,0.9084
CAN,ZAF,2021,crm,0.03651,0.9084
CAN,TWN,2021,crm,0.020249,0.9084
CAN,ARG,2023,energy,1.8e-05,0.9241
CAN,AUS,2023,energy,1e-06,0.9241
CAN,BEL,2023,energy,0.011632,0.9241
CAN,BRA,2023,energy,0.001771,0.9241
CAN,CHE,2023,energy,0.00114,0.9241
CAN,CHN,2023,energy,0.003275,0.9241
CAN,COL,2023,energy,0.009964,0.9241
CAN,DEU,2023,energy,0.005564,0.9241
CAN,DNK,2023,energy,0.001108,0.9241
CAN,EGY,2023,energy,0.0,0.9241
CAN,ESP,2023,energy,0.003948,0.9241
CAN,FIN,2023,energy,0.002139,0.9241
CAN,FRA,2023,energy,0.002928,0.9241
CAN,GBR,2023,energy,0.0171,0.9241
CAN,HKG,2023,energy,5e-06,0.9241
CAN,HUN,2023,energy,0.0,0.9241
CAN,IDN,2023,energy,1e-06,0.9241
CAN,IND,2023,energy,0.00185,0.9241
CAN,ISR,2023,energy,1.4e-05,0.9241
CAN,ITA,2023,energy,0.003314,0.9241
CAN,JPN,2023,energy,0.004186,0.9241
CAN,KOR,2023,energy,0.002533,0.9241
CAN,MEX,2023,energy,4.5e-05,0.9241
CAN,MYS,2023,energy,4e-06,0.9241
CAN,NLD,2023,energy,0.030115,0.9241
CAN,NOR,2023,energy,0.001009,0.9241
CAN,PER,2023,energy,0.000182,0.9241
CAN,PHL,2023,energy,1e-06,0.9241
CAN,POL,2023,energy,3e-06,0.9241
CAN,PRT,2023,energy,0.000683,0.9241
CAN,RUS,2023,energy,0.0,0.9241
CAN,SAU,2023,energy,0.03976,0.9241
CAN,SWE,2023,energy,0.003738,0.9241
CAN,THA,2023,energy,1e-06,0.9241
CAN,TUR,2023,energy,0.000292,0.9241
CAN,UKR,2023,energy,5e-06,0.9241
CAN,USA,2023,energy,0.775695,0.9241
CAN,VNM,2023,energy,6e-06,0.9241
CAN,ZAF,2023,energy,4e-06,0.9241
CAN,TWN,2023,energy,4.9e-05,0.9241
CAN,ARG,2023,crm,0.006859,0.9184
CAN,AUS,2023,crm,0.049264,0.9184
CAN,BEL,2023,crm,0.009039,0.9184
CAN,BRA,2023,crm,0.078256,0.9184
CAN,CHE,2023,crm,0.010034,0.9184
CAN,CHL,2023,crm,0.032666,0.9184
CAN,CHN,2023,crm,0.056365,0.9184
CAN,COL,2023,crm,3.5e-05,0.9184
CAN,DEU,2023,crm,0.03127,0.9184
CAN,DNK,2023,crm,3.1e-05,0.9184
CAN,EGY,2023,crm,0.000205,0.9184
CAN,ESP,2023,crm,0.003744,0.9184
CAN,FIN,2023,crm,0.012583,0.9184
CAN,FRA,2023,crm,0.002872,0.9184
CAN,GBR,2023,crm,0.009192,0.9184
CAN,HKG,2023,crm,0.000352,0.9184
CAN,HUN,2023,crm,1e-05,0.9184
CAN,IDN,2023,crm,0.000982,0.9184
CAN,IND,2023,crm,0.004417,0.9184
CAN,ISR,2023,crm,0.000517,0.9184
CAN,ITA,2023,crm,0.005449,0.9184
CAN,JPN,2023,crm,0.003718,0.9184
CAN,KOR,2023,crm,0.022672,0.9184
CAN,MEX,2023,crm,0.021159,0.9184
CAN,MYS,2023,crm,0.002253,0.9184
CAN,NLD,2023,crm,0.001953,0.9184
CAN,NOR,2023,crm,0.000461,0.9184
CAN,PER,2023,crm,0.011574,0.9184
CAN,PHL,2023,crm,1.2e-05,0.9184
CAN,POL,2023,crm,0.007291,0.9184
CAN,PRT,2023,crm,5.2e-05,0.9184
CAN,RUS,2023,crm,2e-06,0.9184
CAN,SAU,2023,crm,0.000599,0.9184
CAN,SWE,2023,crm,0.027238,0.9184
CAN,THA,2023,crm,0.001025,0.9184
CAN,TUN,2023,crm,3e-06,0.9184
CAN,TUR,2023,crm,0.004525,0.9184
CAN,UKR,2023,crm,1.2e-05,0.9184
CAN,USA,2023,crm,0.445115,0.9184
CAN,VNM,2023,crm,0.004906,0.9184
CAN,ZAF,2023,crm,0.027734,0.9184
CAN,TWN,2023,crm,0.021924,0.9184
CHE,AUS,2019,energy,1e-06,0.8468
CHE,BEL,2019,energy,0.074931,0.8468
CHE,BRA,2019,energy,4e-06,0.8468
CHE,CAN,2019,energy,0.000184,0.8468
CHE,CHN,2019,energy,0.000201,0.8468
CHE,COL,2019,energy,3e-06,0.8468
CHE,DEU,2019,energy,0.38597,0.8468
CHE,DNK,2019,energy,4.3e-05,0.8468
CHE,EGY,2019,energy,0.0,0.8468
CHE,ESP,2019,energy,0.000357,0.8468
CHE,FIN,2019,energy,0.000158,0.8468
CHE,FRA,2019,energy,0.20345,0.8468
CHE,GBR,2019,energy,0.001017,0.8468
CHE,HKG,2019,energy,0.0,0.8468
CHE,HUN,2019,energy,5.3e-05,0.8468
CHE,IDN,2019,energy,0.0,0.8468
CHE,IND,2019,energy,2e-06,0.8468
CHE,ISR,2019,energy,2.4e-05,0.8468
CHE,ITA,2019,energy,0.056406,0.8468
CHE,JPN,2019,energy,0.000132,0.8468
CHE,KOR,2019,energy,0.000107,0.8468
CHE,MEX,2019,energy,0.0,0.8468
CHE,MYS,2019,energy,1.2e-05,0.8468
CHE,NLD,2019,energy,0.097863,0.8468
CHE,NOR,2019,energy,0.000183,0.8468
CHE,POL,2019,energy,0.000311,0.8468
CHE,PRT,2019,energy,2e-06,0.8468
CHE,RUS,2019,energy,0.004289,0.8468
CHE,SAU,2019,energy,2e-06,0.8468
CHE,SWE,2019,energy,0.001004,0.8468
CHE,THA,2019,energy,0.0,0.8468
CHE,TUN,2019,energy,0.0,0.8468
CHE,TUR,2019,energy,1.8e-05,0.8468
CHE,UKR,2019,energy,7.6e-05,0.8468
CHE,USA,2019,energy,0.019864,0.8468
CHE,VNM,2019,energy,3.8e-05,0.8468
CHE,ZAF,2019,energy,7.9e-05,0.8468
CHE,TWN,2019,energy,6e-06,0.8468
CHE,ARG,2019,crm,0.015361,0.902
CHE,AUS,2019,crm,0.002639,0.902
CHE,BEL,2019,crm,0.016894,0.902
CHE,BRA,2019,crm,0.00011,0.902
CHE,CAN,2019,crm,0.007568,0.902
CHE,CHL,2019,crm,0.003387,0.902
CHE,CHN,2019,crm,0.010843,0.902
CHE,COL,2019,crm,2e-06,0.902
CHE,DEU,2019,crm,0.274587,0.902
CHE,DNK,2019,crm,0.000589,0.902
CHE,EGY,2019,crm,8e-06,0.902
CHE,ESP,2019,crm,0.010227,0.902
CHE,FIN,2019,crm,0.003175,0.902
CHE,FRA,2019,crm,0.075585,0.902
CHE,GBR,2019,crm,0.033921,0.902
CHE,HKG,2019,crm,0.007437,0.902
CHE,HUN,2019,crm,0.001113,0.902
CHE,IDN,2019,crm,0.000328,0.902
CHE,IND,2019,crm,0.003383,0.902
CHE,ISR,2019,crm,0.000555,0.902
CHE,ITA,2019,crm,0.116781,0.902
CHE,JPN,2019,crm,0.024654,0.902
CHE,KOR,2019,crm,0.005555,0.902
CHE,MEX,2019,crm,0.00495,0.902
CHE,MYS,2019,crm,7.5e-05,0.902
CHE,NLD,2019,crm,0.006754,0.902
CHE,NOR,2019,crm,0.017666,0.902
CHE,PER,2019,crm,0.011108,0.902
CHE,PHL,2019,crm,1e-05,0.902
CHE,POL,2019,crm,0.016523,0.902
CHE,PRT,2019,crm,0.000988,0.902
CHE,RUS,2019,crm,0.01298,0.902
CHE,SAU,2019,crm,0.021334,0.902
CHE,SWE,2019,crm,0.00087,0.902
CHE,THA,2019,crm,7.7e-05,0.902
CHE,TUN,2019,crm,2.5e-05,0.902
CHE,TUR,2019,crm,0.014295,0.902
CHE,UKR,2019,crm,2.8e-05,0.902
CHE,USA,2019,crm,0.137845,0.902
CHE,VNM,2019,crm,2.4e-05,0.902
CHE,ZAF,2019,crm,0.039769,0.902
CHE,TWN,2019,crm,0.001988,0.902
CHE,ARG,2021,energy,0.0,0.8643
CHE,AUS,2021,energy,2e-06,0.8643
CHE,BEL,2021,energy,0.027738,0.8643
CHE,BRA,2021,energy,2e-06,0.8643
CHE,CAN,2021,energy,0.000193,0.8643
CHE,CHN,2021,energy,0.000349,0.8643
CHE,COL,2021,energy,2e-06,0.8643
CHE,DEU,2021,energy,0.393785,0.8643
CHE,DNK,2021,energy,9.3e-05,0.8643
CHE,EGY,2021,energy,6e-06,0.8643
CHE,ESP,2021,energy,0.000342,0.8643
CHE,FIN,2021,energy,9e-05,0.8643
CHE,FRA,2021,energy,0.277925,0.8643
CHE,GBR,2021,energy,0.000384,0.8643
CHE,HKG,2021,energy,0.0,0.8643
CHE,HUN,2021,energy,0.000107,0.8643
CHE,IDN,2021,energy,0.0,0.8643
CHE,IND,2021,energy,1e-06,0.8643
CHE,ISR,2021,energy,1.3e-05,0.8643
CHE,ITA,2021,energy,0.065373,0.8643
CHE,JPN,2021,energy,0.000111,0.8643
CHE,KOR,2021,energy,0.000116,0.8643
CHE,MEX,2021,energy,1e-06,0.8643
CHE,MYS,2021,energy,6e-06,0.8643
CHE,NLD,2021,energy,0.058212,0.8643
CHE,NOR,2021,energy,0.000203,0.8643
CHE,PHL,2021,energy,0.0,0.8643
CHE,POL,2021,energy,0.000333,0.8643
CHE,PRT,2021,energy,0.0,0.8643
CHE,RUS,2021,energy,0.001662,0.8643
CHE,SAU,2021,energy,0.0,0.8643
CHE,SWE,2021,energy,0.000806,0.8643
CHE,THA,2021,energy,0.0,0.8643
CHE,TUN,2021,energy,0.0,0.8643
CHE,TUR,2021,energy,3e-06,0.8643
CHE,UKR,2021,energy,1e-06,0.8643
CHE,USA,2021,energy,0.036341,0.8643
CHE,VNM,2021,energy,1e-06,0.8643
CHE,ZAF,2021,energy,5e-05,0.8643
CHE,TWN,2021,energy,1.2e-05,0.8643
CHE,ARG,2021,crm,0.01844,0.9143
CHE,AUS,2021,crm,0.003703,0.9143
CHE,BEL,2021,crm,0.019533,0.9143
CHE,BRA,2021,crm,0.000709,0.9143
CHE,CAN,2021,crm,0.016263,0.9143
CHE,CHL,2021,crm,0.005234,0.9143
CHE,CHN,2021,crm,0.018351,0.9143
CHE,COL,2021,crm,6e-06,0.9143
CHE,DEU,2021,crm,0.216141,0.9143
CHE,DNK,2021,crm,0.000428,0.9143
CHE,EGY,2021,crm,2.3e-05,0.9143
CHE,ESP,2021,crm,0.008607,0.9143
CHE,FIN,2021,crm,0.018726,0.9143
CHE,FRA,2021,crm,0.057228,0.9143
CHE,GBR,2021,crm,0.05097,0.9143
CHE,HKG,2021,crm,0.087506,0.9143
CHE,HUN,2021,crm,0.000828,0.9143
CHE,IDN,2021,crm,0.003458,0.9143
CHE,IND,2021,crm,0.001434,0.9143
CHE,ISR,2021,crm,0.000441,0.9143
CHE,ITA,2021,crm,0.097767,0.9143
CHE,JPN,2021,crm,0.02833,0.9143
CHE,KOR,2021,crm,0.005943,0.9143
CHE,MEX,2021,crm,0.002779,0.9143
CHE,MYS,2021,crm,0.001069,0.9143
CHE,NLD,2021,crm,0.005358,0.9143
CHE,NOR,2021,crm,0.013172,0.9143
CHE,PER,2021,crm,0.009865,0.9143
CHE,PHL,2021,crm,5.4e-05,0.9143
CHE,POL,2021,crm,0.014926,0.9143
CHE,PRT,2021,crm,0.000779,0.9143
CHE,RUS,2021,crm,0.015669,0.9143
CHE,SAU,2021,crm,0.020253,0.9143
CHE,SWE,2021,crm,0.01262,0.9143
CHE,THA,2021,crm,0.000227,0.9143
CHE,TUN,2021,crm,4e-06,0.9143
CHE,TUR,2021,crm,0.014361,0.9143
CHE,UKR,2021,crm,0.002143,0.9143
CHE,USA,2021,crm,0.109001,0.9143
CHE,VNM,2021,crm,2.7e-05,0.9143
CHE,ZAF,2021,crm,0.028242,0.9143
CHE,TWN,2021,crm,0.003678,0.9143
CHE,ARG,2023,energy,3e-06,0.8919
CHE,AUS,2023,energy,2e-06,0.8919
CHE,BEL,2023,energy,0.030107,0.8919
CHE,BRA,2023,energy,0.0,0.8919
CHE,CAN,2023,energy,0.000148,0.8919
CHE,CHN,2023,energy,0.000492,0.8919
CHE,COL,2023,energy,2e-06,0.8919
CHE,DEU,2023,energy,0.371564,0.8919
CHE,DNK,2023,energy,4.1e-05,0.8919
CHE,EGY,2023,energy,0.0,0.8919
CHE,ESP,2023,energy,0.000247,0.8919
CHE,FIN,2023,energy,0.000266,0.8919
CHE,FRA,2023,energy,0.317715,0.8919
CHE,GBR,2023,energy,0.000741,0.8919
CHE,HKG,2023,energy,0.0,0.8919
CHE,HUN,2023,energy,8.9e-05,0.8919
CHE,IDN,2023,energy,4e-06,0.8919
CHE,IND,2023,energy,2e-06,0.8919
CHE,ISR,2023,energy,1e-05,0.8919
CHE,ITA,2023,energy,0.04215,0.8919
CHE,JPN,2023,energy,9.6e-05,0.8919
CHE,KOR,2023,energy,0.000214,0.8919
CHE,MEX,2023,energy,0.0,0.8919
CHE,MYS,2023,energy,8e-06,0.8919
CHE,NLD,2023,energy,0.057371,0.8919
CHE,NOR,2023,energy,0.001343,0.8919
CHE,PER,2023,energy,6e-06,0.8919
CHE,POL,2023,energy,0.00019,0.8919
CHE,PRT,2023,energy,1e-06,0.8919
CHE,RUS,2023,energy,4.6e-05,0.8919
CHE,SAU,2023,energy,0.0,0.8919
CHE,SWE,2023,energy,0.000592,0.8919
CHE,THA,2023,energy,1e-06,0.8919
CHE,TUN,2023,energy,1e-06,0.8919
CHE,TUR,2023,energy,5e-05,0.8919
CHE,UKR,2023,energy,0.0,0.8919
CHE,USA,2023,energy,0.067845,0.8919
CHE,VNM,2023,energy,0.0,0.8919
CHE,ZAF,2023,energy,0.000518,0.8919
CHE,TWN,2023,energy,5e-06,0.8919
CHE,ARG,2023,crm,0.011081,0.9244
CHE,AUS,2023,crm,0.006919,0.9244
CHE,BEL,2023,crm,0.017424,0.9244
CHE,BRA,2023,crm,0.000114,0.9244
CHE,CAN,2023,crm,0.008713,0.9244
CHE,CHL,2023,crm,0.008352,0.9244
CHE,CHN,2023,crm,0.058428,0.9244
CHE,COL,2023,crm,0.001748,0.9244
CHE,DEU,2023,crm,0.271253,0.9244
CHE,DNK,2023,crm,0.000693,0.9244
CHE,EGY,2023,crm,3.3e-05,0.9244
CHE,ESP,2023,crm,0.009198,0.9244
CHE,FIN,2023,crm,0.006511,0.9244
CHE,FRA,2023,crm,0.096546,0.9244
CHE,GBR,2023,crm,0.021831,0.9244
CHE,HKG,2023,crm,0.05206,0.9244
CHE,HUN,2023,crm,0.001009,0.9244
CHE,IDN,2023,crm,0.001885,0.9244
CHE,IND,2023,crm,0.023606,0.9244
CHE,ISR,2023,crm,0.000454,0.9244
CHE,ITA,2023,crm,0.124023,0.9244
CHE,JPN,2023,crm,0.00684,0.9244
CHE,KOR,2023,crm,0.010014,0.9244
CHE,MEX,2023,crm,0.000188,0.9244
CHE,MYS,2023,crm,0.005951,0.9244
CHE,NLD,2023,crm,0.005209,0.9244
CHE,NOR,2023,crm,0.015518,0.9244
CHE,PER,2023,crm,0.009714,0.9244
CHE,PHL,2023,crm,0.0,0.9244
CHE,POL,2023,crm,0.018548,0.9244
CHE,PRT,2023,crm,0.000893,0.9244
CHE,RUS,2023,crm,0.00206,0.9244
CHE,SAU,2023,crm,0.018031,0.9244
CHE,SWE,2023,crm,0.009864,0.9244
CHE,THA,2023,crm,0.000427,0.9244
CHE,TUN,2023,crm,8e-06,0.9244
CHE,TUR,2023,crm,0.02265,0.9244
CHE,UKR,2023,crm,0.000177,0.9244
CHE,USA,2023,crm,0.069599,0.9244
CHE,VNM,2023,crm,0.000167,0.9244
CHE,ZAF,2023,crm,0.005591,0.9244
CHE,TWN,2023,crm,0.001095,0.9244
CHL,ARG,2019,energy,0.062258,0.8024
CHL,AUS,2019,energy,0.009683,0.8024
CHL,BEL,2019,energy,0.000762,0.8024
CHL,BRA,2019,energy,0.134039,0.8024
CHL,CAN,2019,energy,0.003355,0.8024
CHL,CHE,2019,energy,2.9e-05,0.8024
CHL,CHN,2019,energy,0.002546,0.8024
CHL,COL,2019,energy,0.058231,0.8024
CHL,DEU,2019,energy,0.001817,0.8024
CHL,DNK,2019,energy,1.7e-05,0.8024
CHL,ESP,2019,energy,0.000684,0.8024
CHL,FIN,2019,energy,2.3e-05,0.8024
CHL,FRA,2019,energy,0.000712,0.8024
CHL,GBR,2019,energy,0.000119,0.8024
CHL,HUN,2019,energy,2e-06,0.8024
CHL,IDN,2019,energy,1e-06,0.8024
CHL,IND,2019,energy,0.000153,0.8024
CHL,ISR,2019,energy,7e-06,0.8024
CHL,ITA,2019,energy,0.000511,0.8024
CHL,JPN,2019,energy,0.053983,0.8024
CHL,KOR,2019,energy,0.005546,0.8024
CHL,MEX,2019,energy,0.000268,0.8024
CHL,MYS,2019,energy,0.000241,0.8024
CHL,NLD,2019,energy,0.000494,0.8024
CHL,NOR,2019,energy,0.0,0.8024
CHL,PER,2019,energy,0.007707,0.8024
CHL,PHL,2019,energy,0.0,0.8024
CHL,POL,2019,energy,3.4e-05,0.8024
CHL,PRT,2019,energy,4.1e-05,0.8024
CHL,RUS,2019,energy,0.000477,0.8024
CHL,SWE,2019,energy,0.000208,0.8024
CHL,THA,2019,energy,3.4e-05,0.8024
CHL,TUR,2019,energy,8.1e-05,0.8024
CHL,UKR,2019,energy,3.1e-05,0.8024
CHL,USA,2019,energy,0.458235,0.8024
CHL,VEN,2019,energy,3e-06,0.8024
CHL,VNM,2019,energy,0.0,0.8024
CHL,ZAF,2019,energy,3.6e-05,0.8024
CHL,TWN,2019,energy,5e-06,0.8024
CHL,ARG,2019,crm,0.091535,0.9615
CHL,AUS,2019,crm,0.000353,0.9615
CHL,BEL,2019,crm,0.004408,0.9615
CHL,BRA,2019,crm,0.082855,0.9615
CHL,CAN,2019,crm,0.040246,0.9615
CHL,CHE,2019,crm,0.000185,0.9615
CHL,CHN,2019,crm,0.148058,0.9615
CHL,COL,2019,crm,0.020281,0.9615
CHL,DEU,2019,crm,0.012345,0.9615
CHL,DNK,2019,crm,0.000655,0.9615
CHL,EGY,2019,crm,1.7e-05,0.9615
CHL,ESP,2019,crm,0.015387,0.9615
CHL,FIN,2019,crm,0.001132,0.9615
CHL,FRA,2019,crm,0.010697,0.9615
CHL,GBR,2019,crm,0.002386,0.9615
CHL,HKG,2019,crm,1.6e-05,0.9615
CHL,HUN,2019,crm,0.002289,0.9615
CHL,IDN,2019,crm,1e-05,0.9615
CHL,IND,2019,crm,0.008217,0.9615
CHL,ISR,2019,crm,0.000201,0.9615
CHL,ITA,2019,crm,0.018429,0.9615
CHL,JPN,2019,crm,0.001184,0.9615
CHL,KOR,2019,crm,0.028228,0.9615
CHL,MEX,2019,crm,0.10033,0.9615
CHL,MYS,2019,crm,8.2e-05,0.9615
CHL,NLD,2019,crm,0.00195,0.9615
CHL,NOR,2019,crm,0.000182,0.9615
CHL,PER,2019,crm,0.305735,0.9615
CHL,POL,2019,crm,0.000476,0.9615
CHL,PRT,2019,crm,6.3e-05,0.9615
CHL,RUS,2019,crm,0.000241,0.9615
CHL,SAU,2019,crm,0.0,0.9615
CHL,SWE,2019,crm,0.00106,0.9615
CHL,THA,2019,crm,0.000236,0.9615
CHL,TUN,2019,crm,6e-06,0.9615
CHL,TUR,2019,crm,0.003424,0.9615
CHL,UKR,2019,crm,1.7e-05,0.9615
CHL,USA,2019,crm,0.050662,0.9615
CHL,VEN,2019,crm,1e-06,0.9615
CHL,VNM,2019,crm,0.00184,0.9615
CHL,ZAF,2019,crm,0.005789,0.9615
CHL,TWN,2019,crm,0.000278,0.9615
CHL,ARG,2021,energy,0.040999,0.8563
CHL,AUS,2021,energy,0.020214,0.8563
CHL,BEL,2021,energy,0.000436,0.8563
CHL,BRA,2021,energy,0.156061,0.8563
CHL,CAN,2021,energy,0.028653,0.8563
CHL,CHE,2021,energy,0.000184,0.8563
CHL,CHN,2021,energy,0.020619,0.8563
CHL,COL,2021,energy,0.044999,0.8563
CHL,DEU,2021,energy,0.002473,0.8563
CHL,DNK,2021,energy,3e-05,0.8563
CHL,EGY,2021,energy,5e-06,0.8563
CHL,ESP,2021,energy,0.001331,0.8563
CHL,FIN,2021,energy,8.7e-05,0.8563
CHL,FRA,2021,energy,0.000807,0.8563
CHL,GBR,2021,energy,0.000126,0.8563
CHL,HKG,2021,energy,0.0,0.8563
CHL,HUN,2021,energy,1e-06,0.8563
CHL,IDN,2021,energy,1e-06,0.8563
CHL,IND,2021,energy,9.8e-05,0.8563
CHL,ISR,2021,energy,8e-06,0.8563
CHL,ITA,2021,energy,0.000297,0.8563
CHL,JPN,2021,energy,0.021006,0.8563
CHL,KOR,2021,energy,0.009693,0.8563
CHL,MEX,2021,energy,0.000196,0.8563
CHL,MYS,2021,energy,0.000225,0.8563
CHL,NLD,2021,energy,0.001324,0.8563
CHL,NOR,2021,energy,0.0,0.8563
CHL,PER,2021,energy,0.00641,0.8563
CHL,POL,2021,energy,1e-06,0.8563
CHL,PRT,2021,energy,2e-06,0.8563
CHL,RUS,2021,energy,0.007237,0.8563
CHL,SAU,2021,energy,2e-06,0.8563
CHL,SWE,2021,energy,0.000119,0.8563
CHL,THA,2021,energy,6.3e-05,0.8563
CHL,TUR,2021,energy,9.8e-05,0.8563
CHL,UKR,2021,energy,6.9e-05,0.8563
CHL,USA,2021,energy,0.492394,0.8563
CHL,VEN,2021,energy,2e-06,0.8563
CHL,VNM,2021,energy,0.0,0.8563
CHL,ZAF,2021,energy,5.1e-05,0.8563
CHL,TWN,2021,energy,1.4e-05,0.8563
CHL,ARG,2021,crm,0.047837,0.9456
CHL,AUS,2021,crm,0.000248,0.9456
CHL,BEL,2021,crm,0.001618,0.9456
CHL,BRA,2021,crm,0.107113,0.9456
CHL,CAN,2021,crm,0.033078,0.9456
CHL,CHE,2021,crm,0.000218,0.9456
CHL,CHN,2021,crm,0.130945,0.9456
CHL,COL,2021,crm,0.011479,0.9456
CHL,DEU,2021,crm,0.007483,0.9456
CHL,DNK,2021,crm,0.000236,0.9456
CHL,EGY,2021,crm,2.3e-05,0.9456
CHL,ESP,2021,crm,0.010334,0.9456
CHL,FIN,2021,crm,0.000834,0.9456
CHL,FRA,2021,crm,0.005889,0.9456
CHL,GBR,2021,crm,0.001542,0.9456
CHL,HKG,2021,crm,8e-06,0.9456
CHL,HUN,2021,crm,0.001179,0.9456
CHL,IDN,2021,crm,0.000147,0.9456
CHL,IND,2021,crm,0.002814,0.9456
CHL,ISR,2021,crm,0.000109,0.9456
CHL,ITA,2021,crm,0.00935,0.9456
CHL,JPN,2021,crm,0.001517,0.9456
CHL,KOR,2021,crm,0.028935,0.9456
CHL,MEX,2021,crm,0.104154,0.9456
CHL,MYS,2021,crm,0.000156,0.9456
CHL,NLD,2021,crm,0.00062,0.9456
CHL,NOR,2021,crm,0.000109,0.9456
CHL,PER,2021,crm,0.355831,0.9456
CHL,POL,2021,crm,6.6e-05,0.9456
CHL,PRT,2021,crm,1.5e-05,0.9456
CHL,RUS,2021,crm,0.000734,0.9456
CHL,SWE,2021,crm,0.000717,0.9456
CHL,THA,2021,crm,2.1e-05,0.9456
CHL,TUR,2021,crm,0.003347,0.9456
CHL,UKR,2021,crm,2e-06,0.9456
CHL,USA,2021,crm,0.070436,0.9456
CHL,VEN,2021,crm,0.00011,0.9456
CHL,VNM,2021,crm,0.003273,0.9456
CHL,ZAF,2021,crm,0.002889,0.9456
CHL,TWN,2021,crm,0.000231,0.9456
CHL,ARG,2023,energy,0.110839,0.8724
CHL,AUS,2023,energy,0.024158,0.8724
CHL,BEL,2023,energy,0.000394,0.8724
CHL,BRA,2023,energy,0.204667,0.8724
CHL,CAN,2023,energy,0.004314,0.8724
CHL,CHE,2023,energy,3.4e-05,0.8724
CHL,CHN,2023,energy,0.00493,0.8724
CHL,COL,2023,energy,0.02999,0.8724
CHL,DEU,2023,energy,0.001708,0.8724
CHL,DNK,2023,energy,1.3e-05,0.8724
CHL,EGY,2023,energy,0.001142,0.8724
CHL,ESP,2023,energy,0.003337,0.8724
CHL,FIN,2023,energy,8.4e-05,0.8724
CHL,FRA,2023,energy,0.001005,0.8724
CHL,GBR,2023,energy,5.9e-05,0.8724
CHL,HKG,2023,energy,0.0,0.8724
CHL,HUN,2023,energy,0.0,0.8724
CHL,IDN,2023,energy,1e-06,0.8724
CHL,IND,2023,energy,0.000201,0.8724
CHL,ISR,2023,energy,0.0,0.8724
CHL,ITA,2023,energy,0.000164,0.8724
CHL,JPN,2023,energy,0.036867,0.8724
CHL,KOR,2023,energy,0.00841,0.8724
CHL,MEX,2023,energy,0.000137,0.8724
CHL,MYS,2023,energy,0.0001,0.8724
CHL,NLD,2023,energy,0.000418,0.8724
CHL,NOR,2023,energy,0.0,0.8724
CHL,PER,2023,energy,0.002971,0.8724
CHL,PHL,2023,energy,0.0,0.8724
CHL,POL,2023,energy,1e-06,0.8724
CHL,PRT,2023,energy,1e-06,0.8724
CHL,RUS,2023,energy,2e-06,0.8724
CHL,SWE,2023,energy,0.000106,0.8724
CHL,THA,2023,energy,5.8e-05,0.8724
CHL,TUR,2023,energy,0.000326,0.8724
CHL,UKR,2023,energy,5.9e-05,0.8724
CHL,USA,2023,energy,0.435894,0.8724
CHL,VEN,2023,energy,1e-06,0.8724
CHL,ZAF,2023,energy,1.2e-05,0.8724
CHL,TWN,2023,energy,4e-06,0.8724
CHL,ARG,2023,crm,0.046844,0.9776
CHL,AUS,2023,crm,0.007618,0.9776
CHL,BEL,2023,crm,0.000572,0.9776
CHL,BRA,2023,crm,0.148372,0.9776
CHL,CAN,2023,crm,0.028242,0.9776
CHL,CHE,2023,crm,0.000798,0.9776
CHL,CHN,2023,crm,0.118214,0.9776
CHL,COL,2023,crm,0.001286,0.9776
CHL,DEU,2023,crm,0.007257,0.9776
CHL,DNK,2023,crm,0.000449,0.9776
CHL,EGY,2023,crm,0.0,0.9776
CHL,ESP,2023,crm,0.010553,0.9776
CHL,FIN,2023,crm,0.000667,0.9776
CHL,FRA,2023,crm,0.009209,0.9776
CHL,GBR,2023,crm,0.002177,0.9776
CHL,HKG,2023,crm,5e-06,0.9776
CHL,HUN,2023,crm,0.001276,0.9776
CHL,IDN,2023,crm,9.6e-05,0.9776
CHL,IND,2023,crm,0.000946,0.9776
CHL,ISR,2023,crm,0.000266,0.9776
CHL,ITA,2023,crm,0.008316,0.9776
CHL,JPN,2023,crm,0.003501,0.9776
CHL,KOR,2023,crm,0.003559,0.9776
CHL,MEX,2023,crm,0.046859,0.9776
CHL,MYS,2023,crm,2.6e-05,0.9776
CHL,NLD,2023,crm,0.00037,0.9776
CHL,NOR,2023,crm,0.00015,0.9776
CHL,PER,2023,crm,0.454891,0.9776
CHL,PHL,2023,crm,0.0,0.9776
CHL,POL,2023,crm,4.3e-05,0.9776
CHL,PRT,2023,crm,0.000278,0.9776
CHL,RUS,2023,crm,0.000106,0.9776
CHL,SAU,2023,crm,5.2e-05,0.9776
CHL,SWE,2023,crm,0.00048,0.9776
CHL,THA,2023,crm,8e-06,0.9776
CHL,TUN,2023,crm,4e-06,0.9776
CHL,TUR,2023,crm,0.004618,0.9776
CHL,UKR,2023,crm,1e-06,0.9776
CHL,USA,2023,crm,0.066491,0.9776
CHL,VNM,2023,crm,4.2e-05,0.9776
CHL,ZAF,2023,crm,0.002683,0.9776
CHL,TWN,2023,crm,0.000237,0.9776
CHN,ARG,2019,energy,0.000736,0.5556
CHN,AUS,2019,energy,0.069507,0.5556
CHN,BEL,2019,energy,0.000408,0.5556
CHN,BRA,2019,energy,0.054981,0.5556
CHN,CAN,2019,energy,0.005084,0.5556
CHN,CHE,2019,energy,2.7e-05,0.5556
CHN,CHL,2019,energy,4.4e-05,0.5556
CHN,COL,2019,energy,0.016509,0.5556
CHN,DEU,2019,energy,0.001425,0.5556
CHN,DNK,2019,energy,4e-06,0.5556
CHN,EGY,2019,energy,0.001517,0.5556
CHN,ESP,2019,energy,0.00013,0.5556
CHN,FIN,2019,energy,5.4e-05,0.5556
CHN,FRA,2019,energy,0.000802,0.5556
CHN,GBR,2019,energy,0.0198,0.5556
CHN,HKG,2019,energy,0.000294,0.5556
CHN,HUN,2019,energy,0.0,0.5556
CHN,IDN,2019,energy,0.0284,0.5556
CHN,IND,2019,energy,0.001391,0.5556
CHN,ISR,2019,energy,2e-06,0.5556
CHN,ITA,2019,energy,0.000383,0.5556
CHN,JPN,2019,energy,0.005879,0.5556
CHN,KOR,2019,energy,0.028722,0.5556
CHN,MEX,2019,energy,0.000841,0.5556
CHN,MYS,2019,energy,0.03987,0.5556
CHN,NLD,2019,energy,0.00111,0.5556
CHN,NOR,2019,energy,0.002317,0.5556
CHN,PER,2019,energy,0.000863,0.5556
CHN,PHL,2019,energy,0.001453,0.5556
CHN,POL,2019,energy,3e-06,0.5556
CHN,PRT,2019,energy,0.0,0.5556
CHN,RUS,2019,energy,0.122404,0.5556
CHN,SAU,2019,energy,0.118413,0.5556
CHN,SWE,2019,energy,0.000103,0.5556
CHN,THA,2019,energy,0.00297,0.5556
CHN,TUR,2019,energy,2.5e-05,0.5556
CHN,UKR,2019,energy,3e-06,0.5556
CHN,USA,2019,energy,0.012244,0.5556
CHN,VEN,2019,energy,0.013039,0.5556
CHN,VNM,2019,energy,0.001826,0.5556
CHN,ZAF,2019,energy,5.1e-05,0.5556
CHN,TWN,2019,energy,0.001985,0.5556
CHN,ARG,2019,crm,2e-06,0.8533
CHN,AUS,2019,crm,0.31518,0.8533
CHN,BEL,2019,crm,0.00284,0.8533
CHN,BRA,2019,crm,0.103738,0.8533
CHN,CAN,2019,crm,0.013873,0.8533
CHN,CHE,2019,crm,0.000262,0.8533
CHN,CHL,2019,crm,0.087184,0.8533
CHN,COL,2019,crm,0.000415,0.8533
CHN,DEU,2019,crm,0.005979,0.8533
CHN,DNK,2019,crm,0.000102,0.8533
CHN,EGY,2019,crm,0.000458,0.8533
CHN,ESP,2019,crm,0.007124,0.8533
CHN,FIN,2019,crm,0.002269,0.8533
CHN,FRA,2019,crm,0.001455,0.8533
CHN,GBR,2019,crm,0.004601,0.8533
CHN,HKG,2019,crm,0.007366,0.8533
CHN,HUN,2019,crm,0.000178,0.8533
CHN,IDN,2019,crm,0.018432,0.8533
CHN,IND,2019,crm,0.016215,0.8533
CHN,ISR,2019,crm,4.5e-05,0.8533
CHN,ITA,2019,crm,0.002614,0.8533
CHN,JPN,2019,crm,0.023741,0.8533
CHN,KOR,2019,crm,0.015679,0.8533
CHN,MEX,2019,crm,0.014791,0.8533
CHN,MYS,2019,crm,0.011726,0.8533
CHN,NLD,2019,crm,0.001277,0.8533
CHN,NOR,2019,crm,0.001157,0.8533
CHN,PER,2019,crm,0.055655,0.8533
CHN,PHL,2019,crm,0.011044,0.8533
CHN,POL,2019,crm,0.00313,0.8533
CHN,PRT,2019,crm,0.000683,0.8533
CHN,RUS,2019,crm,0.025416,0.8533
CHN,SAU,2019,crm,0.001805,0.8533
CHN,SWE,2019,crm,0.001611,0.8533
CHN,THA,2019,crm,0.002381,0.8533
CHN,TUN,2019,crm,5e-05,0.8533
CHN,TUR,2019,crm,0.007221,0.8533
CHN,UKR,2019,crm,0.006967,0.8533
CHN,USA,2019,crm,0.010786,0.8533
CHN,VEN,2019,crm,0.000557,0.8533
CHN,VNM,2019,crm,0.0029,0.8533
CHN,ZAF,2019,crm,0.052123,0.8533
CHN,TWN,2019,crm,0.012265,0.8533
CHN,ARG,2021,energy,0.000129,0.5914
CHN,AUS,2021,energy,0.045724,0.5914
CHN,BEL,2021,energy,0.000223,0.5914
CHN,BRA,2021,energy,0.038275,0.5914
CHN,CAN,2021,energy,0.012277,0.5914
CHN,CHE,2021,energy,2.9e-05,0.5914
CHN,CHL,2021,energy,0.0,0.5914
CHN,COL,2021,energy,0.012016,0.5914
CHN,DEU,2021,energy,0.001486,0.5914
CHN,DNK,2021,energy,3e-06,0.5914
CHN,EGY,2021,energy,0.002809,0.5914
CHN,ESP,2021,energy,0.000258,0.5914
CHN,FIN,2021,energy,2.7e-05,0.5914
CHN,FRA,2021,energy,0.000303,0.5914
CHN,GBR,2021,energy,0.010694,0.5914
CHN,HKG,2021,energy,0.000285,0.5914
CHN,HUN,2021,energy,0.0,0.5914
CHN,IDN,2021,energy,0.055897,0.5914
CHN,IND,2021,energy,0.000764,0.5914
CHN,ISR,2021,energy,4e-06,0.5914
CHN,ITA,2021,energy,0.000276,0.5914
CHN,JPN,2021,energy,0.00471,0.5914
CHN,KOR,2021,energy,0.021002,0.5914
CHN,MEX,2021,energy,0.000431,0.5914
CHN,MYS,2021,energy,0.061856,0.5914
CHN,NLD,2021,energy,0.000593,0.5914
CHN,NOR,2021,energy,0.016775,0.5914
CHN,PER,2021,energy,0.000273,0.5914
CHN,PHL,2021,energy,0.001663,0.5914
CHN,POL,2021,energy,0.000102,0.5914
CHN,PRT,2021,energy,1e-06,0.5914
CHN,RUS,2021,energy,0.132361,0.5914
CHN,SAU,2021,energy,0.110316,0.5914
CHN,SWE,2021,energy,2.2e-05,0.5914
CHN,THA,2021,energy,0.001883,0.5914
CHN,TUR,2021,energy,1.7e-05,0.5914
CHN,UKR,2021,energy,1e-06,0.5914
CHN,USA,2021,energy,0.053146,0.5914
CHN,VEN,2021,energy,7.4e-05,0.5914
CHN,VNM,2021,energy,0.001061,0.5914
CHN,ZAF,2021,energy,0.002052,0.5914
CHN,TWN,2021,energy,0.001541,0.5914
CHN,ARG,2021,crm,8e-06,0.8661
CHN,AUS,2021,crm,0.319604,0.8661
CHN,BEL,2021,crm,0.002345,0.8661
CHN,BRA,2021,crm,0.105827,0.8661
CHN,CAN,2021,crm,0.014123,0.8661
CHN,CHE,2021,crm,0.000509,0.8661
CHN,CHL,2021,crm,0.084453,0.8661
CHN,COL,2021,crm,0.000661,0.8661
CHN,DEU,2021,crm,0.005861,0.8661
CHN,DNK,2021,crm,9.9e-05,0.8661
CHN,EGY,2021,crm,0.000423,0.8661
CHN,ESP,2021,crm,0.004015,0.8661
CHN,FIN,2021,crm,0.001219,0.8661
CHN,FRA,2021,crm,0.000889,0.8661
CHN,GBR,2021,crm,0.003328,0.8661
CHN,HKG,2021,crm,0.002864,0.8661
CHN,HUN,2021,crm,0.000263,0.8661
CHN,IDN,2021,crm,0.011332,0.8661
CHN,IND,2021,crm,0.025479,0.8661
CHN,ISR,2021,crm,7.2e-05,0.8661
CHN,ITA,2021,crm,0.002466,0.8661
CHN,JPN,2021,crm,0.026054,0.8661
CHN,KOR,2021,crm,0.016415,0.8661
CHN,MEX,2021,crm,0.014957,0.8661
CHN,MYS,2021,crm,0.014005,0.8661
CHN,NLD,2021,crm,0.000745,0.8661
CHN,NOR,2021,crm,0.002279,0.8661
CHN,PER,2021,crm,0.055412,0.8661
CHN,PHL,2021,crm,0.012733,0.8661
CHN,POL,2021,crm,0.002483,0.8661
CHN,PRT,2021,crm,0.000809,0.8661
CHN,RUS,2021,crm,0.029342,0.8661
CHN,SAU,2021,crm,0.002502,0.8661
CHN,SWE,2021,crm,0.000918,0.8661
CHN,THA,2021,crm,0.005147,0.8661
CHN,TUN,2021,crm,9.2e-05,0.8661
CHN,TUR,2021,crm,0.006821,0.8661
CHN,UKR,2021,crm,0.009599,0.8661
CHN,USA,2021,crm,0.01531,0.8661
CHN,VEN,2021,crm,0.001501,0.8661
CHN,VNM,2021,crm,0.002946,0.8661
CHN,ZAF,2021,crm,0.050471,0.8661
CHN,TWN,2021,crm,0.009722,0.8661
CHN,ARG,2023,energy,0.000628,0.604
CHN,AUS,2023,energy,0.044135,0.604
CHN,BEL,2023,energy,9.5e-05,0.604
CHN,BRA,2023,energy,0.045081,0.604
CHN,CAN,2023,energy,0.012232,0.604
CHN,CHE,2023,energy,2.1e-05,0.604
CHN,CHL,2023,energy,2.1e-05,0.604
CHN,COL,2023,energy,0.010705,0.604
CHN,DEU,2023,energy,0.000778,0.604
CHN,DNK,2023,energy,1e-06,0.604
CHN,EGY,2023,energy,0.000489,0.604
CHN,ESP,2023,energy,5.7e-05,0.604
CHN,FIN,2023,energy,2.3e-05,0.604
CHN,FRA,2023,energy,0.000141,0.604
CHN,GBR,2023,energy,0.003239,0.604
CHN,HKG,2023,energy,0.000289,0.604
CHN,HUN,2023,energy,0.0,0.604
CHN,IDN,2023,energy,0.041733,0.604
CHN,IND,2023,energy,0.001097,0.604
CHN,ISR,2023,energy,5e-06,0.604
CHN,ITA,2023,energy,0.000508,0.604
CHN,JPN,2023,energy,0.002932,0.604
CHN,KOR,2023,energy,0.00957,0.604
CHN,MEX,2023,energy,0.001734,0.604
CHN,MYS,2023,energy,0.08875,0.604
CHN,NLD,2023,energy,5.2e-05,0.604
CHN,NOR,2023,energy,0.001009,0.604
CHN,PER,2023,energy,0.000293,0.604
CHN,PHL,2023,energy,0.001101,0.604
CHN,POL,2023,energy,5.1e-05,0.604
CHN,PRT,2023,energy,1e-06,0.604
CHN,RUS,2023,energy,0.183284,0.604
CHN,SAU,2023,energy,0.106453,0.604
CHN,SWE,2023,energy,2.7e-05,0.604
CHN,THA,2023,energy,0.000869,0.604
CHN,TUR,2023,energy,0.000239,0.604
CHN,UKR,2023,energy,5.4e-05,0.604
CHN,USA,2023,energy,0.043808,0.604
CHN,VEN,2023,energy,0.000707,0.604
CHN,VNM,2023,energy,0.000276,0.604
CHN,ZAF,2023,energy,0.0005,0.604
CHN,TWN,2023,energy,0.000992,0.604
CHN,ARG,2023,crm,0.000159,0.8194
CHN,AUS,2023,crm,0.298823,0.8194
CHN,BEL,2023,crm,0.001363,0.8194
CHN,BRA,2023,crm,0.086002,0.8194
CHN,CAN,2023,crm,0.012663,0.8194
CHN,CHE,2023,crm,0.000453,0.8194
CHN,CHL,2023,crm,0.079574,0.8194
CHN,COL,2023,crm,0.000916,0.8194
CHN,DEU,2023,crm,0.003423,0.8194
CHN,DNK,2023,crm,9.6e-05,0.8194
CHN,EGY,2023,crm,0.000637,0.8194
CHN,ESP,2023,crm,0.00465,0.8194
CHN,FIN,2023,crm,0.00109,0.8194
CHN,FRA,2023,crm,0.001227,0.8194
CHN,GBR,2023,crm,0.00373,0.8194
CHN,HKG,2023,crm,0.000939,0.8194
CHN,HUN,2023,crm,8.3e-05,0.8194
CHN,IDN,2023,crm,0.028444,0.8194
CHN,IND,2023,crm,0.014985,0.8194
CHN,ISR,2023,crm,0.000175,0.8194
CHN,ITA,2023,crm,0.002485,0.8194
CHN,JPN,2023,crm,0.023551,0.8194
CHN,KOR,2023,crm,0.013295,0.8194
CHN,MEX,2023,crm,0.015294,0.8194
CHN,MYS,2023,crm,0.014988,0.8194
CHN,NLD,2023,crm,0.000831,0.8194
CHN,NOR,2023,crm,0.001968,0.8194
CHN,PER,2023,crm,0.06489,0.8194
CHN,PHL,2023,crm,0.010317,0.8194
CHN,POL,2023,crm,0.002365,0.8194
CHN,PRT,2023,crm,0.000708,0.8194
CHN,RUS,2023,crm,0.038011,0.8194
CHN,SAU,2023,crm,0.003026,0.8194
CHN,SWE,2023,crm,0.001121,0.8194
CHN,THA,2023,crm,0.007644,0.8194
CHN,TUN,2023,crm,5.7e-05,0.8194
CHN,TUR,2023,crm,0.006628,0.8194
CHN,UKR,2023,crm,0.000297,0.8194
CHN,USA,2023,crm,0.018799,0.8194
CHN,VEN,2023,crm,0.000593,0.8194
CHN,VNM,2023,crm,0.002853,0.8194
CHN,ZAF,2023,crm,0.04352,0.8194
CHN,TWN,2023,crm,0.006689,0.8194
COL,ARG,2019,energy,0.00097,0.8501
COL,AUS,2019,energy,0.000194,0.8501
COL,BEL,2019,energy,0.00121,0.8501
COL,BRA,2019,energy,0.003495,0.8501
COL,CAN,2019,energy,0.01239,0.8501
COL,CHE,2019,energy,0.000122,0.8501
COL,CHL,2019,energy,0.000712,0.8501
COL,CHN,2019,energy,0.002084,0.8501
COL,DEU,2019,energy,0.002087,0.8501
COL,DNK,2019,energy,0.0,0.8501
COL,EGY,2019,energy,4e-06,0.8501
COL,ESP,2019,energy,0.001756,0.8501
COL,FIN,2019,energy,1e-06,0.8501
COL,FRA,2019,energy,0.002939,0.8501
COL,GBR,2019,energy,0.026016,0.8501
COL,HKG,2019,energy,2.7e-05,0.8501
COL,HUN,2019,energy,0.0,0.8501
COL,IND,2019,energy,0.0008,0.8501
COL,ISR,2019,energy,0.000298,0.8501
COL,ITA,2019,energy,0.002043,0.8501
COL,JPN,2019,energy,0.000235,0.8501
COL,KOR,2019,energy,0.001437,0.8501
COL,MEX,2019,energy,0.030468,0.8501
COL,MYS,2019,energy,0.000208,0.8501
COL,NLD,2019,energy,0.000397,0.8501
COL,NOR,2019,energy,1e-06,0.8501
COL,PER,2019,energy,0.000199,0.8501
COL,POL,2019,energy,3.4e-05,0.8501
COL,PRT,2019,energy,1e-06,0.8501
COL,RUS,2019,energy,0.000215,0.8501
COL,SAU,2019,energy,2.5e-05,0.8501
COL,SWE,2019,energy,0.000204,0.8501
COL,THA,2019,energy,1.1e-05,0.8501
COL,TUR,2019,energy,0.000304,0.8501
COL,USA,2019,energy,0.759001,0.8501
COL,VEN,2019,energy,0.00012,0.8501
COL,VNM,2019,energy,0.0,0.8501
COL,ZAF,2019,energy,1e-05,0.8501
COL,TWN,2019,energy,6.3e-05,0.8501
COL,ARG,2019,crm,0.009384,0.9235
COL,AUS,2019,crm,0.000895,0.9235
COL,BEL,2019,crm,0.002599,0.9235
COL,BRA,2019,crm,0.116423,0.9235
COL,CAN,2019,crm,0.011206,0.9235
COL,CHE,2019,crm,0.000377,0.9235
COL,CHL,2019,crm,0.019614,0.9235
COL,CHN,2019,crm,0.172015,0.9235
COL,DEU,2019,crm,0.020472,0.9235
COL,DNK,2019,crm,0.000533,0.9235
COL,EGY,2019,crm,0.000236,0.9235
COL,ESP,2019,crm,0.02695,0.9235
COL,FIN,2019,crm,0.000789,0.9235
COL,FRA,2019,crm,0.012425,0.9235
COL,GBR,2019,crm,0.004368,0.9235
COL,HKG,2019,crm,0.003279,0.9235
COL,HUN,2019,crm,8e-06,0.9235
COL,IDN,2019,crm,1e-06,0.9235
COL,IND,2019,crm,0.050611,0.9235
COL,ISR,2019,crm,0.000366,0.9235
COL,ITA,2019,crm,0.01581,0.9235
COL,JPN,2019,crm,0.005686,0.9235
COL,KOR,2019,crm,0.018554,0.9235
COL,MEX,2019,crm,0.052667,0.9235
COL,MYS,2019,crm,0.001063,0.9235
COL,NLD,2019,crm,0.003473,0.9235
COL,NOR,2019,crm,0.000878,0.9235
COL,PER,2019,crm,0.229835,0.9235
COL,POL,2019,crm,1.8e-05,0.9235
COL,PRT,2019,crm,5.5e-05,0.9235
COL,RUS,2019,crm,0.03292,0.9235
COL,SAU,2019,crm,0.000105,0.9235
COL,SWE,2019,crm,0.000121,0.9235
COL,THA,2019,crm,0.009959,0.9235
COL,TUR,2019,crm,0.022369,0.9235
COL,UKR,2019,crm,0.000308,0.9235
COL,USA,2019,crm,0.056229,0.9235
COL,VEN,2019,crm,0.007628,0.9235
COL,VNM,2019,crm,0.001178,0.9235
COL,ZAF,2019,crm,0.011344,0.9235
COL,TWN,2019,crm,0.000702,0.9235
COL,ARG,2021,energy,0.00151,0.8985
COL,AUS,2021,energy,5.3e-05,0.8985
COL,BEL,2021,energy,0.016687,0.8985
COL,BRA,2021,energy,0.003111,0.8985
COL,CAN,2021,energy,0.00058,0.8985
COL,CHE,2021,energy,0.000233,0.8985
COL,CHL,2021,energy,0.000771,0.8985
COL,CHN,2021,energy,0.004349,0.8985
COL,DEU,2021,energy,0.002843,0.8985
COL,DNK,2021,energy,2e-06,0.8985
COL,EGY,2021,energy,3e-06,0.8985
COL,ESP,2021,energy,0.037392,0.8985
COL,FIN,2021,energy,0.000172,0.8985
COL,FRA,2021,energy,0.003636,0.8985
COL,GBR,2021,energy,0.008072,0.8985
COL,HKG,2021,energy,0.000139,0.8985
COL,HUN,2021,energy,9e-06,0.8985
COL,IDN,2021,energy,0.0,0.8985
COL,IND,2021,energy,0.001802,0.8985
COL,ISR,2021,energy,0.000389,0.8985
COL,ITA,2021,energy,0.002784,0.8985
COL,JPN,2021,energy,0.00044,0.8985
COL,KOR,2021,energy,0.001118,0.8985
COL,MEX,2021,energy,0.003993,0.8985
COL,MYS,2021,energy,0.000311,0.8985
COL,NLD,2021,energy,0.039303,0.8985
COL,NOR,2021,energy,0.0,0.8985
COL,PER,2021,energy,0.000237,0.8985
COL,POL,2021,energy,3.2e-05,0.8985
COL,PRT,2021,energy,2.1e-05,0.8985
COL,RUS,2021,energy,0.000423,0.8985
COL,SAU,2021,energy,2.2e-05,0.8985
COL,SWE,2021,energy,0.000222,0.8985
COL,THA,2021,energy,2.6e-05,0.8985
COL,TUR,2021,energy,0.000323,0.8985
COL,USA,2021,energy,0.767214,0.8985
COL,VEN,2021,energy,0.000144,0.8985
COL,ZAF,2021,energy,4.1e-05,0.8985
COL,TWN,2021,energy,5.7e-05,0.8985
COL,ARG,2021,crm,0.000508,0.8939
COL,AUS,2021,crm,0.000802,0.8939
COL,BEL,2021,crm,0.005607,0.8939
COL,BRA,2021,crm,0.064092,0.8939
COL,CAN,2021,crm,0.027205,0.8939
COL,CHE,2021,crm,0.000662,0.8939
COL,CHL,2021,crm,0.051612,0.8939
COL,CHN,2021,crm,0.175753,0.8939
COL,DEU,2021,crm,0.030105,0.8939
COL,DNK,2021,crm,0.000531,0.8939
COL,EGY,2021,crm,0.000233,0.8939
COL,ESP,2021,crm,0.036632,0.8939
COL,FIN,2021,crm,0.000545,0.8939
COL,FRA,2021,crm,0.004019,0.8939
COL,GBR,2021,crm,0.003275,0.8939
COL,HKG,2021,crm,0.001476,0.8939
COL,HUN,2021,crm,8e-06,0.8939
COL,IDN,2021,crm,2.2e-05,0.8939
COL,IND,2021,crm,0.017585,0.8939
COL,ISR,2021,crm,0.000185,0.8939
COL,ITA,2021,crm,0.015568,0.8939
COL,JPN,2021,crm,0.005829,0.8939
COL,KOR,2021,crm,0.022776,0.8939
COL,MEX,2021,crm,0.057761,0.8939
COL,MYS,2021,crm,0.000121,0.8939
COL,NLD,2021,crm,0.001941,0.8939
COL,NOR,2021,crm,0.001172,0.8939
COL,PER,2021,crm,0.254022,0.8939
COL,POL,2021,crm,0.000138,0.8939
COL,PRT,2021,crm,1.8e-05,0.8939
COL,RUS,2021,crm,0.030013,0.8939
COL,SWE,2021,crm,3.1e-05,0.8939
COL,THA,2021,crm,0.019621,0.8939
COL,TUR,2021,crm,0.014153,0.8939
COL,UKR,2021,crm,0.000724,0.8939
COL,USA,2021,crm,0.036212,0.8939
COL,VEN,2021,crm,0.003206,0.8939
COL,VNM,2021,crm,0.00029,0.8939
COL,ZAF,2021,crm,0.00856,0.8939
COL,TWN,2021,crm,0.000853,0.8939
COL,ARG,2023,energy,0.006419,0.8547
COL,AUS,2023,energy,1.2e-05,0.8547
COL,BEL,2023,energy,0.034701,0.8547
COL,BRA,2023,energy,0.018881,0.8547
COL,CAN,2023,energy,0.000458,0.8547
COL,CHE,2023,energy,0.000133,0.8547
COL,CHL,2023,energy,0.000231,0.8547
COL,CHN,2023,energy,0.002646,0.8547
COL,DEU,2023,energy,0.002661,0.8547
COL,DNK,2023,energy,1e-06,0.8547
COL,EGY,2023,energy,2e-06,0.8547
COL,ESP,2023,energy,0.020886,0.8547
COL,FIN,2023,energy,1.1e-05,0.8547
COL,FRA,2023,energy,0.003687,0.8547
COL,GBR,2023,energy,0.034511,0.8547
COL,HKG,2023,energy,7.1e-05,0.8547
COL,HUN,2023,energy,0.0,0.8547
COL,IDN,2023,energy,2.8e-05,0.8547
COL,IND,2023,energy,0.001672,0.8547
COL,ISR,2023,energy,0.000213,0.8547
COL,ITA,2023,energy,0.001533,0.8547
COL,JPN,2023,energy,0.000173,0.8547
COL,KOR,2023,energy,0.00243,0.8547
COL,MEX,2023,energy,0.003395,0.8547
COL,MYS,2023,energy,8.5e-05,0.8547
COL,NLD,2023,energy,0.034038,0.8547
COL,NOR,2023,energy,0.0,0.8547
COL,PER,2023,energy,0.000306,0.8547
COL,POL,2023,energy,4.5e-05,0.8547
COL,PRT,2023,energy,5e-06,0.8547
COL,RUS,2023,energy,2.8e-05,0.8547
COL,SAU,2023,energy,6e-06,0.8547
COL,SWE,2023,energy,8.6e-05,0.8547
COL,THA,2023,energy,0.000225,0.8547
COL,TUR,2023,energy,0.000188,0.8547
COL,USA,2023,energy,0.683675,0.8547
COL,VEN,2023,energy,0.001218,0.8547
COL,VNM,2023,energy,8e-06,0.8547
COL,ZAF,2023,energy,4.5e-05,0.8547
COL,TWN,2023,energy,2.9e-05,0.8547
COL,ARG,2023,crm,0.000449,0.8797
COL,AUS,2023,crm,0.001026,0.8797
COL,BEL,2023,crm,0.001324,0.8797
COL,BRA,2023,crm,0.039822,0.8797
COL,CAN,2023,crm,0.002921,0.8797
COL,CHE,2023,crm,0.00049,0.8797
COL,CHL,2023,crm,0.058571,0.8797
COL,CHN,2023,crm,0.244619,0.8797
COL,DEU,2023,crm,0.061846,0.8797
COL,DNK,2023,crm,0.000247,0.8797
COL,EGY,2023,crm,0.000227,0.8797
COL,ESP,2023,crm,0.03952,0.8797
COL,FIN,2023,crm,0.000758,0.8797
COL,FRA,2023,crm,0.005862,0.8797
COL,GBR,2023,crm,0.003371,0.8797
COL,HKG,2023,crm,0.000663,0.8797
COL,HUN,2023,crm,1e-06,0.8797
COL,IDN,2023,crm,0.000551,0.8797
COL,IND,2023,crm,0.034253,0.8797
COL,ISR,2023,crm,0.000158,0.8797
COL,ITA,2023,crm,0.015085,0.8797
COL,JPN,2023,crm,0.008531,0.8797
COL,KOR,2023,crm,0.029929,0.8797
COL,MEX,2023,crm,0.033612,0.8797
COL,MYS,2023,crm,0.001608,0.8797
COL,NLD,2023,crm,0.001143,0.8797
COL,NOR,2023,crm,0.000783,0.8797
COL,PER,2023,crm,0.202538,0.8797
COL,POL,2023,crm,4.4e-05,0.8797
COL,PRT,2023,crm,2.4e-05,0.8797
COL,RUS,2023,crm,0.008248,0.8797
COL,SWE,2023,crm,5.2e-05,0.8797
COL,THA,2023,crm,0.016747,0.8797
COL,TUR,2023,crm,0.003314,0.8797
COL,UKR,2023,crm,0.000464,0.8797
COL,USA,2023,crm,0.038481,0.8797
COL,VEN,2023,crm,0.008077,0.8797
COL,VNM,2023,crm,0.001418,0.8797
COL,ZAF,2023,crm,0.011917,0.8797
COL,TWN,2023,crm,0.001011,0.8797
DEU,ARG,2019,energy,0.000212,0.5673
DEU,AUS,2019,energy,0.009387,0.5673
DEU,BEL,2019,energy,0.04648,0.5673
DEU,BRA,2019,energy,0.000215,0.5673
DEU,CAN,2019,energy,0.003371,0.5673
DEU,CHE,2019,energy,0.005036,0.5673
DEU,CHL,2019,energy,0.0,0.5673
DEU,CHN,2019,energy,0.000598,0.5673
DEU,COL,2019,energy,0.001486,0.5673
DEU,DNK,2019,energy,0.004952,0.5673
DEU,EGY,2019,energy,0.007848,0.5673
DEU,ESP,2019,energy,0.001051,0.5673
DEU,FIN,2019,energy,0.004839,0.5673
DEU,FRA,2019,energy,0.015026,0.5673
DEU,GBR,2019,energy,0.032136,0.5673
DEU,HKG,2019,energy,6e-06,0.5673
DEU,HUN,2019,energy,0.000626,0.5673
DEU,IDN,2019,energy,2.9e-05,0.5673
DEU,IND,2019,energy,0.000494,0.5673
DEU,ISR,2019,energy,0.00021,0.5673
DEU,ITA,2019,energy,0.002379,0.5673
DEU,JPN,2019,energy,0.000539,0.5673
DEU,KOR,2019,energy,0.000615,0.5673
DEU,MEX,2019,energy,0.000369,0.5673
DEU,MYS,2019,energy,0.000273,0.5673
DEU,NLD,2019,energy,0.155166,0.5673
DEU,NOR,2019,energy,0.040746,0.5673
DEU,PER,2019,energy,1.3e-05,0.5673
DEU,PHL,2019,energy,0.0,0.5673
DEU,POL,2019,energy,0.006589,0.5673
DEU,PRT,2019,energy,0.000238,0.5673
DEU,RUS,2019,energy,0.172615,0.5673
DEU,SAU,2019,energy,0.007366,0.5673
DEU,SWE,2019,energy,0.005546,0.5673
DEU,THA,2019,energy,0.000136,0.5673
DEU,TUN,2019,energy,0.000505,0.5673
DEU,TUR,2019,energy,0.000263,0.5673
DEU,UKR,2019,energy,0.000145,0.5673
DEU,USA,2019,energy,0.036256,0.5673
DEU,VEN,2019,energy,0.002374,0.5673
DEU,ZAF,2019,energy,0.001166,0.5673
DEU,TWN,2019,energy,2.9e-05,0.5673
DEU,ARG,2019,crm,0.002938,0.7817
DEU,AUS,2019,crm,0.008543,0.7817
DEU,BEL,2019,crm,0.047868,0.7817
DEU,BRA,2019,crm,0.04121,0.7817
DEU,CAN,2019,crm,0.035155,0.7817
DEU,CHE,2019,crm,0.038463,0.7817
DEU,CHL,2019,crm,0.009988,0.7817
DEU,CHN,2019,crm,0.019718,0.7817
DEU,COL,2019,crm,0.000115,0.7817
DEU,DNK,2019,crm,0.007211,0.7817
DEU,EGY,2019,crm,0.00103,0.7817
DEU,ESP,2019,crm,0.023176,0.7817
DEU,FIN,2019,crm,0.021398,0.7817
DEU,FRA,2019,crm,0.044761,0.7817
DEU,GBR,2019,crm,0.043303,0.7817
DEU,HKG,2019,crm,0.000135,0.7817
DEU,HUN,2019,crm,0.005837,0.7817
DEU,IDN,2019,crm,0.002416,0.7817
DEU,IND,2019,crm,0.001269,0.7817
DEU,ISR,2019,crm,0.000862,0.7817
DEU,ITA,2019,crm,0.039197,0.7817
DEU,JPN,2019,crm,0.005312,0.7817
DEU,KOR,2019,crm,0.002486,0.7817
DEU,MEX,2019,crm,0.005843,0.7817
DEU,MYS,2019,crm,0.000699,0.7817
DEU,NLD,2019,crm,0.072069,0.7817
DEU,NOR,2019,crm,0.025063,0.7817
DEU,PER,2019,crm,0.014171,0.7817
DEU,PHL,2019,crm,9.3e-05,0.7817
DEU,POL,2019,crm,0.040953,0.7817
DEU,PRT,2019,crm,0.001963,0.7817
DEU,RUS,2019,crm,0.066647,0.7817
DEU,SAU,2019,crm,0.001553,0.7817
DEU,SWE,2019,crm,0.034896,0.7817
DEU,THA,2019,crm,0.001245,0.7817
DEU,TUN,2019,crm,0.000317,0.7817
DEU,TUR,2019,crm,0.009122,0.7817
DEU,UKR,2019,crm,0.004322,0.7817
DEU,USA,2019,crm,0.044597,0.7817
DEU,VEN,2019,crm,0.00014,0.7817
DEU,VNM,2019,crm,0.000433,0.7817
DEU,ZAF,2019,crm,0.0535,0.7817
DEU,TWN,2019,crm,0.001667,0.7817
DEU,ARG,2021,energy,0.000167,0.4976
DEU,AUS,2021,energy,0.007733,0.4976
DEU,BEL,2021,energy,0.041668,0.4976
DEU,BRA,2021,energy,0.000594,0.4976
DEU,CAN,2021,energy,0.002677,0.4976
DEU,CHE,2021,energy,0.004599,0.4976
DEU,CHN,2021,energy,0.000991,0.4976
DEU,COL,2021,energy,0.004289,0.4976
DEU,DNK,2021,energy,0.00835,0.4976
DEU,EGY,2021,energy,0.002099,0.4976
DEU,ESP,2021,energy,0.000986,0.4976
DEU,FIN,2021,energy,0.001138,0.4976
DEU,FRA,2021,energy,0.01259,0.4976
DEU,GBR,2021,energy,0.025663,0.4976
DEU,HKG,2021,energy,0.0,0.4976
DEU,HUN,2021,energy,0.000644,0.4976
DEU,IDN,2021,energy,5.6e-05,0.4976
DEU,IND,2021,energy,6e-06,0.4976
DEU,ISR,2021,energy,0.000105,0.4976
DEU,ITA,2021,energy,0.001982,0.4976
DEU,JPN,2021,energy,0.000248,0.4976
DEU,KOR,2021,energy,0.000613,0.4976
DEU,MEX,2021,energy,9e-05,0.4976
DEU,MYS,2021,energy,0.000264,0.4976
DEU,NLD,2021,energy,0.131412,0.4976
DEU,NOR,2021,energy,0.032543,0.4976
DEU,PHL,2021,energy,2e-06,0.4976
DEU,POL,2021,energy,0.006688,0.4976
DEU,PRT,2021,energy,6.2e-05,0.4976
DEU,RUS,2021,energy,0.142627,0.4976
DEU,SAU,2021,energy,0.004212,0.4976
DEU,SWE,2021,energy,0.004916,0.4976
DEU,THA,2021,energy,9.3e-05,0.4976
DEU,TUN,2021,energy,0.000311,0.4976
DEU,TUR,2021,energy,0.000232,0.4976
DEU,UKR,2021,energy,0.0001,0.4976
DEU,USA,2021,energy,0.054872,0.4976
DEU,VNM,2021,energy,0.0,0.4976
DEU,ZAF,2021,energy,0.00192,0.4976
DEU,TWN,2021,energy,1.5e-05,0.4976
DEU,ARG,2021,crm,0.002352,0.8068
DEU,AUS,2021,crm,0.006921,0.8068
DEU,BEL,2021,crm,0.046656,0.8068
DEU,BRA,2021,crm,0.02902,0.8068
DEU,CAN,2021,crm,0.033175,0.8068
DEU,CHE,2021,crm,0.03337,0.8068
DEU,CHL,2021,crm,0.008375,0.8068
DEU,CHN,2021,crm,0.01321,0.8068
DEU,COL,2021,crm,0.000254,0.8068
DEU,DNK,2021,crm,0.005822,0.8068
DEU,EGY,2021,crm,0.000707,0.8068
DEU,ESP,2021,crm,0.022725,0.8068
DEU,FIN,2021,crm,0.015739,0.8068
DEU,FRA,2021,crm,0.0441,0.8068
DEU,GBR,2021,crm,0.042782,0.8068
DEU,HKG,2021,crm,0.000333,0.8068
DEU,HUN,2021,crm,0.005279,0.8068
DEU,IDN,2021,crm,0.005479,0.8068
DEU,IND,2021,crm,0.001783,0.8068
DEU,ISR,2021,crm,0.000851,0.8068
DEU,ITA,2021,crm,0.059631,0.8068
DEU,JPN,2021,crm,0.004074,0.8068
DEU,KOR,2021,crm,0.003856,0.8068
DEU,MEX,2021,crm,0.00465,0.8068
DEU,MYS,2021,crm,0.000477,0.8068
DEU,NLD,2021,crm,0.064419,0.8068
DEU,NOR,2021,crm,0.019062,0.8068
DEU,PER,2021,crm,0.010866,0.8068
DEU,PHL,2021,crm,8.2e-05,0.8068
DEU,POL,2021,crm,0.040078,0.8068
DEU,PRT,2021,crm,0.00165,0.8068
DEU,RUS,2021,crm,0.05933,0.8068
DEU,SAU,2021,crm,0.000986,0.8068
DEU,SWE,2021,crm,0.038821,0.8068
DEU,THA,2021,crm,0.001158,0.8068
DEU,TUN,2021,crm,0.00021,0.8068
DEU,TUR,2021,crm,0.012193,0.8068
DEU,UKR,2021,crm,0.004548,0.8068
DEU,USA,2021,crm,0.064745,0.8068
DEU,VEN,2021,crm,7e-06,0.8068
DEU,VNM,2021,crm,0.000659,0.8068
DEU,ZAF,2021,crm,0.093653,0.8068
DEU,TWN,2021,crm,0.002704,0.8068
DEU,ARG,2023,energy,1.6e-05,0.5567
DEU,AUS,2023,energy,0.019288,0.5567
DEU,BEL,2023,energy,0.05236,0.5567
DEU,BRA,2023,energy,0.002685,0.5567
DEU,CAN,2023,energy,0.006378,0.5567
DEU,CHE,2023,energy,0.007207,0.5567
DEU,CHN,2023,energy,0.001732,0.5567
DEU,COL,2023,energy,0.00724,0.5567
DEU,DNK,2023,energy,0.009402,0.5567
DEU,EGY,2023,energy,0.002922,0.5567
DEU,ESP,2023,energy,0.002168,0.5567
DEU,FIN,2023,energy,0.001786,0.5567
DEU,FRA,2023,energy,0.016086,0.5567
DEU,GBR,2023,energy,0.040994,0.5567
DEU,HKG,2023,energy,0.0,0.5567
DEU,HUN,2023,energy,0.000789,0.5567
DEU,IDN,2023,energy,8.5e-05,0.5567
DEU,IND,2023,energy,0.007917,0.5567
DEU,ISR,2023,energy,0.000467,0.5567
DEU,ITA,2023,energy,0.002339,0.5567
DEU,JPN,2023,energy,0.000362,0.5567
DEU,KOR,2023,energy,0.001194,0.5567
DEU,MEX,2023,energy,0.002961,0.5567
DEU,MYS,2023,energy,0.000225,0.5567
DEU,NLD,2023,energy,0.145135,0.5567
DEU,NOR,2023,energy,0.074083,0.5567
DEU,PER,2023,energy,0.000169,0.5567
DEU,PHL,2023,energy,0.0,0.5567
DEU,POL,2023,energy,0.009161,0.5567
DEU,PRT,2023,energy,0.000212,0.5567
DEU,RUS,2023,energy,0.007877,0.5567
DEU,SAU,2023,energy,0.015581,0.5567
DEU,SWE,2023,energy,0.007398,0.5567
DEU,THA,2023,energy,5.2e-05,0.5567
DEU,TUN,2023,energy,0.000806,0.5567
DEU,TUR,2023,energy,0.001825,0.5567
DEU,UKR,2023,energy,1.3e-05,0.5567
DEU,USA,2023,energy,0.102576,0.5567
DEU,VEN,2023,energy,1.1e-05,0.5567
DEU,VNM,2023,energy,3e-06,0.5567
DEU,ZAF,2023,energy,0.005186,0.5567
DEU,TWN,2023,energy,5e-06,0.5567
DEU,ARG,2023,crm,0.000789,0.7888
DEU,AUS,2023,crm,0.010557,0.7888
DEU,BEL,2023,crm,0.062705,0.7888
DEU,BRA,2023,crm,0.030938,0.7888
DEU,CAN,2023,crm,0.034143,0.7888
DEU,CHE,2023,crm,0.03594,0.7888
DEU,CHL,2023,crm,0.013536,0.7888
DEU,CHN,2023,crm,0.014331,0.7888
DEU,COL,2023,crm,0.000833,0.7888
DEU,DNK,2023,crm,0.006455,0.7888
DEU,EGY,2023,crm,0.000506,0.7888
DEU,ESP,2023,crm,0.029968,0.7888
DEU,FIN,2023,crm,0.016917,0.7888
DEU,FRA,2023,crm,0.053324,0.7888
DEU,GBR,2023,crm,0.027526,0.7888
DEU,HKG,2023,crm,0.000483,0.7888
DEU,HUN,2023,crm,0.006179,0.7888
DEU,IDN,2023,crm,0.010626,0.7888
DEU,IND,2023,crm,0.007149,0.7888
DEU,ISR,2023,crm,0.000885,0.7888
DEU,ITA,2023,crm,0.048679,0.7888
DEU,JPN,2023,crm,0.00541,0.7888
DEU,KOR,2023,crm,0.004087,0.7888
DEU,MEX,2023,crm,0.00651,0.7888
DEU,MYS,2023,crm,0.001656,0.7888
DEU,NLD,2023,crm,0.064316,0.7888
DEU,NOR,2023,crm,0.02735,0.7888
DEU,PER,2023,crm,0.009589,0.7888
DEU,PHL,2023,crm,9.3e-05,0.7888
DEU,POL,2023,crm,0.050653,0.7888
DEU,PRT,2023,crm,0.001408,0.7888
DEU,RUS,2023,crm,0.021747,0.7888
DEU,SAU,2023,crm,0.00365,0.7888
DEU,SWE,2023,crm,0.036501,0.7888
DEU,THA,2023,crm,0.001511,0.7888
DEU,TUN,2023,crm,0.000105,0.7888
DEU,TUR,2023,crm,0.017552,0.7888
DEU,UKR,2023,crm,0.00136,0.7888
DEU,USA,2023,crm,0.049396,0.7888
DEU,VEN,2023,crm,0.0,0.7888
DEU,VNM,2023,crm,0.002238,0.7888
DEU,ZAF,2023,crm,0.070164,0.7888
DEU,TWN,2023,crm,0.001043,0.7888
DNK,AUS,2019,energy,0.000598,0.8292
DNK,BEL,2019,energy,0.01179,0.8292
DNK,CAN,2019,energy,0.000113,0.8292
DNK,CHE,2019,energy,0.000165,0.8292
DNK,CHN,2019,energy,0.000827,0.8292
DNK,DEU,2019,energy,0.085757,0.8292
DNK,ESP,2019,energy,0.000402,0.8292
DNK,FIN,2019,energy,0.009582,0.8292
DNK,FRA,2019,energy,0.0044,0.8292
DNK,GBR,2019,energy,0.032307,0.8292
DNK,HKG,2019,energy,0.0,0.8292
DNK,HUN,2019,energy,2.4e-05,0.8292
DNK,IND,2019,energy,8e-06,0.8292
DNK,ISR,2019,energy,7.3e-05,0.8292
DNK,ITA,2019,energy,0.003133,0.8292
DNK,JPN,2019,energy,2.1e-05,0.8292
DNK,KOR,2019,energy,0.002161,0.8292
DNK,MEX,2019,energy,0.0,0.8292
DNK,NLD,2019,energy,0.044538,0.8292
DNK,NOR,2019,energy,0.235583,0.8292
DNK,POL,2019,energy,0.007903,0.8292
DNK,PRT,2019,energy,1e-06,0.8292
DNK,RUS,2019,energy,0.109885,0.8292
DNK,SAU,2019,energy,0.00387,0.8292
DNK,SWE,2019,energy,0.130328,0.8292
DNK,THA,2019,energy,0.0,0.8292
DNK,TUR,2019,energy,6.8e-05,0.8292
DNK,UKR,2019,energy,0.0,0.8292
DNK,USA,2019,energy,0.145622,0.8292
DNK,ZAF,2019,energy,4e-06,0.8292
DNK,TWN,2019,energy,3.3e-05,0.8292
DNK,AUS,2019,crm,5.6e-05,0.9128
DNK,BEL,2019,crm,0.018841,0.9128
DNK,BRA,2019,crm,0.000212,0.9128
DNK,CAN,2019,crm,0.000171,0.9128
DNK,CHE,2019,crm,0.001623,0.9128
DNK,CHL,2019,crm,0.0,0.9128
DNK,CHN,2019,crm,0.023927,0.9128
DNK,DEU,2019,crm,0.257658,0.9128
DNK,EGY,2019,crm,0.000159,0.9128
DNK,ESP,2019,crm,0.012339,0.9128
DNK,FIN,2019,crm,0.012411,0.9128
DNK,FRA,2019,crm,0.029191,0.9128
DNK,GBR,2019,crm,0.017993,0.9128
DNK,HKG,2019,crm,8.1e-05,0.9128
DNK,HUN,2019,crm,0.004313,0.9128
DNK,IDN,2019,crm,3e-06,0.9128
DNK,IND,2019,crm,0.001558,0.9128
DNK,ISR,2019,crm,0.001029,0.9128
DNK,ITA,2019,crm,0.050443,0.9128
DNK,JPN,2019,crm,0.004823,0.9128
DNK,KOR,2019,crm,7.6e-05,0.9128
DNK,MEX,2019,crm,0.000329,0.9128
DNK,MYS,2019,crm,3.2e-05,0.9128
DNK,NLD,2019,crm,0.03558,0.9128
DNK,NOR,2019,crm,0.245503,0.9128
DNK,PER,2019,crm,0.000271,0.9128
DNK,PHL,2019,crm,1.2e-05,0.9128
DNK,POL,2019,crm,0.033047,0.9128
DNK,PRT,2019,crm,0.000262,0.9128
DNK,RUS,2019,crm,0.001088,0.9128
DNK,SAU,2019,crm,0.0,0.9128
DNK,SWE,2019,crm,0.126497,0.9128
DNK,THA,2019,crm,0.000296,0.9128
DNK,TUN,2019,crm,0.004472,0.9128
DNK,TUR,2019,crm,0.017343,0.9128
DNK,UKR,2019,crm,1.1e-05,0.9128
DNK,USA,2019,crm,0.010225,0.9128
DNK,VNM,2019,crm,1e-06,0.9128
DNK,ZAF,2019,crm,0.000608,0.9128
DNK,TWN,2019,crm,0.000279,0.9128
DNK,AUS,2021,energy,0.000166,0.9282
DNK,BEL,2021,energy,0.018354,0.9282
DNK,BRA,2021,energy,0.0,0.9282
DNK,CAN,2021,energy,0.000116,0.9282
DNK,CHE,2021,energy,9e-05,0.9282
DNK,CHL,2021,energy,2e-06,0.9282
DNK,CHN,2021,energy,0.000301,0.9282
DNK,DEU,2021,energy,0.176159,0.9282
DNK,EGY,2021,energy,0.0,0.9282
DNK,ESP,2021,energy,0.004036,0.9282
DNK,FIN,2021,energy,0.012472,0.9282
DNK,FRA,2021,energy,0.007298,0.9282
DNK,GBR,2021,energy,0.038029,0.9282
DNK,HKG,2021,energy,0.0,0.9282
DNK,HUN,2021,energy,2.5e-05,0.9282
DNK,IDN,2021,energy,1.2e-05,0.9282
DNK,IND,2021,energy,9e-06,0.9282
DNK,ISR,2021,energy,6.6e-05,0.9282
DNK,ITA,2021,energy,0.003924,0.9282
DNK,JPN,2021,energy,2.7e-05,0.9282
DNK,KOR,2021,energy,3.3e-05,0.9282
DNK,MEX,2021,energy,0.0,0.9282
DNK,MYS,2021,energy,0.0,0.9282
DNK,NLD,2021,energy,0.028115,0.9282
DNK,NOR,2021,energy,0.199585,0.9282
DNK,PHL,2021,energy,0.0,0.9282
DNK,POL,2021,energy,0.010334,0.9282
DNK,PRT,2021,energy,3e-06,0.9282
DNK,RUS,2021,energy,0.105967,0.9282
DNK,SAU,2021,energy,0.0,0.9282
DNK,SWE,2021,energy,0.165269,0.9282
DNK,THA,2021,energy,0.0,0.9282
DNK,TUN,2021,energy,0.0,0.9282
DNK,TUR,2021,energy,5.5e-05,0.9282
DNK,UKR,2021,energy,0.0,0.9282
DNK,USA,2021,energy,0.157678,0.9282
DNK,VNM,2021,energy,2e-06,0.9282
DNK,ZAF,2021,energy,2.8e-05,0.9282
DNK,TWN,2021,energy,4.3e-05,0.9282
DNK,ARG,2021,crm,0.0,0.9168
DNK,AUS,2021,crm,1e-05,0.9168
DNK,BEL,2021,crm,0.022245,0.9168
DNK,BRA,2021,crm,0.000167,0.9168
DNK,CAN,2021,crm,0.000143,0.9168
DNK,CHE,2021,crm,0.001453,0.9168
DNK,CHL,2021,crm,1.2e-05,0.9168
DNK,CHN,2021,crm,0.021404,0.9168
DNK,DEU,2021,crm,0.276569,0.9168
DNK,EGY,2021,crm,0.000216,0.9168
DNK,ESP,2021,crm,0.011792,0.9168
DNK,FIN,2021,crm,0.014117,0.9168
DNK,FRA,2021,crm,0.029662,0.9168
DNK,GBR,2021,crm,0.015194,0.9168
DNK,HKG,2021,crm,0.000278,0.9168
DNK,HUN,2021,crm,0.001809,0.9168
DNK,IDN,2021,crm,1e-06,0.9168
DNK,IND,2021,crm,0.001316,0.9168
DNK,ISR,2021,crm,0.000462,0.9168
DNK,ITA,2021,crm,0.040472,0.9168
DNK,JPN,2021,crm,0.002096,0.9168
DNK,KOR,2021,crm,5.9e-05,0.9168
DNK,MEX,2021,crm,0.000167,0.9168
DNK,MYS,2021,crm,3e-06,0.9168
DNK,NLD,2021,crm,0.025769,0.9168
DNK,NOR,2021,crm,0.212525,0.9168
DNK,PER,2021,crm,0.000459,0.9168
DNK,PHL,2021,crm,4.8e-05,0.9168
DNK,POL,2021,crm,0.032638,0.9168
DNK,PRT,2021,crm,0.000217,0.9168
DNK,RUS,2021,crm,0.003032,0.9168
DNK,SAU,2021,crm,0.0,0.9168
DNK,SWE,2021,crm,0.174482,0.9168
DNK,THA,2021,crm,0.000589,0.9168
DNK,TUN,2021,crm,0.002519,0.9168
DNK,TUR,2021,crm,0.0184,0.9168
DNK,UKR,2021,crm,8.9e-05,0.9168
DNK,USA,2021,crm,0.005897,0.9168
DNK,VNM,2021,crm,0.0,0.9168
DNK,ZAF,2021,crm,0.000232,0.9168
DNK,TWN,2021,crm,0.000281,0.9168
DNK,AUS,2023,energy,0.000154,0.9227
DNK,BEL,2023,energy,0.023762,0.9227
DNK,BRA,2023,energy,0.0,0.9227
DNK,CAN,2023,energy,0.00275,0.9227
DNK,CHE,2023,energy,0.000113,0.9227
DNK,CHN,2023,energy,0.009987,0.9227
DNK,COL,2023,energy,0.000573,0.9227
DNK,DEU,2023,energy,0.050049,0.9227
DNK,EGY,2023,energy,0.0,0.9227
DNK,ESP,2023,energy,0.003497,0.9227
DNK,FIN,2023,energy,0.005438,0.9227
DNK,FRA,2023,energy,0.010911,0.9227
DNK,GBR,2023,energy,0.057422,0.9227
DNK,HKG,2023,energy,1e-05,0.9227
DNK,HUN,2023,energy,3.2e-05,0.9227
DNK,IND,2023,energy,0.012119,0.9227
DNK,ISR,2023,energy,7.7e-05,0.9227
DNK,ITA,2023,energy,0.003462,0.9227
DNK,JPN,2023,energy,3.7e-05,0.9227
DNK,KOR,2023,energy,0.024202,0.9227
DNK,MEX,2023,energy,0.000746,0.9227
DNK,MYS,2023,energy,0.001058,0.9227
DNK,NLD,2023,energy,0.065374,0.9227
DNK,NOR,2023,energy,0.208537,0.9227
DNK,POL,2023,energy,0.005339,0.9227
DNK,PRT,2023,energy,2e-06,0.9227
DNK,RUS,2023,energy,0.0,0.9227
DNK,SAU,2023,energy,0.007289,0.9227
DNK,SWE,2023,energy,0.187704,0.9227
DNK,THA,2023,energy,0.0,0.9227
DNK,TUR,2023,energy,0.000603,0.9227
DNK,UKR,2023,energy,0.0,0.9227
DNK,USA,2023,energy,0.239469,0.9227
DNK,ZAF,2023,energy,0.001925,0.9227
DNK,TWN,2023,energy,3.8e-05,0.9227
DNK,ARG,2023,crm,0.0,0.9251
DNK,AUS,2023,crm,4.4e-05,0.9251
DNK,BEL,2023,crm,0.020416,0.9251
DNK,BRA,2023,crm,0.000305,0.9251
DNK,CAN,2023,crm,0.000249,0.9251
DNK,CHE,2023,crm,0.001356,0.9251
DNK,CHL,2023,crm,0.0,0.9251
DNK,CHN,2023,crm,0.013521,0.9251
DNK,COL,2023,crm,2e-06,0.9251
DNK,DEU,2023,crm,0.210668,0.9251
DNK,EGY,2023,crm,0.000216,0.9251
DNK,ESP,2023,crm,0.011732,0.9251
DNK,FIN,2023,crm,0.012125,0.9251
DNK,FRA,2023,crm,0.028759,0.9251
DNK,GBR,2023,crm,0.014007,0.9251
DNK,HKG,2023,crm,0.000221,0.9251
DNK,HUN,2023,crm,0.001072,0.9251
DNK,IDN,2023,crm,0.000338,0.9251
DNK,IND,2023,crm,0.001225,0.9251
DNK,ISR,2023,crm,0.000328,0.9251
DNK,ITA,2023,crm,0.034643,0.9251
DNK,JPN,2023,crm,0.00015,0.9251
DNK,KOR,2023,crm,0.000189,0.9251
DNK,MEX,2023,crm,0.000536,0.9251
DNK,MYS,2023,crm,1.6e-05,0.9251
DNK,NLD,2023,crm,0.032415,0.9251
DNK,NOR,2023,crm,0.358764,0.9251
DNK,PER,2023,crm,0.000462,0.9251
DNK,PHL,2023,crm,1.9e-05,0.9251
DNK,POL,2023,crm,0.033812,0.9251
DNK,PRT,2023,crm,0.001345,0.9251
DNK,RUS,2023,crm,1e-06,0.9251
DNK,SAU,2023,crm,1e-06,0.9251
DNK,SWE,2023,crm,0.116134,0.9251
DNK,THA,2023,crm,0.00033,0.9251
DNK,TUN,2023,crm,0.004193,0.9251
DNK,TUR,2023,crm,0.018678,0.9251
DNK,UKR,2023,crm,4.3e-05,0.9251
DNK,USA,2023,crm,0.006063,0.9251
DNK,VNM,2023,crm,5e-06,0.9251
DNK,ZAF,2023,crm,0.000636,0.9251
DNK,TWN,2023,crm,0.000107,0.9251
EGY,AUS,2019,energy,6e-05,0.5951
EGY,BEL,2019,energy,0.001093,0.5951
EGY,CAN,2019,energy,0.001058,0.5951
EGY,CHE,2019,energy,0.00301,0.5951
EGY,CHN,2019,energy,0.001524,0.5951
EGY,COL,2019,energy,0.000647,0.5951
EGY,DEU,2019,energy,0.001671,0.5951
EGY,DNK,2019,energy,8.7e-05,0.5951
EGY,ESP,2019,energy,0.013851,0.5951
EGY,FIN,2019,energy,0.0,0.5951
EGY,FRA,2019,energy,0.002736,0.5951
EGY,GBR,2019,energy,0.01334,0.5951
EGY,HKG,2019,energy,5.2e-05,0.5951
EGY,HUN,2019,energy,1.6e-05,0.5951
EGY,IDN,2019,energy,4e-06,0.5951
EGY,IND,2019,energy,0.014464,0.5951
EGY,ISR,2019,energy,2.1e-05,0.5951
EGY,ITA,2019,energy,0.032048,0.5951
EGY,JPN,2019,energy,0.000173,0.5951
EGY,KOR,2019,energy,0.020561,0.5951
EGY,MEX,2019,energy,1.1e-05,0.5951
EGY,MYS,2019,energy,0.017686,0.5951
EGY,NLD,2019,energy,0.008868,0.5951
EGY,NOR,2019,energy,3e-06,0.5951
EGY,PHL,2019,energy,0.0,0.5951
EGY,POL,2019,energy,4.3e-05,0.5951
EGY,PRT,2019,energy,0.012776,0.5951
EGY,RUS,2019,energy,0.02476,0.5951
EGY,SAU,2019,energy,0.319306,0.5951
EGY,SWE,2019,energy,0.000161,0.5951
EGY,THA,2019,energy,5.7e-05,0.5951
EGY,TUN,2019,energy,0.001669,0.5951
EGY,TUR,2019,energy,0.048161,0.5951
EGY,UKR,2019,energy,0.001999,0.5951
EGY,USA,2019,energy,0.048193,0.5951
EGY,ZAF,2019,energy,0.00243,0.5951
EGY,TWN,2019,energy,0.00256,0.5951
EGY,ARG,2019,crm,0.000238,0.7347
EGY,AUS,2019,crm,0.019856,0.7347
EGY,BEL,2019,crm,0.071298,0.7347
EGY,BRA,2019,crm,0.102783,0.7347
EGY,CAN,2019,crm,0.026666,0.7347
EGY,CHE,2019,crm,8.6e-05,0.7347
EGY,CHN,2019,crm,0.047762,0.7347
EGY,DEU,2019,crm,0.022129,0.7347
EGY,DNK,2019,crm,9e-06,0.7347
EGY,ESP,2019,crm,0.054965,0.7347
EGY,FIN,2019,crm,0.004039,0.7347
EGY,FRA,2019,crm,0.007262,0.7347
EGY,GBR,2019,crm,0.085733,0.7347
EGY,HKG,2019,crm,0.000237,0.7347
EGY,HUN,2019,crm,2.1e-05,0.7347
EGY,IDN,2019,crm,0.000108,0.7347
EGY,IND,2019,crm,0.015251,0.7347
EGY,ISR,2019,crm,3e-06,0.7347
EGY,ITA,2019,crm,0.026891,0.7347
EGY,JPN,2019,crm,0.00049,0.7347
EGY,KOR,2019,crm,0.002523,0.7347
EGY,MEX,2019,crm,0.000391,0.7347
EGY,MYS,2019,crm,0.003149,0.7347
EGY,NLD,2019,crm,0.01679,0.7347
EGY,NOR,2019,crm,0.012992,0.7347
EGY,PER,2019,crm,3.9e-05,0.7347
EGY,POL,2019,crm,0.000142,0.7347
EGY,PRT,2019,crm,0.001739,0.7347
EGY,RUS,2019,crm,0.062296,0.7347
EGY,SAU,2019,crm,0.030204,0.7347
EGY,SWE,2019,crm,0.022453,0.7347
EGY,THA,2019,crm,0.001927,0.7347
EGY,TUN,2019,crm,6.9e-05,0.7347
EGY,TUR,2019,crm,0.026778,0.7347
EGY,UKR,2019,crm,0.005,0.7347
EGY,USA,2019,crm,0.041163,0.7347
EGY,VNM,2019,crm,0.014459,0.7347
EGY,ZAF,2019,crm,0.005811,0.7347
EGY,TWN,2019,crm,0.000932,0.7347
EGY,AUS,2021,energy,9e-06,0.6611
EGY,BEL,2021,energy,0.054033,0.6611
EGY,BRA,2021,energy,1.3e-05,0.6611
EGY,CAN,2021,energy,3e-05,0.6611
EGY,CHE,2021,energy,0.01081,0.6611
EGY,CHN,2021,energy,0.001259,0.6611
EGY,COL,2021,energy,0.000354,0.6611
EGY,DEU,2021,energy,0.002629,0.6611
EGY,DNK,2021,energy,5.2e-05,0.6611
EGY,ESP,2021,energy,0.014109,0.6611
EGY,FIN,2021,energy,1e-06,0.6611
EGY,FRA,2021,energy,0.001317,0.6611
EGY,GBR,2021,energy,0.003919,0.6611
EGY,HKG,2021,energy,1.5e-05,0.6611
EGY,HUN,2021,energy,2.2e-05,0.6611
EGY,IDN,2021,energy,4.9e-05,0.6611
EGY,IND,2021,energy,0.002256,0.6611
EGY,ISR,2021,energy,0.000184,0.6611
EGY,ITA,2021,energy,0.031773,0.6611
EGY,JPN,2021,energy,0.000127,0.6611
EGY,KOR,2021,energy,0.000336,0.6611
EGY,MEX,2021,energy,1.5e-05,0.6611
EGY,MYS,2021,energy,0.003407,0.6611
EGY,NLD,2021,energy,0.017402,0.6611
EGY,NOR,2021,energy,0.001077,0.6611
EGY,POL,2021,energy,0.000936,0.6611
EGY,PRT,2021,energy,7.2e-05,0.6611
EGY,RUS,2021,energy,0.007955,0.6611
EGY,SAU,2021,energy,0.402368,0.6611
EGY,SWE,2021,energy,1.3e-05,0.6611
EGY,THA,2021,energy,0.000274,0.6611
EGY,TUN,2021,energy,0.001525,0.6611
EGY,TUR,2021,energy,0.006459,0.6611
EGY,UKR,2021,energy,0.00049,0.6611
EGY,USA,2021,energy,0.095679,0.6611
EGY,ZAF,2021,energy,5.7e-05,0.6611
EGY,TWN,2021,energy,2.5e-05,0.6611
EGY,ARG,2021,crm,0.000162,0.6869
EGY,AUS,2021,crm,0.011818,0.6869
EGY,BEL,2021,crm,0.08602,0.6869
EGY,BRA,2021,crm,0.061288,0.6869
EGY,CAN,2021,crm,0.015567,0.6869
EGY,CHE,2021,crm,0.00011,0.6869
EGY,CHL,2021,crm,1e-06,0.6869
EGY,CHN,2021,crm,0.048121,0.6869
EGY,DEU,2021,crm,0.011855,0.6869
EGY,DNK,2021,crm,3.1e-05,0.6869
EGY,ESP,2021,crm,0.05739,0.6869
EGY,FIN,2021,crm,0.000985,0.6869
EGY,FRA,2021,crm,0.004626,0.6869
EGY,GBR,2021,crm,0.112202,0.6869
EGY,HKG,2021,crm,8.2e-05,0.6869
EGY,HUN,2021,crm,2.4e-05,0.6869
EGY,IDN,2021,crm,0.000267,0.6869
EGY,IND,2021,crm,0.005096,0.6869
EGY,ISR,2021,crm,1e-05,0.6869
EGY,ITA,2021,crm,0.02581,0.6869
EGY,JPN,2021,crm,0.000859,0.6869
EGY,KOR,2021,crm,0.001583,0.6869
EGY,MEX,2021,crm,0.000251,0.6869
EGY,MYS,2021,crm,0.001526,0.6869
EGY,NLD,2021,crm,0.040663,0.6869
EGY,NOR,2021,crm,0.01367,0.6869
EGY,PER,2021,crm,7e-06,0.6869
EGY,POL,2021,crm,8.2e-05,0.6869
EGY,PRT,2021,crm,0.0011,0.6869
EGY,RUS,2021,crm,0.031469,0.6869
EGY,SAU,2021,crm,0.026735,0.6869
EGY,SWE,2021,crm,0.017478,0.6869
EGY,THA,2021,crm,0.001747,0.6869
EGY,TUN,2021,crm,5.7e-05,0.6869
EGY,TUR,2021,crm,0.033973,0.6869
EGY,UKR,2021,crm,0.019504,0.6869
EGY,USA,2021,crm,0.044169,0.6869
EGY,VEN,2021,crm,3.2e-05,0.6869
EGY,VNM,2021,crm,0.00389,0.6869
EGY,ZAF,2021,crm,0.006635,0.6869
EGY,TWN,2021,crm,3.8e-05,0.6869
EGY,AUS,2023,energy,6.9e-05,0.6932
EGY,BEL,2023,energy,0.012475,0.6932
EGY,BRA,2023,energy,1e-06,0.6932
EGY,CAN,2023,energy,1.8e-05,0.6932
EGY,CHE,2023,energy,8e-06,0.6932
EGY,CHN,2023,energy,0.001493,0.6932
EGY,DEU,2023,energy,0.000648,0.6932
EGY,DNK,2023,energy,0.000306,0.6932
EGY,ESP,2023,energy,0.014861,0.6932
EGY,FIN,2023,energy,0.0,0.6932
EGY,FRA,2023,energy,0.000158,0.6932
EGY,GBR,2023,energy,0.000453,0.6932
EGY,HKG,2023,energy,0.0,0.6932
EGY,HUN,2023,energy,6e-06,0.6932
EGY,IDN,2023,energy,4.3e-05,0.6932
EGY,IND,2023,energy,0.026835,0.6932
EGY,ISR,2023,energy,0.193088,0.6932
EGY,ITA,2023,energy,0.04006,0.6932
EGY,JPN,2023,energy,2.5e-05,0.6932
EGY,KOR,2023,energy,0.000289,0.6932
EGY,MEX,2023,energy,1e-06,0.6932
EGY,MYS,2023,energy,8e-06,0.6932
EGY,NLD,2023,energy,0.012861,0.6932
EGY,NOR,2023,energy,0.0,0.6932
EGY,PHL,2023,energy,0.0,0.6932
EGY,POL,2023,energy,0.002399,0.6932
EGY,RUS,2023,energy,0.029266,0.6932
EGY,SAU,2023,energy,0.248474,0.6932
EGY,SWE,2023,energy,0.002319,0.6932
EGY,THA,2023,energy,1.7e-05,0.6932
EGY,TUN,2023,energy,0.0,0.6932
EGY,TUR,2023,energy,0.013448,0.6932
EGY,UKR,2023,energy,0.0,0.6932
EGY,USA,2023,energy,0.09316,0.6932
EGY,ZAF,2023,energy,0.000142,0.6932
EGY,TWN,2023,energy,0.000275,0.6932
EGY,ARG,2023,crm,0.000276,0.6247
EGY,AUS,2023,crm,0.017426,0.6247
EGY,BEL,2023,crm,0.064015,0.6247
EGY,BRA,2023,crm,0.102785,0.6247
EGY,CAN,2023,crm,0.016397,0.6247
EGY,CHE,2023,crm,7.9e-05,0.6247
EGY,CHN,2023,crm,0.052313,0.6247
EGY,DEU,2023,crm,0.012964,0.6247
EGY,DNK,2023,crm,1e-05,0.6247
EGY,ESP,2023,crm,0.047533,0.6247
EGY,FIN,2023,crm,0.000373,0.6247
EGY,FRA,2023,crm,0.013117,0.6247
EGY,GBR,2023,crm,0.101387,0.6247
EGY,HKG,2023,crm,2e-06,0.6247
EGY,HUN,2023,crm,4.2e-05,0.6247
EGY,IDN,2023,crm,0.000144,0.6247
EGY,IND,2023,crm,0.008952,0.6247
EGY,ISR,2023,crm,3e-06,0.6247
EGY,ITA,2023,crm,0.012202,0.6247
EGY,JPN,2023,crm,0.000538,0.6247
EGY,KOR,2023,crm,0.001293,0.6247
EGY,MEX,2023,crm,0.000463,0.6247
EGY,MYS,2023,crm,0.001789,0.6247
EGY,NLD,2023,crm,0.043961,0.6247
EGY,NOR,2023,crm,0.000661,0.6247
EGY,PER,2023,crm,0.000749,0.6247
EGY,POL,2023,crm,0.000386,0.6247
EGY,PRT,2023,crm,0.001702,0.6247
EGY,RUS,2023,crm,0.03036,0.6247
EGY,SAU,2023,crm,0.034192,0.6247
EGY,SWE,2023,crm,0.030903,0.6247
EGY,THA,2023,crm,0.001029,0.6247
EGY,TUN,2023,crm,2.1e-05,0.6247
EGY,TUR,2023,crm,0.014682,0.6247
EGY,UKR,2023,crm,0.000418,0.6247
EGY,USA,2023,crm,0.002527,0.6247
EGY,VEN,2023,crm,0.003171,0.6247
EGY,VNM,2023,crm,0.002542,0.6247
EGY,ZAF,2023,crm,0.003185,0.6247
EGY,TWN,2023,crm,6e-05,0.6247
ESP,ARG,2019,energy,0.0,0.5177
ESP,AUS,2019,energy,0.002804,0.5177
ESP,BEL,2019,energy,0.004644,0.5177
ESP,BRA,2019,energy,0.017787,0.5177
ESP,CAN,2019,energy,0.007042,0.5177
ESP,CHE,2019,energy,3.1e-05,0.5177
ESP,CHL,2019,energy,0.0,0.5177
ESP,CHN,2019,energy,0.001313,0.5177
ESP,COL,2019,energy,0.001741,0.5177
ESP,DEU,2019,energy,0.003155,0.5177
ESP,DNK,2019,energy,0.002038,0.5177
ESP,EGY,2019,energy,0.005178,0.5177
ESP,FIN,2019,energy,0.002057,0.5177
ESP,FRA,2019,energy,0.023566,0.5177
ESP,GBR,2019,energy,0.023143,0.5177
ESP,HKG,2019,energy,2.1e-05,0.5177
ESP,HUN,2019,energy,2.1e-05,0.5177
ESP,IDN,2019,energy,0.002121,0.5177
ESP,IND,2019,energy,0.011949,0.5177
ESP,ISR,2019,energy,0.002431,0.5177
ESP,ITA,2019,energy,0.025337,0.5177
ESP,JPN,2019,energy,0.001241,0.5177
ESP,KOR,2019,energy,0.000861,0.5177
ESP,MEX,2019,energy,0.071368,0.5177
ESP,MYS,2019,energy,1.5e-05,0.5177
ESP,NLD,2019,energy,0.019896,0.5177
ESP,NOR,2019,energy,0.029437,0.5177
ESP,PER,2019,energy,0.001739,0.5177
ESP,PHL,2019,energy,0.0,0.5177
ESP,POL,2019,energy,0.001418,0.5177
ESP,PRT,2019,energy,0.016034,0.5177
ESP,RUS,2019,energy,0.059935,0.5177
ESP,SAU,2019,energy,0.081,0.5177
ESP,SWE,2019,energy,0.002985,0.5177
ESP,THA,2019,energy,0.0,0.5177
ESP,TUN,2019,energy,0.001862,0.5177
ESP,TUR,2019,energy,0.006013,0.5177
ESP,UKR,2019,energy,7.1e-05,0.5177
ESP,USA,2019,energy,0.06976,0.5177
ESP,VEN,2019,energy,0.01674,0.5177
ESP,VNM,2019,energy,0.0,0.5177
ESP,ZAF,2019,energy,0.000916,0.5177
ESP,TWN,2019,energy,1e-06,0.5177
ESP,ARG,2019,crm,0.001023,0.8327
ESP,AUS,2019,crm,0.013907,0.8327
ESP,BEL,2019,crm,0.022801,0.8327
ESP,BRA,2019,crm,0.051911,0.8327
ESP,CAN,2019,crm,0.036278,0.8327
ESP,CHE,2019,crm,0.002776,0.8327
ESP,CHL,2019,crm,0.066704,0.8327
ESP,CHN,2019,crm,0.021865,0.8327
ESP,COL,2019,crm,0.001006,0.8327
ESP,DEU,2019,crm,0.054957,0.8327
ESP,DNK,2019,crm,0.00143,0.8327
ESP,EGY,2019,crm,0.002382,0.8327
ESP,FIN,2019,crm,0.003782,0.8327
ESP,FRA,2019,crm,0.103397,0.8327
ESP,GBR,2019,crm,0.045915,0.8327
ESP,HKG,2019,crm,0.000159,0.8327
ESP,HUN,2019,crm,0.000792,0.8327
ESP,IDN,2019,crm,0.006361,0.8327
ESP,IND,2019,crm,0.010368,0.8327
ESP,ISR,2019,crm,0.001343,0.8327
ESP,ITA,2019,crm,0.048856,0.8327
ESP,JPN,2019,crm,0.002231,0.8327
ESP,KOR,2019,crm,0.006357,0.8327
ESP,MEX,2019,crm,0.011723,0.8327
ESP,MYS,2019,crm,0.00648,0.8327
ESP,NLD,2019,crm,0.035593,0.8327
ESP,NOR,2019,crm,0.035292,0.8327
ESP,PER,2019,crm,0.044851,0.8327
ESP,PHL,2019,crm,1e-06,0.8327
ESP,POL,2019,crm,0.004414,0.8327
ESP,PRT,2019,crm,0.047927,0.8327
ESP,RUS,2019,crm,0.013079,0.8327
ESP,SAU,2019,crm,0.001805,0.8327
ESP,SWE,2019,crm,0.002795,0.8327
ESP,THA,2019,crm,0.001909,0.8327
ESP,TUN,2019,crm,0.001628,0.8327
ESP,TUR,2019,crm,0.028179,0.8327
ESP,UKR,2019,crm,0.010423,0.8327
ESP,USA,2019,crm,0.064707,0.8327
ESP,VEN,2019,crm,0.000637,0.8327
ESP,VNM,2019,crm,0.001093,0.8327
ESP,ZAF,2019,crm,0.013553,0.8327
ESP,TWN,2019,crm,5.9e-05,0.8327
ESP,ARG,2021,energy,0.000464,0.554
ESP,AUS,2021,energy,0.004839,0.554
ESP,BEL,2021,energy,0.006715,0.554
ESP,BRA,2021,energy,0.01941,0.554
ESP,CAN,2021,energy,0.012795,0.554
ESP,CHE,2021,energy,3.5e-05,0.554
ESP,CHL,2021,energy,0.0,0.554
ESP,CHN,2021,energy,0.001902,0.554
ESP,COL,2021,energy,0.005328,0.554
ESP,DEU,2021,energy,0.003086,0.554
ESP,DNK,2021,energy,0.001178,0.554
ESP,EGY,2021,energy,0.004252,0.554
ESP,FIN,2021,energy,0.000334,0.554
ESP,FRA,2021,energy,0.044457,0.554
ESP,GBR,2021,energy,0.010138,0.554
ESP,HKG,2021,energy,0.0,0.554
ESP,HUN,2021,energy,2.3e-05,0.554
ESP,IDN,2021,energy,0.000482,0.554
ESP,IND,2021,energy,0.004445,0.554
ESP,ISR,2021,energy,0.001174,0.554
ESP,ITA,2021,energy,0.030776,0.554
ESP,JPN,2021,energy,0.000534,0.554
ESP,KOR,2021,energy,3.1e-05,0.554
ESP,MEX,2021,energy,0.061417,0.554
ESP,MYS,2021,energy,0.00058,0.554
ESP,NLD,2021,energy,0.022996,0.554
ESP,NOR,2021,energy,0.012117,0.554
ESP,PER,2021,energy,0.000666,0.554
ESP,PHL,2021,energy,0.0,0.554
ESP,POL,2021,energy,0.003826,0.554
ESP,PRT,2021,energy,0.02741,0.554
ESP,RUS,2021,energy,0.108263,0.554
ESP,SAU,2021,energy,0.044392,0.554
ESP,SWE,2021,energy,0.004542,0.554
ESP,THA,2021,energy,4.9e-05,0.554
ESP,TUN,2021,energy,0.000967,0.554
ESP,TUR,2021,energy,0.002673,0.554
ESP,UKR,2021,energy,0.000233,0.554
ESP,USA,2021,energy,0.108788,0.554
ESP,VEN,2021,energy,0.000124,0.554
ESP,VNM,2021,energy,0.0,0.554
ESP,ZAF,2021,energy,0.002551,0.554
ESP,TWN,2021,energy,2e-06,0.554
ESP,ARG,2021,crm,0.0004,0.8171
ESP,AUS,2021,crm,0.018974,0.8171
ESP,BEL,2021,crm,0.017665,0.8171
ESP,BRA,2021,crm,0.04804,0.8171
ESP,CAN,2021,crm,0.034972,0.8171
ESP,CHE,2021,crm,0.003582,0.8171
ESP,CHL,2021,crm,0.05448,0.8171
ESP,CHN,2021,crm,0.018166,0.8171
ESP,COL,2021,crm,0.000493,0.8171
ESP,DEU,2021,crm,0.064114,0.8171
ESP,DNK,2021,crm,0.001413,0.8171
ESP,EGY,2021,crm,0.003636,0.8171
ESP,FIN,2021,crm,0.003907,0.8171
ESP,FRA,2021,crm,0.103504,0.8171
ESP,GBR,2021,crm,0.040375,0.8171
ESP,HKG,2021,crm,0.000329,0.8171
ESP,HUN,2021,crm,0.000734,0.8171
ESP,IDN,2021,crm,0.021039,0.8171
ESP,IND,2021,crm,0.008674,0.8171
ESP,ISR,2021,crm,0.001524,0.8171
ESP,ITA,2021,crm,0.052064,0.8171
ESP,JPN,2021,crm,0.001019,0.8171
ESP,KOR,2021,crm,0.006828,0.8171
ESP,MEX,2021,crm,0.01331,0.8171
ESP,MYS,2021,crm,0.001581,0.8171
ESP,NLD,2021,crm,0.06264,0.8171
ESP,NOR,2021,crm,0.005883,0.8171
ESP,PER,2021,crm,0.042368,0.8171
ESP,PHL,2021,crm,0.0,0.8171
ESP,POL,2021,crm,0.00576,0.8171
ESP,PRT,2021,crm,0.048312,0.8171
ESP,RUS,2021,crm,0.010633,0.8171
ESP,SAU,2021,crm,0.002637,0.8171
ESP,SWE,2021,crm,0.002883,0.8171
ESP,THA,2021,crm,0.000508,0.8171
ESP,TUN,2021,crm,0.001849,0.8171
ESP,TUR,2021,crm,0.042384,0.8171
ESP,UKR,2021,crm,0.010864,0.8171
ESP,USA,2021,crm,0.045428,0.8171
ESP,VEN,2021,crm,0.000686,0.8171
ESP,VNM,2021,crm,0.004076,0.8171
ESP,ZAF,2021,crm,0.009281,0.8171
ESP,TWN,2021,crm,6e-05,0.8171
ESP,ARG,2023,energy,0.0,0.5732
ESP,AUS,2023,energy,0.008744,0.5732
ESP,BEL,2023,energy,0.008921,0.5732
ESP,BRA,2023,energy,0.051911,0.5732
ESP,CAN,2023,energy,0.020171,0.5732
ESP,CHE,2023,energy,3.3e-05,0.5732
ESP,CHL,2023,energy,0.0,0.5732
ESP,CHN,2023,energy,0.005348,0.5732
ESP,COL,2023,energy,0.011535,0.5732
ESP,DEU,2023,energy,0.002307,0.5732
ESP,DNK,2023,energy,0.000126,0.5732
ESP,EGY,2023,energy,0.004167,0.5732
ESP,FIN,2023,energy,0.000134,0.5732
ESP,FRA,2023,energy,0.027228,0.5732
ESP,GBR,2023,energy,0.007468,0.5732
ESP,HKG,2023,energy,3e-06,0.5732
ESP,HUN,2023,energy,1.7e-05,0.5732
ESP,IDN,2023,energy,0.000283,0.5732
ESP,IND,2023,energy,0.014349,0.5732
ESP,ISR,2023,energy,0.001357,0.5732
ESP,ITA,2023,energy,0.035706,0.5732
ESP,JPN,2023,energy,0.000368,0.5732
ESP,KOR,2023,energy,0.003083,0.5732
ESP,MEX,2023,energy,0.05524,0.5732
ESP,MYS,2023,energy,0.001085,0.5732
ESP,NLD,2023,energy,0.022297,0.5732
ESP,NOR,2023,energy,0.012235,0.5732
ESP,PER,2023,energy,0.002538,0.5732
ESP,PHL,2023,energy,0.0,0.5732
ESP,POL,2023,energy,0.000734,0.5732
ESP,PRT,2023,energy,0.013245,0.5732
ESP,RUS,2023,energy,0.038041,0.5732
ESP,SAU,2023,energy,0.04334,0.5732
ESP,SWE,2023,energy,0.004008,0.5732
ESP,THA,2023,energy,6e-05,0.5732
ESP,TUN,2023,energy,0.000628,0.5732
ESP,TUR,2023,energy,0.008472,0.5732
ESP,UKR,2023,energy,0.0,0.5732
ESP,USA,2023,energy,0.156925,0.5732
ESP,VEN,2023,energy,0.008656,0.5732
ESP,VNM,2023,energy,3e-05,0.5732
ESP,ZAF,2023,energy,0.002387,0.5732
ESP,TWN,2023,energy,2e-06,0.5732
ESP,ARG,2023,crm,0.002153,0.8078
ESP,AUS,2023,crm,0.010466,0.8078
ESP,BEL,2023,crm,0.02473,0.8078
ESP,BRA,2023,crm,0.029972,0.8078
ESP,CAN,2023,crm,0.026638,0.8078
ESP,CHE,2023,crm,0.003886,0.8078
ESP,CHL,2023,crm,0.040689,0.8078
ESP,CHN,2023,crm,0.018097,0.8078
ESP,COL,2023,crm,0.000917,0.8078
ESP,DEU,2023,crm,0.062724,0.8078
ESP,DNK,2023,crm,0.001773,0.8078
ESP,EGY,2023,crm,0.001548,0.8078
ESP,FIN,2023,crm,0.002754,0.8078
ESP,FRA,2023,crm,0.110094,0.8078
ESP,GBR,2023,crm,0.039423,0.8078
ESP,HKG,2023,crm,5.9e-05,0.8078
ESP,HUN,2023,crm,0.000563,0.8078
ESP,IDN,2023,crm,0.047677,0.8078
ESP,IND,2023,crm,0.01066,0.8078
ESP,ISR,2023,crm,0.001408,0.8078
ESP,ITA,2023,crm,0.060522,0.8078
ESP,JPN,2023,crm,0.004826,0.8078
ESP,KOR,2023,crm,0.003105,0.8078
ESP,MEX,2023,crm,0.0196,0.8078
ESP,MYS,2023,crm,0.011215,0.8078
ESP,NLD,2023,crm,0.063479,0.8078
ESP,NOR,2023,crm,0.003218,0.8078
ESP,PER,2023,crm,0.05276,0.8078
ESP,PHL,2023,crm,1.4e-05,0.8078
ESP,POL,2023,crm,0.005174,0.8078
ESP,PRT,2023,crm,0.051641,0.8078
ESP,RUS,2023,crm,0.012603,0.8078
ESP,SAU,2023,crm,0.00202,0.8078
ESP,SWE,2023,crm,0.00857,0.8078
ESP,THA,2023,crm,0.000317,0.8078
ESP,TUN,2023,crm,0.002148,0.8078
ESP,TUR,2023,crm,0.025285,0.8078
ESP,UKR,2023,crm,0.000523,0.8078
ESP,USA,2023,crm,0.025824,0.8078
ESP,VEN,2023,crm,0.00144,0.8078
ESP,VNM,2023,crm,0.003796,0.8078
ESP,ZAF,2023,crm,0.013361,0.8078
ESP,TWN,2023,crm,8.2e-05,0.8078
FIN,AUS,2019,energy,1e-06,0.9881
FIN,BEL,2019,energy,0.019303,0.9881
FIN,CAN,2019,energy,0.012095,0.9881
FIN,CHE,2019,energy,0.000188,0.9881
FIN,CHL,2019,energy,0.0,0.9881
FIN,CHN,2019,energy,6.3e-05,0.9881
FIN,COL,2019,energy,0.000227,0.9881
FIN,DEU,2019,energy,0.008536,0.9881
FIN,DNK,2019,energy,0.012319,0.9881
FIN,EGY,2019,energy,0.000121,0.9881
FIN,ESP,2019,energy,0.000173,0.9881
FIN,FRA,2019,energy,0.003453,0.9881
FIN,GBR,2019,energy,0.001103,0.9881
FIN,HKG,2019,energy,0.0,0.9881
FIN,HUN,2019,energy,1.7e-05,0.9881
FIN,IDN,2019,energy,0.0,0.9881
FIN,IND,2019,energy,5.1e-05,0.9881
FIN,ISR,2019,energy,0.0,0.9881
FIN,ITA,2019,energy,0.000817,0.9881
FIN,JPN,2019,energy,3.6e-05,0.9881
FIN,KOR,2019,energy,1.6e-05,0.9881
FIN,MEX,2019,energy,0.0,0.9881
FIN,MYS,2019,energy,0.0,0.9881
FIN,NLD,2019,energy,0.038174,0.9881
FIN,NOR,2019,energy,0.067786,0.9881
FIN,PER,2019,energy,0.0,0.9881
FIN,PHL,2019,energy,0.0,0.9881
FIN,POL,2019,energy,0.002692,0.9881
FIN,PRT,2019,energy,0.0,0.9881
FIN,RUS,2019,energy,0.6148,0.9881
FIN,SAU,2019,energy,0.0,0.9881
FIN,SWE,2019,energy,0.189193,0.9881
FIN,TUR,2019,energy,2.2e-05,0.9881
FIN,UKR,2019,energy,0.0,0.9881
FIN,USA,2019,energy,0.016846,0.9881
FIN,ZAF,2019,energy,2.9e-05,0.9881
FIN,TWN,2019,energy,2e-06,0.9881
FIN,AUS,2019,crm,0.000975,0.9444
FIN,BEL,2019,crm,0.020045,0.9444
FIN,BRA,2019,crm,0.0227,0.9444
FIN,CAN,2019,crm,0.091737,0.9444
FIN,CHE,2019,crm,0.001382,0.9444
FIN,CHL,2019,crm,0.064948,0.9444
FIN,CHN,2019,crm,0.014372,0.9444
FIN,COL,2019,crm,8e-06,0.9444
FIN,DEU,2019,crm,0.075521,0.9444
FIN,DNK,2019,crm,0.005782,0.9444
FIN,EGY,2019,crm,0.000182,0.9444
FIN,ESP,2019,crm,0.01228,0.9444
FIN,FRA,2019,crm,0.006711,0.9444
FIN,GBR,2019,crm,0.012808,0.9444
FIN,HKG,2019,crm,1.1e-05,0.9444
FIN,HUN,2019,crm,0.000969,0.9444
FIN,IDN,2019,crm,1.1e-05,0.9444
FIN,IND,2019,crm,0.00151,0.9444
FIN,ISR,2019,crm,1.3e-05,0.9444
FIN,ITA,2019,crm,0.007447,0.9444
FIN,JPN,2019,crm,0.001399,0.9444
FIN,KOR,2019,crm,2.5e-05,0.9444
FIN,MEX,2019,crm,0.001599,0.9444
FIN,MYS,2019,crm,0.000234,0.9444
FIN,NLD,2019,crm,0.009164,0.9444
FIN,NOR,2019,crm,0.039918,0.9444
FIN,PER,2019,crm,0.021698,0.9444
FIN,PHL,2019,crm,0.0,0.9444
FIN,POL,2019,crm,0.006458,0.9444
FIN,PRT,2019,crm,0.038486,0.9444
FIN,RUS,2019,crm,0.28334,0.9444
FIN,SAU,2019,crm,3.1e-05,0.9444
FIN,SWE,2019,crm,0.158596,0.9444
FIN,THA,2019,crm,2.1e-05,0.9444
FIN,TUN,2019,crm,0.000336,0.9444
FIN,TUR,2019,crm,0.004593,0.9444
FIN,UKR,2019,crm,0.000204,0.9444
FIN,USA,2019,crm,0.030152,0.9444
FIN,VNM,2019,crm,0.0,0.9444
FIN,ZAF,2019,crm,0.008448,0.9444
FIN,TWN,2019,crm,0.000283,0.9444
FIN,ARG,2021,energy,8e-06,0.9772
FIN,AUS,2021,energy,0.000998,0.9772
FIN,BEL,2021,energy,0.007004,0.9772
FIN,BRA,2021,energy,0.0,0.9772
FIN,CAN,2021,energy,0.007205,0.9772
FIN,CHE,2021,energy,0.000264,0.9772
FIN,CHN,2021,energy,8.9e-05,0.9772
FIN,DEU,2021,energy,0.007005,0.9772
FIN,DNK,2021,energy,0.009284,0.9772
FIN,EGY,2021,energy,5.1e-05,0.9772
FIN,ESP,2021,energy,0.000255,0.9772
FIN,FRA,2021,energy,0.004423,0.9772
FIN,GBR,2021,energy,0.001723,0.9772
FIN,HKG,2021,energy,0.0,0.9772
FIN,HUN,2021,energy,5.8e-05,0.9772
FIN,IDN,2021,energy,1e-06,0.9772
FIN,IND,2021,energy,4.4e-05,0.9772
FIN,ITA,2021,energy,0.00139,0.9772
FIN,JPN,2021,energy,3.8e-05,0.9772
FIN,KOR,2021,energy,0.001909,0.9772
FIN,MEX,2021,energy,1e-06,0.9772
FIN,MYS,2021,energy,0.0,0.9772
FIN,NLD,2021,energy,0.053027,0.9772
FIN,NOR,2021,energy,0.083195,0.9772
FIN,POL,2021,energy,0.003841,0.9772
FIN,PRT,2021,energy,1e-06,0.9772
FIN,RUS,2021,energy,0.501011,0.9772
FIN,SWE,2021,energy,0.272534,0.9772
FIN,THA,2021,energy,0.0,0.9772
FIN,TUR,2021,energy,0.001864,0.9772
FIN,UKR,2021,energy,2.3e-05,0.9772
FIN,USA,2021,energy,0.019869,0.9772
FIN,VNM,2021,energy,0.0,0.9772
FIN,ZAF,2021,energy,3.9e-05,0.9772
FIN,TWN,2021,energy,1e-05,0.9772
FIN,ARG,2021,crm,1e-06,0.9081
FIN,AUS,2021,crm,0.026297,0.9081
FIN,BEL,2021,crm,0.021885,0.9081
FIN,BRA,2021,crm,0.045958,0.9081
FIN,CAN,2021,crm,0.040676,0.9081
FIN,CHE,2021,crm,0.003113,0.9081
FIN,CHL,2021,crm,0.048612,0.9081
FIN,CHN,2021,crm,0.007975,0.9081
FIN,COL,2021,crm,1e-06,0.9081
FIN,DEU,2021,crm,0.062647,0.9081
FIN,DNK,2021,crm,0.002697,0.9081
FIN,EGY,2021,crm,1e-06,0.9081
FIN,ESP,2021,crm,0.028514,0.9081
FIN,FRA,2021,crm,0.007351,0.9081
FIN,GBR,2021,crm,0.008647,0.9081
FIN,HKG,2021,crm,1.8e-05,0.9081
FIN,HUN,2021,crm,0.000801,0.9081
FIN,IDN,2021,crm,6.1e-05,0.9081
FIN,IND,2021,crm,0.000139,0.9081
FIN,ISR,2021,crm,4e-06,0.9081
FIN,ITA,2021,crm,0.00776,0.9081
FIN,JPN,2021,crm,0.000149,0.9081
FIN,KOR,2021,crm,4.8e-05,0.9081
FIN,MEX,2021,crm,0.010351,0.9081
FIN,MYS,2021,crm,0.000242,0.9081
FIN,NLD,2021,crm,0.008194,0.9081
FIN,NOR,2021,crm,0.02957,0.9081
FIN,PER,2021,crm,0.022086,0.9081
FIN,PHL,2021,crm,0.0,0.9081
FIN,POL,2021,crm,0.004463,0.9081
FIN,PRT,2021,crm,0.052237,0.9081
FIN,RUS,2021,crm,0.276385,0.9081
FIN,SAU,2021,crm,0.0,0.9081
FIN,SWE,2021,crm,0.158923,0.9081
FIN,THA,2021,crm,2.2e-05,0.9081
FIN,TUN,2021,crm,2e-05,0.9081
FIN,TUR,2021,crm,0.008826,0.9081
FIN,UKR,2021,crm,0.000107,0.9081
FIN,USA,2021,crm,0.016998,0.9081
FIN,VNM,2021,crm,0.000176,0.9081
FIN,ZAF,2021,crm,0.005668,0.9081
FIN,TWN,2021,crm,0.000494,0.9081
FIN,AUS,2023,energy,0.009776,0.9617
FIN,BEL,2023,energy,0.01476,0.9617
FIN,BRA,2023,energy,0.004084,0.9617
FIN,CAN,2023,energy,0.011537,0.9617
FIN,CHE,2023,energy,0.000224,0.9617
FIN,CHN,2023,energy,0.012591,0.9617
FIN,COL,2023,energy,0.000347,0.9617
FIN,DEU,2023,energy,0.006978,0.9617
FIN,DNK,2023,energy,0.004693,0.9617
FIN,EGY,2023,energy,2e-06,0.9617
FIN,ESP,2023,energy,0.002607,0.9617
FIN,FRA,2023,energy,0.006359,0.9617
FIN,GBR,2023,energy,0.045931,0.9617
FIN,HKG,2023,energy,0.0,0.9617
FIN,HUN,2023,energy,5e-06,0.9617
FIN,IND,2023,energy,8.5e-05,0.9617
FIN,ISR,2023,energy,0.0,0.9617
FIN,ITA,2023,energy,0.000486,0.9617
FIN,JPN,2023,energy,3.7e-05,0.9617
FIN,KOR,2023,energy,9.7e-05,0.9617
FIN,MEX,2023,energy,0.0,0.9617
FIN,MYS,2023,energy,6e-06,0.9617
FIN,NLD,2023,energy,0.033531,0.9617
FIN,NOR,2023,energy,0.445127,0.9617
FIN,PER,2023,energy,0.0,0.9617
FIN,POL,2023,energy,0.018212,0.9617
FIN,PRT,2023,energy,0.0,0.9617
FIN,RUS,2023,energy,0.007019,0.9617
FIN,SWE,2023,energy,0.199586,0.9617
FIN,THA,2023,energy,1e-06,0.9617
FIN,TUN,2023,energy,0.0,0.9617
FIN,TUR,2023,energy,0.00347,0.9617
FIN,UKR,2023,energy,0.0,0.9617
FIN,USA,2023,energy,0.131684,0.9617
FIN,ZAF,2023,energy,0.002504,0.9617
FIN,TWN,2023,energy,9e-06,0.9617
FIN,ARG,2023,crm,0.000529,0.8942
FIN,AUS,2023,crm,0.028256,0.8942
FIN,BEL,2023,crm,0.036617,0.8942
FIN,BRA,2023,crm,0.063351,0.8942
FIN,CAN,2023,crm,0.023498,0.8942
FIN,CHE,2023,crm,0.005339,0.8942
FIN,CHL,2023,crm,0.005328,0.8942
FIN,CHN,2023,crm,0.009275,0.8942
FIN,DEU,2023,crm,0.081179,0.8942
FIN,DNK,2023,crm,0.003636,0.8942
FIN,EGY,2023,crm,0.001414,0.8942
FIN,ESP,2023,crm,0.019292,0.8942
FIN,FRA,2023,crm,0.016768,0.8942
FIN,GBR,2023,crm,0.011236,0.8942
FIN,HKG,2023,crm,7e-06,0.8942
FIN,HUN,2023,crm,0.000627,0.8942
FIN,IDN,2023,crm,0.003544,0.8942
FIN,IND,2023,crm,0.000328,0.8942
FIN,ISR,2023,crm,8e-06,0.8942
FIN,ITA,2023,crm,0.007289,0.8942
FIN,JPN,2023,crm,0.000147,0.8942
FIN,KOR,2023,crm,7.9e-05,0.8942
FIN,MEX,2023,crm,0.001864,0.8942
FIN,MYS,2023,crm,0.000534,0.8942
FIN,NLD,2023,crm,0.010249,0.8942
FIN,NOR,2023,crm,0.032042,0.8942
FIN,PER,2023,crm,0.045904,0.8942
FIN,POL,2023,crm,0.005576,0.8942
FIN,PRT,2023,crm,0.043355,0.8942
FIN,RUS,2023,crm,0.199601,0.8942
FIN,SAU,2023,crm,2.5e-05,0.8942
FIN,SWE,2023,crm,0.192992,0.8942
FIN,THA,2023,crm,5e-06,0.8942
FIN,TUN,2023,crm,1e-06,0.8942
FIN,TUR,2023,crm,0.006738,0.8942
FIN,UKR,2023,crm,0.004925,0.8942
FIN,USA,2023,crm,0.025973,0.8942
FIN,VNM,2023,crm,2.6e-05,0.8942
FIN,ZAF,2023,crm,0.006426,0.8942
FIN,TWN,2023,crm,0.000212,0.8942
FRA,ARG,2019,energy,0.000738,0.6843
FRA,AUS,2019,energy,0.010041,0.6843
FRA,BEL,2019,energy,0.150119,0.6843
FRA,BRA,2019,energy,0.003048,0.6843
FRA,CAN,2019,energy,0.001494,0.6843
FRA,CHE,2019,energy,0.00424,0.6843
FRA,CHL,2019,energy,1e-06,0.6843
FRA,CHN,2019,energy,0.003119,0.6843
FRA,COL,2019,energy,0.002115,0.6843
FRA,DEU,2019,energy,0.034929,0.6843
FRA,DNK,2019,energy,0.000507,0.6843
FRA,EGY,2019,energy,0.002558,0.6843
FRA,ESP,2019,energy,0.028609,0.6843
FRA,FIN,2019,energy,0.001601,0.6843
FRA,GBR,2019,energy,0.010047,0.6843
FRA,HKG,2019,energy,0.0,0.6843
FRA,HUN,2019,energy,5.6e-05,0.6843
FRA,IDN,2019,energy,1.7e-05,0.6843
FRA,IND,2019,energy,0.01862,0.6843
FRA,ISR,2019,energy,0.000134,0.6843
FRA,ITA,2019,energy,0.021072,0.6843
FRA,JPN,2019,energy,0.001728,0.6843
FRA,KOR,2019,energy,0.008432,0.6843
FRA,MEX,2019,energy,0.000305,0.6843
FRA,MYS,2019,energy,0.000707,0.6843
FRA,NLD,2019,energy,0.031672,0.6843
FRA,NOR,2019,energy,0.029773,0.6843
FRA,PER,2019,energy,0.002086,0.6843
FRA,PHL,2019,energy,8e-06,0.6843
FRA,POL,2019,energy,0.001299,0.6843
FRA,PRT,2019,energy,0.003162,0.6843
FRA,RUS,2019,energy,0.120921,0.6843
FRA,SAU,2019,energy,0.109016,0.6843
FRA,SWE,2019,energy,0.003445,0.6843
FRA,THA,2019,energy,0.0,0.6843
FRA,TUN,2019,energy,0.003204,0.6843
FRA,TUR,2019,energy,0.001283,0.6843
FRA,UKR,2019,energy,1.2e-05,0.6843
FRA,USA,2019,energy,0.072218,0.6843
FRA,VEN,2019,energy,0.0,0.6843
FRA,VNM,2019,energy,0.0,0.6843
FRA,ZAF,2019,energy,0.002001,0.6843
FRA,TWN,2019,energy,5e-06,0.6843
FRA,ARG,2019,crm,0.000422,0.8444
FRA,AUS,2019,crm,0.00467,0.8444
FRA,BEL,2019,crm,0.077655,0.8444
FRA,BRA,2019,crm,0.034885,0.8444
FRA,CAN,2019,crm,0.045945,0.8444
FRA,CHE,2019,crm,0.022493,0.8444
FRA,CHL,2019,crm,0.043244,0.8444
FRA,CHN,2019,crm,0.021374,0.8444
FRA,COL,2019,crm,3.2e-05,0.8444
FRA,DEU,2019,crm,0.156338,0.8444
FRA,DNK,2019,crm,0.002762,0.8444
FRA,EGY,2019,crm,0.000999,0.8444
FRA,ESP,2019,crm,0.082634,0.8444
FRA,FIN,2019,crm,0.012307,0.8444
FRA,GBR,2019,crm,0.034843,0.8444
FRA,HKG,2019,crm,0.000213,0.8444
FRA,HUN,2019,crm,0.003913,0.8444
FRA,IDN,2019,crm,0.001525,0.8444
FRA,IND,2019,crm,0.002736,0.8444
FRA,ISR,2019,crm,0.00152,0.8444
FRA,ITA,2019,crm,0.072478,0.8444
FRA,JPN,2019,crm,0.003266,0.8444
FRA,KOR,2019,crm,0.003015,0.8444
FRA,MEX,2019,crm,0.004635,0.8444
FRA,MYS,2019,crm,0.000223,0.8444
FRA,NLD,2019,crm,0.035275,0.8444
FRA,NOR,2019,crm,0.030878,0.8444
FRA,PER,2019,crm,0.004842,0.8444
FRA,PHL,2019,crm,6e-06,0.8444
FRA,POL,2019,crm,0.01713,0.8444
FRA,PRT,2019,crm,0.006651,0.8444
FRA,RUS,2019,crm,0.024775,0.8444
FRA,SAU,2019,crm,0.001862,0.8444
FRA,SWE,2019,crm,0.005817,0.8444
FRA,THA,2019,crm,0.000717,0.8444
FRA,TUN,2019,crm,0.002332,0.8444
FRA,TUR,2019,crm,0.012511,0.8444
FRA,UKR,2019,crm,0.000393,0.8444
FRA,USA,2019,crm,0.054686,0.8444
FRA,VEN,2019,crm,0.000142,0.8444
FRA,VNM,2019,crm,0.000681,0.8444
FRA,ZAF,2019,crm,0.011189,0.8444
FRA,TWN,2019,crm,0.000395,0.8444
FRA,ARG,2021,energy,0.000213,0.7564
FRA,AUS,2021,energy,0.004612,0.7564
FRA,BEL,2021,energy,0.201343,0.7564
FRA,BRA,2021,energy,0.001199,0.7564
FRA,CAN,2021,energy,0.003143,0.7564
FRA,CHE,2021,energy,0.008515,0.7564
FRA,CHL,2021,energy,0.0,0.7564
FRA,CHN,2021,energy,0.002977,0.7564
FRA,COL,2021,energy,0.001811,0.7564
FRA,DEU,2021,energy,0.060127,0.7564
FRA,DNK,2021,energy,0.000651,0.7564
FRA,EGY,2021,energy,0.002644,0.7564
FRA,ESP,2021,energy,0.040643,0.7564
FRA,FIN,2021,energy,0.001429,0.7564
FRA,GBR,2021,energy,0.028698,0.7564
FRA,HKG,2021,energy,0.0,0.7564
FRA,HUN,2021,energy,7.6e-05,0.7564
FRA,IDN,2021,energy,0.0,0.7564
FRA,IND,2021,energy,0.014122,0.7564
FRA,ISR,2021,energy,0.000551,0.7564
FRA,ITA,2021,energy,0.014838,0.7564
FRA,JPN,2021,energy,0.000396,0.7564
FRA,KOR,2021,energy,0.006118,0.7564
FRA,MEX,2021,energy,0.0,0.7564
FRA,MYS,2021,energy,0.00789,0.7564
FRA,NLD,2021,energy,0.050493,0.7564
FRA,NOR,2021,energy,0.018265,0.7564
FRA,PER,2021,energy,0.002009,0.7564
FRA,PHL,2021,energy,0.0,0.7564
FRA,POL,2021,energy,0.004549,0.7564
FRA,PRT,2021,energy,0.001796,0.7564
FRA,RUS,2021,energy,0.131909,0.7564
FRA,SAU,2021,energy,0.05096,0.7564
FRA,SWE,2021,energy,0.005033,0.7564
FRA,THA,2021,energy,0.0,0.7564
FRA,TUN,2021,energy,0.002527,0.7564
FRA,TUR,2021,energy,0.001091,0.7564
FRA,UKR,2021,energy,1e-05,0.7564
FRA,USA,2021,energy,0.08439,0.7564
FRA,VNM,2021,energy,0.0,0.7564
FRA,ZAF,2021,energy,0.001337,0.7564
FRA,TWN,2021,energy,1e-06,0.7564
FRA,ARG,2021,crm,2.4e-05,0.8578
FRA,AUS,2021,crm,0.000193,0.8578
FRA,BEL,2021,crm,0.102254,0.8578
FRA,BRA,2021,crm,0.038289,0.8578
FRA,CAN,2021,crm,0.052348,0.8578
FRA,CHE,2021,crm,0.023093,0.8578
FRA,CHL,2021,crm,0.039767,0.8578
FRA,CHN,2021,crm,0.015861,0.8578
FRA,COL,2021,crm,0.000165,0.8578
FRA,DEU,2021,crm,0.167973,0.8578
FRA,DNK,2021,crm,0.001775,0.8578
FRA,EGY,2021,crm,0.00117,0.8578
FRA,ESP,2021,crm,0.094865,0.8578
FRA,FIN,2021,crm,0.012185,0.8578
FRA,GBR,2021,crm,0.02497,0.8578
FRA,HKG,2021,crm,0.000371,0.8578
FRA,HUN,2021,crm,0.004186,0.8578
FRA,IDN,2021,crm,0.000201,0.8578
FRA,IND,2021,crm,0.002257,0.8578
FRA,ISR,2021,crm,0.000893,0.8578
FRA,ITA,2021,crm,0.082129,0.8578
FRA,JPN,2021,crm,0.001901,0.8578
FRA,KOR,2021,crm,0.000694,0.8578
FRA,MEX,2021,crm,0.000448,0.8578
FRA,MYS,2021,crm,0.000377,0.8578
FRA,NLD,2021,crm,0.063726,0.8578
FRA,NOR,2021,crm,0.010572,0.8578
FRA,PER,2021,crm,0.001125,0.8578
FRA,PHL,2021,crm,1e-06,0.8578
FRA,POL,2021,crm,0.01892,0.8578
FRA,PRT,2021,crm,0.004388,0.8578
FRA,RUS,2021,crm,0.029884,0.8578
FRA,SAU,2021,crm,0.001714,0.8578
FRA,SWE,2021,crm,0.005808,0.8578
FRA,THA,2021,crm,0.000333,0.8578
FRA,TUN,2021,crm,0.001237,0.8578
FRA,TUR,2021,crm,0.018736,0.8578
FRA,UKR,2021,crm,0.002065,0.8578
FRA,USA,2021,crm,0.020137,0.8578
FRA,VEN,2021,crm,2.5e-05,0.8578
FRA,VNM,2021,crm,0.001625,0.8578
FRA,ZAF,2021,crm,0.008896,0.8578
FRA,TWN,2021,crm,0.000264,0.8578
FRA,ARG,2023,energy,0.0,0.7049
FRA,AUS,2023,energy,0.00683,0.7049
FRA,BEL,2023,energy,0.245025,0.7049
FRA,BRA,2023,energy,0.006789,0.7049
FRA,CAN,2023,energy,0.003982,0.7049
FRA,CHE,2023,energy,0.005323,0.7049
FRA,CHL,2023,energy,5e-06,0.7049
FRA,CHN,2023,energy,0.007063,0.7049
FRA,COL,2023,energy,0.001349,0.7049
FRA,DEU,2023,energy,0.022887,0.7049
FRA,DNK,2023,energy,5.4e-05,0.7049
FRA,EGY,2023,energy,0.001651,0.7049
FRA,ESP,2023,energy,0.065193,0.7049
FRA,FIN,2023,energy,0.001041,0.7049
FRA,GBR,2023,energy,0.013828,0.7049
FRA,HKG,2023,energy,0.0,0.7049
FRA,HUN,2023,energy,1.6e-05,0.7049
FRA,IDN,2023,energy,4.8e-05,0.7049
FRA,IND,2023,energy,0.017526,0.7049
FRA,ISR,2023,energy,1.9e-05,0.7049
FRA,ITA,2023,energy,0.009508,0.7049
FRA,JPN,2023,energy,0.000188,0.7049
FRA,KOR,2023,energy,0.006004,0.7049
FRA,MEX,2023,energy,0.0,0.7049
FRA,MYS,2023,energy,0.004091,0.7049
FRA,NLD,2023,energy,0.039849,0.7049
FRA,NOR,2023,energy,0.027523,0.7049
FRA,PER,2023,energy,0.001699,0.7049
FRA,PHL,2023,energy,0.0,0.7049
FRA,POL,2023,energy,0.001668,0.7049
FRA,PRT,2023,energy,0.000369,0.7049
FRA,RUS,2023,energy,0.022471,0.7049
FRA,SAU,2023,energy,0.052571,0.7049
FRA,SWE,2023,energy,0.003209,0.7049
FRA,THA,2023,energy,0.0,0.7049
FRA,TUN,2023,energy,0.000419,0.7049
FRA,TUR,2023,energy,0.001495,0.7049
FRA,UKR,2023,energy,0.0,0.7049
FRA,USA,2023,energy,0.13239,0.7049
FRA,VNM,2023,energy,7e-06,0.7049
FRA,ZAF,2023,energy,0.001998,0.7049
FRA,TWN,2023,energy,0.000841,0.7049
FRA,ARG,2023,crm,2e-05,0.8595
FRA,AUS,2023,crm,0.002517,0.8595
FRA,BEL,2023,crm,0.124269,0.8595
FRA,BRA,2023,crm,0.017849,0.8595
FRA,CAN,2023,crm,0.036442,0.8595
FRA,CHE,2023,crm,0.020613,0.8595
FRA,CHL,2023,crm,0.041983,0.8595
FRA,CHN,2023,crm,0.016738,0.8595
FRA,COL,2023,crm,0.000183,0.8595
FRA,DEU,2023,crm,0.169446,0.8595
FRA,DNK,2023,crm,0.002243,0.8595
FRA,EGY,2023,crm,0.000673,0.8595
FRA,ESP,2023,crm,0.093781,0.8595
FRA,FIN,2023,crm,0.016649,0.8595
FRA,GBR,2023,crm,0.030675,0.8595
FRA,HKG,2023,crm,5.9e-05,0.8595
FRA,HUN,2023,crm,0.003955,0.8595
FRA,IDN,2023,crm,0.001249,0.8595
FRA,IND,2023,crm,0.002592,0.8595
FRA,ISR,2023,crm,0.000729,0.8595
FRA,ITA,2023,crm,0.089328,0.8595
FRA,JPN,2023,crm,0.003667,0.8595
FRA,KOR,2023,crm,0.001052,0.8595
FRA,MEX,2023,crm,0.000216,0.8595
FRA,MYS,2023,crm,0.001788,0.8595
FRA,NLD,2023,crm,0.064408,0.8595
FRA,NOR,2023,crm,0.010645,0.8595
FRA,PER,2023,crm,0.000665,0.8595
FRA,PHL,2023,crm,1e-06,0.8595
FRA,POL,2023,crm,0.019692,0.8595
FRA,PRT,2023,crm,0.00477,0.8595
FRA,RUS,2023,crm,0.009747,0.8595
FRA,SAU,2023,crm,0.000966,0.8595
FRA,SWE,2023,crm,0.007659,0.8595
FRA,THA,2023,crm,0.000354,0.8595
FRA,TUN,2023,crm,0.001065,0.8595
FRA,TUR,2023,crm,0.017696,0.8595
FRA,UKR,2023,crm,0.000276,0.8595
FRA,USA,2023,crm,0.036768,0.8595
FRA,VEN,2023,crm,1.6e-05,0.8595
FRA,VNM,2023,crm,0.001117,0.8595
FRA,ZAF,2023,crm,0.004577,0.8595
FRA,TWN,2023,crm,0.000355,0.8595
GBR,ARG,2019,energy,0.0,0.8251
GBR,AUS,2019,energy,0.003535,0.8251
GBR,BEL,2019,energy,0.034668,0.8251
GBR,BRA,2019,energy,2e-06,0.8251
GBR,CAN,2019,energy,0.011358,0.8251
GBR,CHE,2019,energy,3.8e-05,0.8251
GBR,CHN,2019,energy,0.002394,0.8251
GBR,COL,2019,energy,0.002319,0.8251
GBR,DEU,2019,energy,0.008483,0.8251
GBR,DNK,2019,energy,0.005553,0.8251
GBR,EGY,2019,energy,0.002815,0.8251
GBR,ESP,2019,energy,0.002782,0.8251
GBR,FIN,2019,energy,0.007912,0.8251
GBR,FRA,2019,energy,0.022346,0.8251
GBR,HKG,2019,energy,1.7e-05,0.8251
GBR,HUN,2019,energy,2.3e-05,0.8251
GBR,IDN,2019,energy,3e-06,0.8251
GBR,IND,2019,energy,0.02316,0.8251
GBR,ISR,2019,energy,0.000214,0.8251
GBR,ITA,2019,energy,0.003345,0.8251
GBR,JPN,2019,energy,0.002761,0.8251
GBR,KOR,2019,energy,0.003809,0.8251
GBR,MEX,2019,energy,1.1e-05,0.8251
GBR,MYS,2019,energy,0.001064,0.8251
GBR,NLD,2019,energy,0.073958,0.8251
GBR,NOR,2019,energy,0.30266,0.8251
GBR,PER,2019,energy,0.001338,0.8251
GBR,POL,2019,energy,0.002083,0.8251
GBR,PRT,2019,energy,0.000559,0.8251
GBR,RUS,2019,energy,0.115192,0.8251
GBR,SAU,2019,energy,0.037937,0.8251
GBR,SWE,2019,energy,0.015588,0.8251
GBR,THA,2019,energy,0.0,0.8251
GBR,TUN,2019,energy,0.000805,0.8251
GBR,TUR,2019,energy,0.006877,0.8251
GBR,UKR,2019,energy,0.0,0.8251
GBR,USA,2019,energy,0.128333,0.8251
GBR,VEN,2019,energy,0.000719,0.8251
GBR,ZAF,2019,energy,0.00042,0.8251
GBR,TWN,2019,energy,2e-06,0.8251
GBR,ARG,2019,crm,0.000127,0.9142
GBR,AUS,2019,crm,0.026238,0.9142
GBR,BEL,2019,crm,0.047603,0.9142
GBR,BRA,2019,crm,0.01013,0.9142
GBR,CAN,2019,crm,0.031642,0.9142
GBR,CHE,2019,crm,0.047742,0.9142
GBR,CHL,2019,crm,0.000879,0.9142
GBR,CHN,2019,crm,0.021234,0.9142
GBR,COL,2019,crm,2.1e-05,0.9142
GBR,DEU,2019,crm,0.175092,0.9142
GBR,DNK,2019,crm,0.001584,0.9142
GBR,EGY,2019,crm,0.000654,0.9142
GBR,ESP,2019,crm,0.017739,0.9142
GBR,FIN,2019,crm,0.011155,0.9142
GBR,FRA,2019,crm,0.026892,0.9142
GBR,HKG,2019,crm,0.001345,0.9142
GBR,HUN,2019,crm,0.003648,0.9142
GBR,IDN,2019,crm,0.01377,0.9142
GBR,IND,2019,crm,0.013784,0.9142
GBR,ISR,2019,crm,0.002497,0.9142
GBR,ITA,2019,crm,0.029523,0.9142
GBR,JPN,2019,crm,0.023314,0.9142
GBR,KOR,2019,crm,0.006144,0.9142
GBR,MEX,2019,crm,0.0007,0.9142
GBR,MYS,2019,crm,0.000365,0.9142
GBR,NLD,2019,crm,0.027458,0.9142
GBR,NOR,2019,crm,0.033892,0.9142
GBR,PER,2019,crm,0.001158,0.9142
GBR,PHL,2019,crm,2e-05,0.9142
GBR,POL,2019,crm,0.035657,0.9142
GBR,PRT,2019,crm,0.001369,0.9142
GBR,RUS,2019,crm,0.061373,0.9142
GBR,SAU,2019,crm,0.002918,0.9142
GBR,SWE,2019,crm,0.023873,0.9142
GBR,THA,2019,crm,0.002419,0.9142
GBR,TUN,2019,crm,0.000358,0.9142
GBR,TUR,2019,crm,0.01095,0.9142
GBR,UKR,2019,crm,0.000486,0.9142
GBR,USA,2019,crm,0.071067,0.9142
GBR,VEN,2019,crm,6e-06,0.9142
GBR,VNM,2019,crm,0.001722,0.9142
GBR,ZAF,2019,crm,0.122935,0.9142
GBR,TWN,2019,crm,0.002672,0.9142
GBR,ARG,2021,energy,0.0,0.8648
GBR,AUS,2021,energy,0.001389,0.8648
GBR,BEL,2021,energy,0.032009,0.8648
GBR,BRA,2021,energy,0.000385,0.8648
GBR,CAN,2021,energy,0.004514,0.8648
GBR,CHE,2021,energy,4.8e-05,0.8648
GBR,CHL,2021,energy,0.0,0.8648
GBR,CHN,2021,energy,0.00079,0.8648
GBR,COL,2021,energy,0.002084,0.8648
GBR,DEU,2021,energy,0.007789,0.8648
GBR,DNK,2021,energy,0.00391,0.8648
GBR,EGY,2021,energy,0.000282,0.8648
GBR,ESP,2021,energy,0.001618,0.8648
GBR,FIN,2021,energy,0.003782,0.8648
GBR,FRA,2021,energy,0.030148,0.8648
GBR,HKG,2021,energy,3.2e-05,0.8648
GBR,HUN,2021,energy,8e-06,0.8648
GBR,IDN,2021,energy,6e-06,0.8648
GBR,IND,2021,energy,0.006614,0.8648
GBR,ISR,2021,energy,0.000148,0.8648
GBR,ITA,2021,energy,0.001754,0.8648
GBR,JPN,2021,energy,0.003674,0.8648
GBR,KOR,2021,energy,0.000735,0.8648
GBR,MEX,2021,energy,0.0,0.8648
GBR,MYS,2021,energy,0.002314,0.8648
GBR,NLD,2021,energy,0.067587,0.8648
GBR,NOR,2021,energy,0.459424,0.8648
GBR,PER,2021,energy,0.004615,0.8648
GBR,POL,2021,energy,0.000877,0.8648
GBR,PRT,2021,energy,1e-06,0.8648
GBR,RUS,2021,energy,0.08571,0.8648
GBR,SAU,2021,energy,0.012058,0.8648
GBR,SWE,2021,energy,0.015474,0.8648
GBR,THA,2021,energy,0.0,0.8648
GBR,TUN,2021,energy,7.5e-05,0.8648
GBR,TUR,2021,energy,0.000749,0.8648
GBR,UKR,2021,energy,0.0,0.8648
GBR,USA,2021,energy,0.113467,0.8648
GBR,VEN,2021,energy,0.0005,0.8648
GBR,VNM,2021,energy,0.0,0.8648
GBR,ZAF,2021,energy,0.000245,0.8648
GBR,TWN,2021,energy,2e-06,0.8648
GBR,ARG,2021,crm,7.1e-05,0.9223
GBR,AUS,2021,crm,0.022914,0.9223
GBR,BEL,2021,crm,0.05297,0.9223
GBR,BRA,2021,crm,0.007665,0.9223
GBR,CAN,2021,crm,0.015775,0.9223
GBR,CHE,2021,crm,0.03187,0.9223
GBR,CHL,2021,crm,0.000575,0.9223
GBR,CHN,2021,crm,0.023756,0.9223
GBR,COL,2021,crm,4e-06,0.9223
GBR,DEU,2021,crm,0.113325,0.9223
GBR,DNK,2021,crm,0.000583,0.9223
GBR,EGY,2021,crm,0.001511,0.9223
GBR,ESP,2021,crm,0.019602,0.9223
GBR,FIN,2021,crm,0.005563,0.9223
GBR,FRA,2021,crm,0.01263,0.9223
GBR,HKG,2021,crm,0.099149,0.9223
GBR,HUN,2021,crm,0.002094,0.9223
GBR,IDN,2021,crm,0.010785,0.9223
GBR,IND,2021,crm,0.025483,0.9223
GBR,ISR,2021,crm,0.001426,0.9223
GBR,ITA,2021,crm,0.034151,0.9223
GBR,JPN,2021,crm,0.008773,0.9223
GBR,KOR,2021,crm,0.015716,0.9223
GBR,MEX,2021,crm,0.000802,0.9223
GBR,MYS,2021,crm,0.000181,0.9223
GBR,NLD,2021,crm,0.015521,0.9223
GBR,NOR,2021,crm,0.03246,0.9223
GBR,PER,2021,crm,0.001185,0.9223
GBR,PHL,2021,crm,0.000134,0.9223
GBR,POL,2021,crm,0.013483,0.9223
GBR,PRT,2021,crm,0.000657,0.9223
GBR,RUS,2021,crm,0.068907,0.9223
GBR,SAU,2021,crm,0.002166,0.9223
GBR,SWE,2021,crm,0.016935,0.9223
GBR,THA,2021,crm,0.001966,0.9223
GBR,TUN,2021,crm,0.000358,0.9223
GBR,TUR,2021,crm,0.011325,0.9223
GBR,UKR,2021,crm,2e-05,0.9223
GBR,USA,2021,crm,0.080359,0.9223
GBR,VNM,2021,crm,0.001172,0.9223
GBR,ZAF,2021,crm,0.166892,0.9223
GBR,TWN,2021,crm,0.001399,0.9223
GBR,ARG,2023,energy,0.0,0.8195
GBR,AUS,2023,energy,0.001791,0.8195
GBR,BEL,2023,energy,0.028439,0.8195
GBR,BRA,2023,energy,0.001998,0.8195
GBR,CAN,2023,energy,0.013954,0.8195
GBR,CHE,2023,energy,0.000102,0.8195
GBR,CHL,2023,energy,1e-06,0.8195
GBR,CHN,2023,energy,0.020841,0.8195
GBR,COL,2023,energy,0.001802,0.8195
GBR,DEU,2023,energy,0.005823,0.8195
GBR,DNK,2023,energy,0.003234,0.8195
GBR,EGY,2023,energy,0.0019,0.8195
GBR,ESP,2023,energy,0.004339,0.8195
GBR,FIN,2023,energy,0.00429,0.8195
GBR,FRA,2023,energy,0.02468,0.8195
GBR,HKG,2023,energy,4e-06,0.8195
GBR,HUN,2023,energy,1.7e-05,0.8195
GBR,IDN,2023,energy,0.000121,0.8195
GBR,IND,2023,energy,0.02419,0.8195
GBR,ISR,2023,energy,5.4e-05,0.8195
GBR,ITA,2023,energy,0.002825,0.8195
GBR,JPN,2023,energy,0.002775,0.8195
GBR,KOR,2023,energy,0.007059,0.8195
GBR,MEX,2023,energy,1e-06,0.8195
GBR,MYS,2023,energy,0.000183,0.8195
GBR,NLD,2023,energy,0.056702,0.8195
GBR,NOR,2023,energy,0.314407,0.8195
GBR,PER,2023,energy,0.011573,0.8195
GBR,POL,2023,energy,0.00107,0.8195
GBR,PRT,2023,energy,1.8e-05,0.8195
GBR,RUS,2023,energy,1.2e-05,0.8195
GBR,SAU,2023,energy,0.02967,0.8195
GBR,SWE,2023,energy,0.010148,0.8195
GBR,THA,2023,energy,0.0,0.8195
GBR,TUN,2023,energy,0.000393,0.8195
GBR,TUR,2023,energy,0.003994,0.8195
GBR,UKR,2023,energy,0.0,0.8195
GBR,USA,2023,energy,0.239921,0.8195
GBR,VEN,2023,energy,0.000432,0.8195
GBR,VNM,2023,energy,1e-06,0.8195
GBR,ZAF,2023,energy,0.000346,0.8195
GBR,TWN,2023,energy,0.000395,0.8195
GBR,ARG,2023,crm,0.000294,0.9034
GBR,AUS,2023,crm,0.025846,0.9034
GBR,BEL,2023,crm,0.05549,0.9034
GBR,BRA,2023,crm,0.007239,0.9034
GBR,CAN,2023,crm,0.011034,0.9034
GBR,CHE,2023,crm,0.019015,0.9034
GBR,CHL,2023,crm,0.002003,0.9034
GBR,CHN,2023,crm,0.081684,0.9034
GBR,COL,2023,crm,5.2e-05,0.9034
GBR,DEU,2023,crm,0.139336,0.9034
GBR,DNK,2023,crm,0.001385,0.9034
GBR,EGY,2023,crm,0.001776,0.9034
GBR,ESP,2023,crm,0.035749,0.9034
GBR,FIN,2023,crm,0.006302,0.9034
GBR,FRA,2023,crm,0.025162,0.9034
GBR,HKG,2023,crm,0.023562,0.9034
GBR,HUN,2023,crm,0.002365,0.9034
GBR,IDN,2023,crm,0.018087,0.9034
GBR,IND,2023,crm,0.014585,0.9034
GBR,ISR,2023,crm,0.002038,0.9034
GBR,ITA,2023,crm,0.036309,0.9034
GBR,JPN,2023,crm,0.020759,0.9034
GBR,KOR,2023,crm,0.009688,0.9034
GBR,MEX,2023,crm,0.005207,0.9034
GBR,MYS,2023,crm,0.002072,0.9034
GBR,NLD,2023,crm,0.019483,0.9034
GBR,NOR,2023,crm,0.035613,0.9034
GBR,PER,2023,crm,0.000868,0.9034
GBR,PHL,2023,crm,2e-06,0.9034
GBR,POL,2023,crm,0.017136,0.9034
GBR,PRT,2023,crm,0.001591,0.9034
GBR,RUS,2023,crm,0.004842,0.9034
GBR,SAU,2023,crm,0.004707,0.9034
GBR,SWE,2023,crm,0.020747,0.9034
GBR,THA,2023,crm,0.002506,0.9034
GBR,TUN,2023,crm,0.000658,0.9034
GBR,TUR,2023,crm,0.014426,0.9034
GBR,UKR,2023,crm,2.2e-05,0.9034
GBR,USA,2023,crm,0.064599,0.9034
GBR,VNM,2023,crm,0.002942,0.9034
GBR,ZAF,2023,crm,0.16226,0.9034
GBR,TWN,2023,crm,0.003959,0.9034
HKG,AUS,2019,energy,0.00306,0.7961
HKG,BEL,2019,energy,0.000468,0.7961
HKG,BRA,2019,energy,5e-06,0.7961
HKG,CAN,2019,energy,0.003954,0.7961
HKG,CHE,2019,energy,8e-06,0.7961
HKG,CHN,2019,energy,0.533316,0.7961
HKG,DEU,2019,energy,0.001356,0.7961
HKG,ESP,2019,energy,5.3e-05,0.7961
HKG,FRA,2019,energy,0.00016,0.7961
HKG,GBR,2019,energy,8.7e-05,0.7961
HKG,IDN,2019,energy,0.035279,0.7961
HKG,IND,2019,energy,0.005409,0.7961
HKG,ITA,2019,energy,8.7e-05,0.7961
HKG,JPN,2019,energy,0.026622,0.7961
HKG,KOR,2019,energy,0.078034,0.7961
HKG,MYS,2019,energy,0.051298,0.7961
HKG,NLD,2019,energy,0.000305,0.7961
HKG,NOR,2019,energy,3e-06,0.7961
HKG,POL,2019,energy,9e-06,0.7961
HKG,RUS,2019,energy,0.006543,0.7961
HKG,SAU,2019,energy,0.000679,0.7961
HKG,SWE,2019,energy,1e-06,0.7961
HKG,THA,2019,energy,0.004597,0.7961
HKG,USA,2019,energy,0.001926,0.7961
HKG,VNM,2019,energy,7.7e-05,0.7961
HKG,TWN,2019,energy,0.042714,0.7961
HKG,AUS,2019,crm,0.010814,0.9782
HKG,BEL,2019,crm,0.004507,0.9782
HKG,BRA,2019,crm,0.001053,0.9782
HKG,CAN,2019,crm,0.003745,0.9782
HKG,CHE,2019,crm,0.113065,0.9782
HKG,CHL,2019,crm,0.001351,0.9782
HKG,CHN,2019,crm,0.176697,0.9782
HKG,COL,2019,crm,0.003815,0.9782
HKG,DEU,2019,crm,0.015218,0.9782
HKG,DNK,2019,crm,0.001415,0.9782
HKG,EGY,2019,crm,2.1e-05,0.9782
HKG,ESP,2019,crm,0.002199,0.9782
HKG,FIN,2019,crm,0.000307,0.9782
HKG,FRA,2019,crm,0.000629,0.9782
HKG,GBR,2019,crm,0.241567,0.9782
HKG,HUN,2019,crm,6e-06,0.9782
HKG,IDN,2019,crm,0.00443,0.9782
HKG,IND,2019,crm,0.001945,0.9782
HKG,ISR,2019,crm,0.000712,0.9782
HKG,ITA,2019,crm,0.003005,0.9782
HKG,JPN,2019,crm,0.096644,0.9782
HKG,KOR,2019,crm,0.045676,0.9782
HKG,MEX,2019,crm,0.014538,0.9782
HKG,MYS,2019,crm,0.009739,0.9782
HKG,NLD,2019,crm,0.000854,0.9782
HKG,NOR,2019,crm,0.000776,0.9782
HKG,PER,2019,crm,0.00058,0.9782
HKG,PHL,2019,crm,0.005055,0.9782
HKG,POL,2019,crm,0.000378,0.9782
HKG,PRT,2019,crm,1.6e-05,0.9782
HKG,RUS,2019,crm,0.042308,0.9782
HKG,SAU,2019,crm,0.001421,0.9782
HKG,SWE,2019,crm,0.000923,0.9782
HKG,THA,2019,crm,0.006863,0.9782
HKG,TUN,2019,crm,2.1e-05,0.9782
HKG,TUR,2019,crm,4e-05,0.9782
HKG,USA,2019,crm,0.056148,0.9782
HKG,VEN,2019,crm,0.000107,0.9782
HKG,VNM,2019,crm,0.000488,0.9782
HKG,ZAF,2019,crm,0.086415,0.9782
HKG,TWN,2019,crm,0.022693,0.9782
HKG,AUS,2021,energy,0.006403,0.7564
HKG,BEL,2021,energy,0.000474,0.7564
HKG,BRA,2021,energy,1.5e-05,0.7564
HKG,CAN,2021,energy,0.001766,0.7564
HKG,CHE,2021,energy,3.9e-05,0.7564
HKG,CHN,2021,energy,0.473091,0.7564
HKG,DEU,2021,energy,0.001556,0.7564
HKG,DNK,2021,energy,1e-06,0.7564
HKG,ESP,2021,energy,8e-05,0.7564
HKG,FRA,2021,energy,0.000251,0.7564
HKG,GBR,2021,energy,0.00011,0.7564
HKG,IDN,2021,energy,0.055837,0.7564
HKG,IND,2021,energy,0.002744,0.7564
HKG,ISR,2021,energy,1e-06,0.7564
HKG,ITA,2021,energy,0.000117,0.7564
HKG,JPN,2021,energy,0.014188,0.7564
HKG,KOR,2021,energy,0.062682,0.7564
HKG,MEX,2021,energy,0.0,0.7564
HKG,MYS,2021,energy,0.105911,0.7564
HKG,NLD,2021,energy,0.000296,0.7564
HKG,NOR,2021,energy,4e-06,0.7564
HKG,PHL,2021,energy,0.0,0.7564
HKG,PRT,2021,energy,0.0,0.7564
HKG,RUS,2021,energy,0.006943,0.7564
HKG,SWE,2021,energy,1e-06,0.7564
HKG,THA,2021,energy,0.000175,0.7564
HKG,TUR,2021,energy,3e-06,0.7564
HKG,UKR,2021,energy,0.0,0.7564
HKG,USA,2021,energy,0.002616,0.7564
HKG,VNM,2021,energy,0.000104,0.7564
HKG,TWN,2021,energy,0.020977,0.7564
HKG,AUS,2021,crm,0.010367,0.9845
HKG,BEL,2021,crm,0.005264,0.9845
HKG,BRA,2021,crm,6.2e-05,0.9845
HKG,CAN,2021,crm,0.006555,0.9845
HKG,CHE,2021,crm,0.103321,0.9845
HKG,CHL,2021,crm,0.000333,0.9845
HKG,CHN,2021,crm,0.236359,0.9845
HKG,COL,2021,crm,0.000188,0.9845
HKG,DEU,2021,crm,0.006699,0.9845
HKG,DNK,2021,crm,0.000904,0.9845
HKG,EGY,2021,crm,0.000966,0.9845
HKG,ESP,2021,crm,0.002501,0.9845
HKG,FIN,2021,crm,0.000357,0.9845
HKG,FRA,2021,crm,0.003146,0.9845
HKG,GBR,2021,crm,0.156381,0.9845
HKG,HUN,2021,crm,7e-06,0.9845
HKG,IDN,2021,crm,0.003937,0.9845
HKG,IND,2021,crm,0.000235,0.9845
HKG,ISR,2021,crm,0.000146,0.9845
HKG,ITA,2021,crm,0.003186,0.9845
HKG,JPN,2021,crm,0.086007,0.9845
HKG,KOR,2021,crm,0.044489,0.9845
HKG,MEX,2021,crm,0.001411,0.9845
HKG,MYS,2021,crm,0.009113,0.9845
HKG,NLD,2021,crm,0.001049,0.9845
HKG,NOR,2021,crm,0.000512,0.9845
HKG,PER,2021,crm,0.00059,0.9845
HKG,PHL,2021,crm,0.001686,0.9845
HKG,POL,2021,crm,8.9e-05,0.9845
HKG,PRT,2021,crm,8.4e-05,0.9845
HKG,RUS,2021,crm,0.05531,0.9845
HKG,SAU,2021,crm,0.000379,0.9845
HKG,SWE,2021,crm,0.000301,0.9845
HKG,THA,2021,crm,0.00608,0.9845
HKG,TUN,2021,crm,0.000146,0.9845
HKG,TUR,2021,crm,4.6e-05,0.9845
HKG,UKR,2021,crm,1e-05,0.9845
HKG,USA,2021,crm,0.062594,0.9845
HKG,VEN,2021,crm,8.6e-05,0.9845
HKG,VNM,2021,crm,0.00033,0.9845
HKG,ZAF,2021,crm,0.125347,0.9845
HKG,TWN,2021,crm,0.047896,0.9845
HKG,AUS,2023,energy,0.006575,0.8094
HKG,BEL,2023,energy,0.000112,0.8094
HKG,BRA,2023,energy,0.003777,0.8094
HKG,CAN,2023,energy,0.005645,0.8094
HKG,CHE,2023,energy,3e-05,0.8094
HKG,CHN,2023,energy,0.541674,0.8094
HKG,COL,2023,energy,0.000745,0.8094
HKG,DEU,2023,energy,0.000928,0.8094
HKG,ESP,2023,energy,3.8e-05,0.8094
HKG,FRA,2023,energy,0.000182,0.8094
HKG,GBR,2023,energy,7.6e-05,0.8094
HKG,IDN,2023,energy,0.045672,0.8094
HKG,IND,2023,energy,0.001495,0.8094
HKG,ITA,2023,energy,3.8e-05,0.8094
HKG,JPN,2023,energy,0.011772,0.8094
HKG,KOR,2023,energy,0.071893,0.8094
HKG,MYS,2023,energy,0.07334,0.8094
HKG,NLD,2023,energy,0.000191,0.8094
HKG,NOR,2023,energy,0.0,0.8094
HKG,PHL,2023,energy,3e-06,0.8094
HKG,POL,2023,energy,1e-06,0.8094
HKG,SWE,2023,energy,1e-06,0.8094
HKG,THA,2023,energy,0.012636,0.8094
HKG,USA,2023,energy,0.004115,0.8094
HKG,VNM,2023,energy,4.9e-05,0.8094
HKG,TWN,2023,energy,0.028457,0.8094
HKG,AUS,2023,crm,0.010962,0.9626
HKG,BEL,2023,crm,0.00471,0.9626
HKG,BRA,2023,crm,0.000673,0.9626
HKG,CAN,2023,crm,0.011931,0.9626
HKG,CHE,2023,crm,0.019436,0.9626
HKG,CHL,2023,crm,6.4e-05,0.9626
HKG,CHN,2023,crm,0.267241,0.9626
HKG,COL,2023,crm,3.2e-05,0.9626
HKG,DEU,2023,crm,0.003768,0.9626
HKG,DNK,2023,crm,0.001001,0.9626
HKG,EGY,2023,crm,2.7e-05,0.9626
HKG,ESP,2023,crm,0.002781,0.9626
HKG,FIN,2023,crm,0.00018,0.9626
HKG,FRA,2023,crm,0.004746,0.9626
HKG,GBR,2023,crm,0.06591,0.9626
HKG,HUN,2023,crm,3e-06,0.9626
HKG,IDN,2023,crm,0.009751,0.9626
HKG,IND,2023,crm,0.000344,0.9626
HKG,ISR,2023,crm,0.000143,0.9626
HKG,ITA,2023,crm,0.001152,0.9626
HKG,JPN,2023,crm,0.05519,0.9626
HKG,KOR,2023,crm,0.027521,0.9626
HKG,MEX,2023,crm,0.001751,0.9626
HKG,MYS,2023,crm,0.00729,0.9626
HKG,NLD,2023,crm,0.002693,0.9626
HKG,NOR,2023,crm,0.001326,0.9626
HKG,PER,2023,crm,0.000543,0.9626
HKG,PHL,2023,crm,0.000575,0.9626
HKG,POL,2023,crm,8.6e-05,0.9626
HKG,RUS,2023,crm,0.256601,0.9626
HKG,SAU,2023,crm,6.4e-05,0.9626
HKG,SWE,2023,crm,3.1e-05,0.9626
HKG,THA,2023,crm,0.00557,0.9626
HKG,TUN,2023,crm,2.7e-05,0.9626
HKG,TUR,2023,crm,0.000463,0.9626
HKG,UKR,2023,crm,3.1e-05,0.9626
HKG,USA,2023,crm,0.05976,0.9626
HKG,VEN,2023,crm,0.000241,0.9626
HKG,VNM,2023,crm,0.001099,0.9626
HKG,ZAF,2023,crm,0.084822,0.9626
HKG,TWN,2023,crm,0.052043,0.9626
HUN,AUS,2019,energy,0.0,0.5537
HUN,BEL,2019,energy,0.002208,0.5537
HUN,CAN,2019,energy,1e-06,0.5537
HUN,CHE,2019,energy,0.000143,0.5537
HUN,CHN,2019,energy,2.9e-05,0.5537
HUN,DEU,2019,energy,0.012064,0.5537
HUN,DNK,2019,energy,1.9e-05,0.5537
HUN,ESP,2019,energy,0.00014,0.5537
HUN,FIN,2019,energy,5e-06,0.5537
HUN,FRA,2019,energy,0.002005,0.5537
HUN,GBR,2019,energy,0.005709,0.5537
HUN,HKG,2019,energy,1.7e-05,0.5537
HUN,IDN,2019,energy,0.0,0.5537
HUN,IND,2019,energy,1.7e-05,0.5537
HUN,ISR,2019,energy,1e-06,0.5537
HUN,ITA,2019,energy,0.002284,0.5537
HUN,JPN,2019,energy,7.4e-05,0.5537
HUN,KOR,2019,energy,0.000114,0.5537
HUN,MEX,2019,energy,0.0,0.5537
HUN,MYS,2019,energy,0.0,0.5537
HUN,NLD,2019,energy,0.003932,0.5537
HUN,NOR,2019,energy,0.0,0.5537
HUN,POL,2019,energy,0.011807,0.5537
HUN,PRT,2019,energy,0.000156,0.5537
HUN,RUS,2019,energy,0.412775,0.5537
HUN,SWE,2019,energy,0.000818,0.5537
HUN,THA,2019,energy,9e-06,0.5537
HUN,TUR,2019,energy,0.000131,0.5537
HUN,UKR,2019,energy,0.06229,0.5537
HUN,USA,2019,energy,0.03697,0.5537
HUN,TWN,2019,energy,0.0,0.5537
HUN,ARG,2019,crm,0.0,0.7125
HUN,AUS,2019,crm,0.0,0.7125
HUN,BEL,2019,crm,0.045916,0.7125
HUN,BRA,2019,crm,0.010773,0.7125
HUN,CAN,2019,crm,0.000793,0.7125
HUN,CHE,2019,crm,0.007935,0.7125
HUN,CHL,2019,crm,4e-06,0.7125
HUN,CHN,2019,crm,0.009413,0.7125
HUN,DEU,2019,crm,0.203603,0.7125
HUN,DNK,2019,crm,0.002501,0.7125
HUN,EGY,2019,crm,0.000374,0.7125
HUN,ESP,2019,crm,0.004879,0.7125
HUN,FIN,2019,crm,0.000247,0.7125
HUN,FRA,2019,crm,0.036878,0.7125
HUN,GBR,2019,crm,0.010006,0.7125
HUN,HKG,2019,crm,0.000631,0.7125
HUN,IDN,2019,crm,0.000208,0.7125
HUN,IND,2019,crm,0.000266,0.7125
HUN,ISR,2019,crm,0.001172,0.7125
HUN,ITA,2019,crm,0.115435,0.7125
HUN,JPN,2019,crm,0.007547,0.7125
HUN,KOR,2019,crm,0.019221,0.7125
HUN,MEX,2019,crm,1.3e-05,0.7125
HUN,MYS,2019,crm,0.001462,0.7125
HUN,NLD,2019,crm,0.062098,0.7125
HUN,NOR,2019,crm,0.000293,0.7125
HUN,PER,2019,crm,0.0,0.7125
HUN,POL,2019,crm,0.079823,0.7125
HUN,PRT,2019,crm,0.000612,0.7125
HUN,RUS,2019,crm,0.014538,0.7125
HUN,SAU,2019,crm,0.000321,0.7125
HUN,SWE,2019,crm,0.011551,0.7125
HUN,THA,2019,crm,0.000341,0.7125
HUN,TUR,2019,crm,0.015571,0.7125
HUN,UKR,2019,crm,0.042838,0.7125
HUN,USA,2019,crm,0.004602,0.7125
HUN,VNM,2019,crm,1e-06,0.7125
HUN,ZAF,2019,crm,0.000248,0.7125
HUN,TWN,2019,crm,0.000369,0.7125
HUN,ARG,2021,energy,0.0,0.3977
HUN,AUS,2021,energy,0.002611,0.3977
HUN,BEL,2021,energy,0.005163,0.3977
HUN,BRA,2021,energy,0.0,0.3977
HUN,CAN,2021,energy,7e-06,0.3977
HUN,CHE,2021,energy,5.9e-05,0.3977
HUN,CHN,2021,energy,3.1e-05,0.3977
HUN,DEU,2021,energy,0.01752,0.3977
HUN,DNK,2021,energy,7.1e-05,0.3977
HUN,EGY,2021,energy,8e-06,0.3977
HUN,ESP,2021,energy,0.000189,0.3977
HUN,FIN,2021,energy,2e-06,0.3977
HUN,FRA,2021,energy,0.002363,0.3977
HUN,GBR,2021,energy,0.000565,0.3977
HUN,HKG,2021,energy,1.7e-05,0.3977
HUN,IDN,2021,energy,0.0,0.3977
HUN,IND,2021,energy,4.4e-05,0.3977
HUN,ISR,2021,energy,0.0,0.3977
HUN,ITA,2021,energy,0.002364,0.3977
HUN,JPN,2021,energy,5.6e-05,0.3977
HUN,KOR,2021,energy,0.00013,0.3977
HUN,MEX,2021,energy,0.0,0.3977
HUN,MYS,2021,energy,0.0,0.3977
HUN,NLD,2021,energy,0.004162,0.3977
HUN,NOR,2021,energy,0.0,0.3977
HUN,POL,2021,energy,0.009923,0.3977
HUN,PRT,2021,energy,0.000103,0.3977
HUN,RUS,2021,energy,0.289608,0.3977
HUN,SWE,2021,energy,0.00044,0.3977
HUN,THA,2021,energy,3e-05,0.3977
HUN,TUR,2021,energy,0.000134,0.3977
HUN,UKR,2021,energy,0.05701,0.3977
HUN,USA,2021,energy,0.005055,0.3977
HUN,TWN,2021,energy,0.0,0.3977
HUN,ARG,2021,crm,0.0,0.7434
HUN,AUS,2021,crm,0.000344,0.7434
HUN,BEL,2021,crm,0.031631,0.7434
HUN,BRA,2021,crm,9.7e-05,0.7434
HUN,CAN,2021,crm,0.002617,0.7434
HUN,CHE,2021,crm,0.006199,0.7434
HUN,CHL,2021,crm,7e-06,0.7434
HUN,CHN,2021,crm,0.007043,0.7434
HUN,COL,2021,crm,0.0,0.7434
HUN,DEU,2021,crm,0.213559,0.7434
HUN,DNK,2021,crm,0.001872,0.7434
HUN,EGY,2021,crm,0.0,0.7434
HUN,ESP,2021,crm,0.006449,0.7434
HUN,FIN,2021,crm,0.000186,0.7434
HUN,FRA,2021,crm,0.027584,0.7434
HUN,GBR,2021,crm,0.00372,0.7434
HUN,HKG,2021,crm,0.000571,0.7434
HUN,IDN,2021,crm,0.000169,0.7434
HUN,IND,2021,crm,0.000545,0.7434
HUN,ISR,2021,crm,0.001106,0.7434
HUN,ITA,2021,crm,0.124592,0.7434
HUN,JPN,2021,crm,0.010658,0.7434
HUN,KOR,2021,crm,0.050736,0.7434
HUN,MEX,2021,crm,0.000154,0.7434
HUN,MYS,2021,crm,0.008058,0.7434
HUN,NLD,2021,crm,0.081981,0.7434
HUN,NOR,2021,crm,0.000135,0.7434
HUN,PHL,2021,crm,0.0,0.7434
HUN,POL,2021,crm,0.078535,0.7434
HUN,PRT,2021,crm,0.000675,0.7434
HUN,RUS,2021,crm,0.016839,0.7434
HUN,SAU,2021,crm,0.005186,0.7434
HUN,SWE,2021,crm,0.006879,0.7434
HUN,THA,2021,crm,0.000276,0.7434
HUN,TUR,2021,crm,0.017884,0.7434
HUN,UKR,2021,crm,0.028791,0.7434
HUN,USA,2021,crm,0.006915,0.7434
HUN,VNM,2021,crm,0.000317,0.7434
HUN,ZAF,2021,crm,0.000972,0.7434
HUN,TWN,2021,crm,0.000164,0.7434
HUN,AUS,2023,energy,0.000822,0.4498
HUN,BEL,2023,energy,0.002971,0.4498
HUN,CAN,2023,energy,2.3e-05,0.4498
HUN,CHE,2023,energy,5e-05,0.4498
HUN,CHN,2023,energy,6e-05,0.4498
HUN,DEU,2023,energy,0.021409,0.4498
HUN,DNK,2023,energy,2.9e-05,0.4498
HUN,ESP,2023,energy,0.000569,0.4498
HUN,FIN,2023,energy,1e-06,0.4498
HUN,FRA,2023,energy,0.001912,0.4498
HUN,GBR,2023,energy,0.00053,0.4498
HUN,HKG,2023,energy,8e-06,0.4498
HUN,IDN,2023,energy,0.0,0.4498
HUN,IND,2023,energy,2.6e-05,0.4498
HUN,ISR,2023,energy,0.000274,0.4498
HUN,ITA,2023,energy,0.001283,0.4498
HUN,JPN,2023,energy,4.5e-05,0.4498
HUN,KOR,2023,energy,0.000125,0.4498
HUN,MYS,2023,energy,0.0,0.4498
HUN,NLD,2023,energy,0.006412,0.4498
HUN,NOR,2023,energy,0.0,0.4498
HUN,POL,2023,energy,0.007039,0.4498
HUN,PRT,2023,energy,0.000225,0.4498
HUN,RUS,2023,energy,0.398831,0.4498
HUN,SWE,2023,energy,0.000459,0.4498
HUN,THA,2023,energy,2e-05,0.4498
HUN,TUR,2023,energy,0.000141,0.4498
HUN,UKR,2023,energy,0.004073,0.4498
HUN,USA,2023,energy,0.002498,0.4498
HUN,VNM,2023,energy,0.0,0.4498
HUN,TWN,2023,energy,0.0,0.4498
HUN,AUS,2023,crm,0.0,0.7419
HUN,BEL,2023,crm,0.02777,0.7419
HUN,BRA,2023,crm,0.000884,0.7419
HUN,CAN,2023,crm,0.003233,0.7419
HUN,CHE,2023,crm,0.006461,0.7419
HUN,CHL,2023,crm,1.2e-05,0.7419
HUN,CHN,2023,crm,0.00718,0.7419
HUN,DEU,2023,crm,0.194952,0.7419
HUN,DNK,2023,crm,0.004542,0.7419
HUN,EGY,2023,crm,7.1e-05,0.7419
HUN,ESP,2023,crm,0.010008,0.7419
HUN,FIN,2023,crm,0.000362,0.7419
HUN,FRA,2023,crm,0.034633,0.7419
HUN,GBR,2023,crm,0.004671,0.7419
HUN,HKG,2023,crm,0.00028,0.7419
HUN,IDN,2023,crm,1.7e-05,0.7419
HUN,IND,2023,crm,0.001211,0.7419
HUN,ISR,2023,crm,0.000338,0.7419
HUN,ITA,2023,crm,0.163301,0.7419
HUN,JPN,2023,crm,0.009522,0.7419
HUN,KOR,2023,crm,0.065367,0.7419
HUN,MEX,2023,crm,0.000278,0.7419
HUN,MYS,2023,crm,0.029399,0.7419
HUN,NLD,2023,crm,0.052727,0.7419
HUN,NOR,2023,crm,8.7e-05,0.7419
HUN,POL,2023,crm,0.09055,0.7419
HUN,PRT,2023,crm,0.000961,0.7419
HUN,RUS,2023,crm,0.001409,0.7419
HUN,SAU,2023,crm,1.6e-05,0.7419
HUN,SWE,2023,crm,0.003172,0.7419
HUN,THA,2023,crm,0.000258,0.7419
HUN,TUN,2023,crm,0.0,0.7419
HUN,TUR,2023,crm,0.014071,0.7419
HUN,UKR,2023,crm,0.005724,0.7419
HUN,USA,2023,crm,0.007253,0.7419
HUN,VEN,2023,crm,9.8e-05,0.7419
HUN,VNM,2023,crm,0.000358,0.7419
HUN,ZAF,2023,crm,0.000212,0.7419
HUN,TWN,2023,crm,0.000486,0.7419
IDN,ARG,2019,energy,0.000502,0.443
IDN,AUS,2019,energy,0.067734,0.443
IDN,BEL,2019,energy,0.003856,0.443
IDN,BRA,2019,energy,1e-06,0.443
IDN,CAN,2019,energy,3.6e-05,0.443
IDN,CHE,2019,energy,0.002752,0.443
IDN,CHN,2019,energy,0.021894,0.443
IDN,COL,2019,energy,0.0,0.443
IDN,DEU,2019,energy,0.000856,0.443
IDN,DNK,2019,energy,2e-06,0.443
IDN,EGY,2019,energy,3e-06,0.443
IDN,ESP,2019,energy,7.2e-05,0.443
IDN,FIN,2019,energy,1e-06,0.443
IDN,FRA,2019,energy,0.000346,0.443
IDN,GBR,2019,energy,6e-05,0.443
IDN,HKG,2019,energy,0.000272,0.443
IDN,HUN,2019,energy,2.1e-05,0.443
IDN,IND,2019,energy,0.009505,0.443
IDN,ISR,2019,energy,2e-06,0.443
IDN,ITA,2019,energy,8.1e-05,0.443
IDN,JPN,2019,energy,0.005223,0.443
IDN,KOR,2019,energy,0.049983,0.443
IDN,MEX,2019,energy,4e-06,0.443
IDN,MYS,2019,energy,0.088384,0.443
IDN,NLD,2019,energy,0.000124,0.443
IDN,NOR,2019,energy,0.001453,0.443
IDN,PHL,2019,energy,6.8e-05,0.443
IDN,POL,2019,energy,1.9e-05,0.443
IDN,RUS,2019,energy,0.00732,0.443
IDN,SAU,2019,energy,0.120224,0.443
IDN,SWE,2019,energy,5.3e-05,0.443
IDN,THA,2019,energy,0.004242,0.443
IDN,TUR,2019,energy,3e-06,0.443
IDN,UKR,2019,energy,0.0,0.443
IDN,USA,2019,energy,0.050393,0.443
IDN,VNM,2019,energy,0.004998,0.443
IDN,ZAF,2019,energy,0.000239,0.443
IDN,TWN,2019,energy,0.002266,0.443
IDN,ARG,2019,crm,0.000181,0.8644
IDN,AUS,2019,crm,0.162614,0.8644
IDN,BEL,2019,crm,0.003509,0.8644
IDN,BRA,2019,crm,0.015126,0.8644
IDN,CAN,2019,crm,0.006658,0.8644
IDN,CHE,2019,crm,0.002724,0.8644
IDN,CHL,2019,crm,0.011081,0.8644
IDN,CHN,2019,crm,0.165345,0.8644
IDN,COL,2019,crm,0.000177,0.8644
IDN,DEU,2019,crm,0.005805,0.8644
IDN,DNK,2019,crm,0.000524,0.8644
IDN,EGY,2019,crm,0.00375,0.8644
IDN,ESP,2019,crm,0.010175,0.8644
IDN,FIN,2019,crm,0.000553,0.8644
IDN,FRA,2019,crm,0.002988,0.8644
IDN,GBR,2019,crm,0.0292,0.8644
IDN,HKG,2019,crm,0.016452,0.8644
IDN,HUN,2019,crm,0.000151,0.8644
IDN,IND,2019,crm,0.020184,0.8644
IDN,ISR,2019,crm,6e-06,0.8644
IDN,ITA,2019,crm,0.002913,0.8644
IDN,JPN,2019,crm,0.096045,0.8644
IDN,KOR,2019,crm,0.05426,0.8644
IDN,MEX,2019,crm,0.001905,0.8644
IDN,MYS,2019,crm,0.043192,0.8644
IDN,NLD,2019,crm,0.004081,0.8644
IDN,NOR,2019,crm,0.000182,0.8644
IDN,PER,2019,crm,0.001049,0.8644
IDN,PHL,2019,crm,0.023763,0.8644
IDN,POL,2019,crm,0.008392,0.8644
IDN,PRT,2019,crm,7.3e-05,0.8644
IDN,RUS,2019,crm,0.017686,0.8644
IDN,SAU,2019,crm,0.006547,0.8644
IDN,SWE,2019,crm,0.000318,0.8644
IDN,THA,2019,crm,0.046265,0.8644
IDN,TUN,2019,crm,9.4e-05,0.8644
IDN,TUR,2019,crm,0.001602,0.8644
IDN,UKR,2019,crm,0.000462,0.8644
IDN,USA,2019,crm,0.052391,0.8644
IDN,VEN,2019,crm,9.9e-05,0.8644
IDN,VNM,2019,crm,0.009018,0.8644
IDN,ZAF,2019,crm,0.019325,0.8644
IDN,TWN,2019,crm,0.017558,0.8644
IDN,ARG,2021,energy,0.000792,0.5499
IDN,AUS,2021,energy,0.089365,0.5499
IDN,BEL,2021,energy,0.000458,0.5499
IDN,BRA,2021,energy,0.00053,0.5499
IDN,CAN,2021,energy,0.000306,0.5499
IDN,CHE,2021,energy,1.5e-05,0.5499
IDN,CHL,2021,energy,0.000157,0.5499
IDN,CHN,2021,energy,0.03417,0.5499
IDN,COL,2021,energy,0.000946,0.5499
IDN,DEU,2021,energy,0.000699,0.5499
IDN,DNK,2021,energy,1e-06,0.5499
IDN,EGY,2021,energy,2e-06,0.5499
IDN,ESP,2021,energy,9.7e-05,0.5499
IDN,FIN,2021,energy,0.0,0.5499
IDN,FRA,2021,energy,0.00021,0.5499
IDN,GBR,2021,energy,9.2e-05,0.5499
IDN,HKG,2021,energy,0.000582,0.5499
IDN,HUN,2021,energy,1.5e-05,0.5499
IDN,IND,2021,energy,0.03376,0.5499
IDN,ISR,2021,energy,2e-06,0.5499
IDN,ITA,2021,energy,7.4e-05,0.5499
IDN,JPN,2021,energy,0.006459,0.5499
IDN,KOR,2021,energy,0.020758,0.5499
IDN,MEX,2021,energy,1e-06,0.5499
IDN,MYS,2021,energy,0.135969,0.5499
IDN,NLD,2021,energy,0.000126,0.5499
IDN,NOR,2021,energy,2e-06,0.5499
IDN,PER,2021,energy,0.000321,0.5499
IDN,PHL,2021,energy,5.2e-05,0.5499
IDN,POL,2021,energy,0.0,0.5499
IDN,PRT,2021,energy,0.0,0.5499
IDN,RUS,2021,energy,0.008066,0.5499
IDN,SAU,2021,energy,0.109111,0.5499
IDN,SWE,2021,energy,1.6e-05,0.5499
IDN,THA,2021,energy,0.006094,0.5499
IDN,TUN,2021,energy,0.000746,0.5499
IDN,TUR,2021,energy,2e-05,0.5499
IDN,UKR,2021,energy,0.0,0.5499
IDN,USA,2021,energy,0.091274,0.5499
IDN,VEN,2021,energy,0.0,0.5499
IDN,VNM,2021,energy,0.005132,0.5499
IDN,ZAF,2021,energy,0.000197,0.5499
IDN,TWN,2021,energy,0.003262,0.5499
IDN,ARG,2021,crm,9.9e-05,0.8699
IDN,AUS,2021,crm,0.211143,0.8699
IDN,BEL,2021,crm,0.001326,0.8699
IDN,BRA,2021,crm,0.028407,0.8699
IDN,CAN,2021,crm,0.008554,0.8699
IDN,CHE,2021,crm,0.003996,0.8699
IDN,CHL,2021,crm,0.00691,0.8699
IDN,CHN,2021,crm,0.152642,0.8699
IDN,COL,2021,crm,1e-06,0.8699
IDN,DEU,2021,crm,0.009109,0.8699
IDN,DNK,2021,crm,0.000374,0.8699
IDN,EGY,2021,crm,0.005966,0.8699
IDN,ESP,2021,crm,0.003198,0.8699
IDN,FIN,2021,crm,0.000584,0.8699
IDN,FRA,2021,crm,0.001388,0.8699
IDN,GBR,2021,crm,0.015823,0.8699
IDN,HKG,2021,crm,0.02101,0.8699
IDN,HUN,2021,crm,0.000155,0.8699
IDN,IND,2021,crm,0.055667,0.8699
IDN,ISR,2021,crm,0.0,0.8699
IDN,ITA,2021,crm,0.001777,0.8699
IDN,JPN,2021,crm,0.095792,0.8699
IDN,KOR,2021,crm,0.054599,0.8699
IDN,MEX,2021,crm,0.006116,0.8699
IDN,MYS,2021,crm,0.037361,0.8699
IDN,NLD,2021,crm,0.001002,0.8699
IDN,NOR,2021,crm,0.000399,0.8699
IDN,PER,2021,crm,0.000675,0.8699
IDN,PHL,2021,crm,0.011578,0.8699
IDN,POL,2021,crm,0.00177,0.8699
IDN,PRT,2021,crm,6e-05,0.8699
IDN,RUS,2021,crm,0.014082,0.8699
IDN,SAU,2021,crm,0.002069,0.8699
IDN,SWE,2021,crm,0.00109,0.8699
IDN,THA,2021,crm,0.034235,0.8699
IDN,TUN,2021,crm,0.000162,0.8699
IDN,TUR,2021,crm,0.003806,0.8699
IDN,UKR,2021,crm,0.000117,0.8699
IDN,USA,2021,crm,0.027934,0.8699
IDN,VEN,2021,crm,1.6e-05,0.8699
IDN,VNM,2021,crm,0.008027,0.8699
IDN,ZAF,2021,crm,0.023059,0.8699
IDN,TWN,2021,crm,0.017812,0.8699
IDN,ARG,2023,energy,0.001097,0.4667
IDN,AUS,2023,energy,0.05372,0.4667
IDN,BEL,2023,energy,0.000237,0.4667
IDN,BRA,2023,energy,0.009098,0.4667
IDN,CAN,2023,energy,0.000243,0.4667
IDN,CHE,2023,energy,1.2e-05,0.4667
IDN,CHL,2023,energy,0.0,0.4667
IDN,CHN,2023,energy,0.048337,0.4667
IDN,COL,2023,energy,0.00035,0.4667
IDN,DEU,2023,energy,0.000456,0.4667
IDN,DNK,2023,energy,2e-06,0.4667
IDN,EGY,2023,energy,2e-06,0.4667
IDN,ESP,2023,energy,0.000241,0.4667
IDN,FIN,2023,energy,1e-06,0.4667
IDN,FRA,2023,energy,0.000207,0.4667
IDN,GBR,2023,energy,0.000117,0.4667
IDN,HKG,2023,energy,0.000193,0.4667
IDN,HUN,2023,energy,8e-06,0.4667
IDN,IND,2023,energy,0.02404,0.4667
IDN,ISR,2023,energy,1e-06,0.4667
IDN,ITA,2023,energy,4.9e-05,0.4667
IDN,JPN,2023,energy,0.002992,0.4667
IDN,KOR,2023,energy,0.02437,0.4667
IDN,MEX,2023,energy,1e-06,0.4667
IDN,MYS,2023,energy,0.123507,0.4667
IDN,NLD,2023,energy,0.000117,0.4667
IDN,NOR,2023,energy,0.0,0.4667
IDN,PHL,2023,energy,0.00133,0.4667
IDN,POL,2023,energy,0.0,0.4667
IDN,PRT,2023,energy,0.0,0.4667
IDN,RUS,2023,energy,0.027026,0.4667
IDN,SAU,2023,energy,0.082647,0.4667
IDN,SWE,2023,energy,1.1e-05,0.4667
IDN,THA,2023,energy,0.004162,0.4667
IDN,TUN,2023,energy,0.00134,0.4667
IDN,TUR,2023,energy,0.002051,0.4667
IDN,UKR,2023,energy,0.0,0.4667
IDN,USA,2023,energy,0.055091,0.4667
IDN,VNM,2023,energy,0.00106,0.4667
IDN,ZAF,2023,energy,0.000202,0.4667
IDN,TWN,2023,energy,0.002412,0.4667
IDN,ARG,2023,crm,9.1e-05,0.8788
IDN,AUS,2023,crm,0.229694,0.8788
IDN,BEL,2023,crm,0.000897,0.8788
IDN,BRA,2023,crm,0.028384,0.8788
IDN,CAN,2023,crm,0.005036,0.8788
IDN,CHE,2023,crm,0.003458,0.8788
IDN,CHL,2023,crm,0.010793,0.8788
IDN,CHN,2023,crm,0.166154,0.8788
IDN,COL,2023,crm,3e-06,0.8788
IDN,DEU,2023,crm,0.006856,0.8788
IDN,DNK,2023,crm,0.000642,0.8788
IDN,EGY,2023,crm,0.009353,0.8788
IDN,ESP,2023,crm,0.002625,0.8788
IDN,FIN,2023,crm,0.001125,0.8788
IDN,FRA,2023,crm,0.000931,0.8788
IDN,GBR,2023,crm,0.009743,0.8788
IDN,HKG,2023,crm,0.019466,0.8788
IDN,HUN,2023,crm,0.000116,0.8788
IDN,IND,2023,crm,0.059959,0.8788
IDN,ISR,2023,crm,0.0,0.8788
IDN,ITA,2023,crm,0.002664,0.8788
IDN,JPN,2023,crm,0.083189,0.8788
IDN,KOR,2023,crm,0.038984,0.8788
IDN,MEX,2023,crm,0.000612,0.8788
IDN,MYS,2023,crm,0.036119,0.8788
IDN,NLD,2023,crm,0.000466,0.8788
IDN,NOR,2023,crm,9.2e-05,0.8788
IDN,PER,2023,crm,0.001061,0.8788
IDN,PHL,2023,crm,0.021047,0.8788
IDN,POL,2023,crm,0.000578,0.8788
IDN,PRT,2023,crm,6.8e-05,0.8788
IDN,RUS,2023,crm,0.008196,0.8788
IDN,SAU,2023,crm,0.010111,0.8788
IDN,SWE,2023,crm,0.001332,0.8788
IDN,THA,2023,crm,0.025812,0.8788
IDN,TUN,2023,crm,0.000476,0.8788
IDN,TUR,2023,crm,0.003754,0.8788
IDN,UKR,2023,crm,6e-06,0.8788
IDN,USA,2023,crm,0.022948,0.8788
IDN,VEN,2023,crm,0.000222,0.8788
IDN,VNM,2023,crm,0.01855,0.8788
IDN,ZAF,2023,crm,0.034104,0.8788
IDN,TWN,2023,crm,0.013077,0.8788
IND,ARG,2019,energy,0.000109,0.4758
IND,AUS,2019,energy,0.053792,0.4758
IND,BEL,2019,energy,0.000372,0.4758
IND,BRA,2019,energy,0.006557,0.4758
IND,CAN,2019,energy,0.008516,0.4758
IND,CHE,2019,energy,0.001424,0.4758
IND,CHN,2019,energy,0.003619,0.4758
IND,COL,2019,energy,0.001376,0.4758
IND,DEU,2019,energy,0.000617,0.4758
IND,DNK,2019,energy,0.000128,0.4758
IND,EGY,2019,energy,0.008595,0.4758
IND,ESP,2019,energy,0.000544,0.4758
IND,FIN,2019,energy,0.000157,0.4758
IND,FRA,2019,energy,0.001243,0.4758
IND,GBR,2019,energy,0.002714,0.4758
IND,HKG,2019,energy,0.000604,0.4758
IND,HUN,2019,energy,1e-06,0.4758
IND,IDN,2019,energy,0.046872,0.4758
IND,ISR,2019,energy,6e-06,0.4758
IND,ITA,2019,energy,0.000329,0.4758
IND,JPN,2019,energy,0.002233,0.4758
IND,KOR,2019,energy,0.005459,0.4758
IND,MEX,2019,energy,0.024636,0.4758
IND,MYS,2019,energy,0.015131,0.4758
IND,NLD,2019,energy,0.000287,0.4758
IND,NOR,2019,energy,0.001304,0.4758
IND,PER,2019,energy,0.0,0.4758
IND,PHL,2019,energy,2.1e-05,0.4758
IND,POL,2019,energy,0.002002,0.4758
IND,PRT,2019,energy,2e-06,0.4758
IND,RUS,2019,energy,0.018797,0.4758
IND,SAU,2019,energy,0.151526,0.4758
IND,SWE,2019,energy,6.2e-05,0.4758
IND,THA,2019,energy,0.000471,0.4758
IND,TUR,2019,energy,0.006077,0.4758
IND,UKR,2019,energy,1.3e-05,0.4758
IND,USA,2019,energy,0.054177,0.4758
IND,VEN,2019,energy,0.037037,0.4758
IND,VNM,2019,energy,0.000116,0.4758
IND,ZAF,2019,energy,0.018215,0.4758
IND,TWN,2019,energy,0.000701,0.4758
IND,ARG,2019,crm,0.000108,0.7485
IND,AUS,2019,crm,0.044271,0.7485
IND,BEL,2019,crm,0.008832,0.7485
IND,BRA,2019,crm,0.007805,0.7485
IND,CAN,2019,crm,0.01372,0.7485
IND,CHE,2019,crm,0.010292,0.7485
IND,CHL,2019,crm,0.034168,0.7485
IND,CHN,2019,crm,0.061167,0.7485
IND,COL,2019,crm,0.000652,0.7485
IND,DEU,2019,crm,0.018111,0.7485
IND,DNK,2019,crm,0.00132,0.7485
IND,EGY,2019,crm,0.004078,0.7485
IND,ESP,2019,crm,0.002684,0.7485
IND,FIN,2019,crm,0.001712,0.7485
IND,FRA,2019,crm,0.005187,0.7485
IND,GBR,2019,crm,0.060481,0.7485
IND,HKG,2019,crm,0.039357,0.7485
IND,HUN,2019,crm,0.000234,0.7485
IND,IDN,2019,crm,0.024252,0.7485
IND,ISR,2019,crm,0.001924,0.7485
IND,ITA,2019,crm,0.009094,0.7485
IND,JPN,2019,crm,0.041465,0.7485
IND,KOR,2019,crm,0.036943,0.7485
IND,MEX,2019,crm,0.002135,0.7485
IND,MYS,2019,crm,0.053071,0.7485
IND,NLD,2019,crm,0.022889,0.7485
IND,NOR,2019,crm,0.005732,0.7485
IND,PER,2019,crm,0.005331,0.7485
IND,PHL,2019,crm,0.002789,0.7485
IND,POL,2019,crm,0.006364,0.7485
IND,PRT,2019,crm,0.000613,0.7485
IND,RUS,2019,crm,0.019428,0.7485
IND,SAU,2019,crm,0.017999,0.7485
IND,SWE,2019,crm,0.003684,0.7485
IND,THA,2019,crm,0.027571,0.7485
IND,TUN,2019,crm,0.000159,0.7485
IND,TUR,2019,crm,0.009427,0.7485
IND,UKR,2019,crm,0.000778,0.7485
IND,USA,2019,crm,0.06957,0.7485
IND,VEN,2019,crm,0.00074,0.7485
IND,VNM,2019,crm,0.036075,0.7485
IND,ZAF,2019,crm,0.033954,0.7485
IND,TWN,2019,crm,0.002299,0.7485
IND,ARG,2021,energy,0.000209,0.4804
IND,AUS,2021,energy,0.066888,0.4804
IND,BEL,2021,energy,0.001231,0.4804
IND,BRA,2021,energy,0.011942,0.4804
IND,CAN,2021,energy,0.004236,0.4804
IND,CHE,2021,energy,0.00195,0.4804
IND,CHL,2021,energy,3.5e-05,0.4804
IND,CHN,2021,energy,0.004663,0.4804
IND,COL,2021,energy,0.012332,0.4804
IND,DEU,2021,energy,0.000821,0.4804
IND,DNK,2021,energy,4.8e-05,0.4804
IND,EGY,2021,energy,0.011372,0.4804
IND,ESP,2021,energy,0.000834,0.4804
IND,FIN,2021,energy,4e-06,0.4804
IND,FRA,2021,energy,0.001431,0.4804
IND,GBR,2021,energy,0.001732,0.4804
IND,HKG,2021,energy,0.000128,0.4804
IND,HUN,2021,energy,1e-06,0.4804
IND,IDN,2021,energy,0.037061,0.4804
IND,ISR,2021,energy,0.000695,0.4804
IND,ITA,2021,energy,0.000283,0.4804
IND,JPN,2021,energy,0.001913,0.4804
IND,KOR,2021,energy,0.008774,0.4804
IND,MEX,2021,energy,0.019598,0.4804
IND,MYS,2021,energy,0.008089,0.4804
IND,NLD,2021,energy,0.001159,0.4804
IND,NOR,2021,energy,0.008122,0.4804
IND,PHL,2021,energy,7e-06,0.4804
IND,POL,2021,energy,0.002591,0.4804
IND,PRT,2021,energy,1e-06,0.4804
IND,RUS,2021,energy,0.027364,0.4804
IND,SAU,2021,energy,0.129788,0.4804
IND,SWE,2021,energy,9e-06,0.4804
IND,THA,2021,energy,0.000659,0.4804
IND,TUN,2021,energy,0.0,0.4804
IND,TUR,2021,energy,0.003373,0.4804
IND,UKR,2021,energy,4.4e-05,0.4804
IND,USA,2021,energy,0.090501,0.4804
IND,VEN,2021,energy,1e-06,0.4804
IND,VNM,2021,energy,6e-05,0.4804
IND,ZAF,2021,energy,0.01958,0.4804
IND,TWN,2021,energy,0.000868,0.4804
IND,ARG,2021,crm,9.1e-05,0.7204
IND,AUS,2021,crm,0.049056,0.7204
IND,BEL,2021,crm,0.011038,0.7204
IND,BRA,2021,crm,0.01347,0.7204
IND,CAN,2021,crm,0.010358,0.7204
IND,CHE,2021,crm,0.005872,0.7204
IND,CHL,2021,crm,0.02946,0.7204
IND,CHN,2021,crm,0.055382,0.7204
IND,COL,2021,crm,0.001372,0.7204
IND,DEU,2021,crm,0.02649,0.7204
IND,DNK,2021,crm,0.001481,0.7204
IND,EGY,2021,crm,0.004759,0.7204
IND,ESP,2021,crm,0.003573,0.7204
IND,FIN,2021,crm,0.001652,0.7204
IND,FRA,2021,crm,0.0056,0.7204
IND,GBR,2021,crm,0.058027,0.7204
IND,HKG,2021,crm,0.027474,0.7204
IND,HUN,2021,crm,0.00038,0.7204
IND,IDN,2021,crm,0.033306,0.7204
IND,ISR,2021,crm,0.002626,0.7204
IND,ITA,2021,crm,0.008079,0.7204
IND,JPN,2021,crm,0.049488,0.7204
IND,KOR,2021,crm,0.032114,0.7204
IND,MEX,2021,crm,0.001275,0.7204
IND,MYS,2021,crm,0.031364,0.7204
IND,NLD,2021,crm,0.018053,0.7204
IND,NOR,2021,crm,0.005594,0.7204
IND,PER,2021,crm,0.01032,0.7204
IND,PHL,2021,crm,0.003141,0.7204
IND,POL,2021,crm,0.003271,0.7204
IND,PRT,2021,crm,0.000883,0.7204
IND,RUS,2021,crm,0.013356,0.7204
IND,SAU,2021,crm,0.026109,0.7204
IND,SWE,2021,crm,0.00321,0.7204
IND,THA,2021,crm,0.023813,0.7204
IND,TUN,2021,crm,0.000304,0.7204
IND,TUR,2021,crm,0.00883,0.7204
IND,UKR,2021,crm,0.000589,0.7204
IND,USA,2021,crm,0.057,0.7204
IND,VEN,2021,crm,0.001687,0.7204
IND,VNM,2021,crm,0.025421,0.7204
IND,ZAF,2021,crm,0.053297,0.7204
IND,TWN,2021,crm,0.001688,0.7204
IND,ARG,2023,energy,0.000145,0.6388
IND,AUS,2023,energy,0.05885,0.6388
IND,BEL,2023,energy,0.000415,0.6388
IND,BRA,2023,energy,0.006693,0.6388
IND,CAN,2023,energy,0.009217,0.6388
IND,CHE,2023,energy,1.7e-05,0.6388
IND,CHL,2023,energy,0.000106,0.6388
IND,CHN,2023,energy,0.003101,0.6388
IND,COL,2023,energy,0.008821,0.6388
IND,DEU,2023,energy,0.000558,0.6388
IND,DNK,2023,energy,2.3e-05,0.6388
IND,EGY,2023,energy,0.003369,0.6388
IND,ESP,2023,energy,0.001149,0.6388
IND,FIN,2023,energy,1.1e-05,0.6388
IND,FRA,2023,energy,8.9e-05,0.6388
IND,GBR,2023,energy,0.000323,0.6388
IND,HKG,2023,energy,1e-05,0.6388
IND,HUN,2023,energy,0.0,0.6388
IND,IDN,2023,energy,0.044307,0.6388
IND,ISR,2023,energy,3.1e-05,0.6388
IND,ITA,2023,energy,0.000106,0.6388
IND,JPN,2023,energy,0.001257,0.6388
IND,KOR,2023,energy,0.00579,0.6388
IND,MEX,2023,energy,0.00926,0.6388
IND,MYS,2023,energy,0.010066,0.6388
IND,NLD,2023,energy,0.000288,0.6388
IND,NOR,2023,energy,1.9e-05,0.6388
IND,PER,2023,energy,4.5e-05,0.6388
IND,PHL,2023,energy,4.6e-05,0.6388
IND,POL,2023,energy,0.001742,0.6388
IND,PRT,2023,energy,0.0,0.6388
IND,RUS,2023,energy,0.2659,0.6388
IND,SAU,2023,energy,0.120904,0.6388
IND,SWE,2023,energy,5.9e-05,0.6388
IND,THA,2023,energy,0.000549,0.6388
IND,TUN,2023,energy,0.000287,0.6388
IND,TUR,2023,energy,0.005647,0.6388
IND,UKR,2023,energy,4.8e-05,0.6388
IND,USA,2023,energy,0.060941,0.6388
IND,VEN,2023,energy,0.000503,0.6388
IND,VNM,2023,energy,5e-06,0.6388
IND,ZAF,2023,energy,0.017366,0.6388
IND,TWN,2023,energy,0.000724,0.6388
IND,ARG,2023,crm,2.6e-05,0.7226
IND,AUS,2023,crm,0.038122,0.7226
IND,BEL,2023,crm,0.008439,0.7226
IND,BRA,2023,crm,0.014058,0.7226
IND,CAN,2023,crm,0.018781,0.7226
IND,CHE,2023,crm,0.004361,0.7226
IND,CHL,2023,crm,0.027037,0.7226
IND,CHN,2023,crm,0.070562,0.7226
IND,COL,2023,crm,0.004385,0.7226
IND,DEU,2023,crm,0.019343,0.7226
IND,DNK,2023,crm,0.00187,0.7226
IND,EGY,2023,crm,0.005839,0.7226
IND,ESP,2023,crm,0.004947,0.7226
IND,FIN,2023,crm,0.002634,0.7226
IND,FRA,2023,crm,0.003612,0.7226
IND,GBR,2023,crm,0.051043,0.7226
IND,HKG,2023,crm,0.008738,0.7226
IND,HUN,2023,crm,0.000103,0.7226
IND,IDN,2023,crm,0.046956,0.7226
IND,ISR,2023,crm,0.002573,0.7226
IND,ITA,2023,crm,0.008646,0.7226
IND,JPN,2023,crm,0.064961,0.7226
IND,KOR,2023,crm,0.03016,0.7226
IND,MEX,2023,crm,0.002202,0.7226
IND,MYS,2023,crm,0.032686,0.7226
IND,NLD,2023,crm,0.01018,0.7226
IND,NOR,2023,crm,0.007267,0.7226
IND,PER,2023,crm,0.00948,0.7226
IND,PHL,2023,crm,0.007019,0.7226
IND,POL,2023,crm,0.008492,0.7226
IND,PRT,2023,crm,0.000695,0.7226
IND,RUS,2023,crm,0.019269,0.7226
IND,SAU,2023,crm,0.021656,0.7226
IND,SWE,2023,crm,0.004347,0.7226
IND,THA,2023,crm,0.024946,0.7226
IND,TUN,2023,crm,0.000284,0.7226
IND,TUR,2023,crm,0.009634,0.7226
IND,UKR,2023,crm,6.9e-05,0.7226
IND,USA,2023,crm,0.071264,0.7226
IND,VEN,2023,crm,0.001644,0.7226
IND,VNM,2023,crm,0.023627,0.7226
IND,ZAF,2023,crm,0.027338,0.7226
IND,TWN,2023,crm,0.003334,0.7226
ISR,ARG,2019,energy,5e-06,0.2004
ISR,AUS,2019,energy,0.0,0.2004
ISR,BEL,2019,energy,0.002572,0.2004
ISR,BRA,2019,energy,0.0,0.2004
ISR,CAN,2019,energy,0.000149,0.2004
ISR,CHE,2019,energy,0.006469,0.2004
ISR,CHL,2019,energy,8.5e-05,0.2004
ISR,CHN,2019,energy,0.000257,0.2004
ISR,DEU,2019,energy,0.005068,0.2004
ISR,DNK,2019,energy,8e-06,0.2004
ISR,EGY,2019,energy,5.5e-05,0.2004
ISR,ESP,2019,energy,0.007171,0.2004
ISR,FIN,2019,energy,9.7e-05,0.2004
ISR,FRA,2019,energy,0.001933,0.2004
ISR,GBR,2019,energy,0.002273,0.2004
ISR,HKG,2019,energy,0.000317,0.2004
ISR,HUN,2019,energy,5e-06,0.2004
ISR,IDN,2019,energy,0.0,0.2004
ISR,IND,2019,energy,0.001581,0.2004
ISR,ITA,2019,energy,0.001467,0.2004
ISR,JPN,2019,energy,0.000158,0.2004
ISR,KOR,2019,energy,0.002882,0.2004
ISR,MEX,2019,energy,1e-06,0.2004
ISR,MYS,2019,energy,1.5e-05,0.2004
ISR,NLD,2019,energy,0.001879,0.2004
ISR,NOR,2019,energy,1e-06,0.2004
ISR,POL,2019,energy,1.6e-05,0.2004
ISR,PRT,2019,energy,3.8e-05,0.2004
ISR,RUS,2019,energy,0.119694,0.2004
ISR,SWE,2019,energy,0.000369,0.2004
ISR,THA,2019,energy,1.2e-05,0.2004
ISR,TUR,2019,energy,0.005435,0.2004
ISR,UKR,2019,energy,2.9e-05,0.2004
ISR,USA,2019,energy,0.04035,0.2004
ISR,ZAF,2019,energy,5.2e-05,0.2004
ISR,TWN,2019,energy,1e-06,0.2004
ISR,ARG,2019,crm,0.000263,0.8814
ISR,AUS,2019,crm,0.001974,0.8814
ISR,BEL,2019,crm,0.016864,0.8814
ISR,BRA,2019,crm,0.009759,0.8814
ISR,CAN,2019,crm,0.003666,0.8814
ISR,CHE,2019,crm,0.025799,0.8814
ISR,CHL,2019,crm,3.1e-05,0.8814
ISR,CHN,2019,crm,0.172014,0.8814
ISR,DEU,2019,crm,0.055147,0.8814
ISR,DNK,2019,crm,0.00217,0.8814
ISR,EGY,2019,crm,0.001342,0.8814
ISR,ESP,2019,crm,0.01526,0.8814
ISR,FIN,2019,crm,0.009887,0.8814
ISR,FRA,2019,crm,0.020822,0.8814
ISR,GBR,2019,crm,0.013041,0.8814
ISR,HKG,2019,crm,0.00742,0.8814
ISR,HUN,2019,crm,0.000364,0.8814
ISR,IND,2019,crm,0.043914,0.8814
ISR,ITA,2019,crm,0.058933,0.8814
ISR,JPN,2019,crm,0.005273,0.8814
ISR,KOR,2019,crm,0.007971,0.8814
ISR,MEX,2019,crm,0.000975,0.8814
ISR,MYS,2019,crm,9.8e-05,0.8814
ISR,NLD,2019,crm,0.0095,0.8814
ISR,NOR,2019,crm,0.000926,0.8814
ISR,PER,2019,crm,0.000201,0.8814
ISR,POL,2019,crm,0.001903,0.8814
ISR,PRT,2019,crm,0.004182,0.8814
ISR,RUS,2019,crm,0.117862,0.8814
ISR,SWE,2019,crm,0.000484,0.8814
ISR,THA,2019,crm,0.000323,0.8814
ISR,TUR,2019,crm,0.118201,0.8814
ISR,UKR,2019,crm,0.000152,0.8814
ISR,USA,2019,crm,0.143421,0.8814
ISR,VEN,2019,crm,2e-06,0.8814
ISR,VNM,2019,crm,0.005429,0.8814
ISR,ZAF,2019,crm,0.001537,0.8814
ISR,TWN,2019,crm,0.004303,0.8814
ISR,ARG,2021,energy,6e-06,0.1147
ISR,AUS,2021,energy,0.0,0.1147
ISR,BEL,2021,energy,0.004883,0.1147
ISR,BRA,2021,energy,1e-06,0.1147
ISR,CAN,2021,energy,3.5e-05,0.1147
ISR,CHE,2021,energy,0.067043,0.1147
ISR,CHN,2021,energy,0.000164,0.1147
ISR,DEU,2021,energy,0.003902,0.1147
ISR,DNK,2021,energy,5.4e-05,0.1147
ISR,EGY,2021,energy,0.000109,0.1147
ISR,ESP,2021,energy,0.005259,0.1147
ISR,FIN,2021,energy,0.000217,0.1147
ISR,FRA,2021,energy,0.000496,0.1147
ISR,GBR,2021,energy,0.012504,0.1147
ISR,HKG,2021,energy,0.000195,0.1147
ISR,HUN,2021,energy,1.2e-05,0.1147
ISR,IND,2021,energy,0.001031,0.1147
ISR,ITA,2021,energy,0.00104,0.1147
ISR,JPN,2021,energy,5e-05,0.1147
ISR,KOR,2021,energy,0.002881,0.1147
ISR,MEX,2021,energy,4e-06,0.1147
ISR,NLD,2021,energy,0.002316,0.1147
ISR,POL,2021,energy,3.4e-05,0.1147
ISR,PRT,2021,energy,0.0,0.1147
ISR,RUS,2021,energy,0.001053,0.1147
ISR,SWE,2021,energy,0.000245,0.1147
ISR,THA,2021,energy,6e-06,0.1147
ISR,TUR,2021,energy,0.001551,0.1147
ISR,UKR,2021,energy,4e-05,0.1147
ISR,USA,2021,energy,0.009483,0.1147
ISR,ZAF,2021,energy,4.6e-05,0.1147
ISR,TWN,2021,energy,8e-06,0.1147
ISR,ARG,2021,crm,1e-06,0.8686
ISR,AUS,2021,crm,0.000417,0.8686
ISR,BEL,2021,crm,0.014657,0.8686
ISR,BRA,2021,crm,0.003109,0.8686
ISR,CAN,2021,crm,0.001767,0.8686
ISR,CHE,2021,crm,0.138498,0.8686
ISR,CHN,2021,crm,0.156482,0.8686
ISR,DEU,2021,crm,0.045491,0.8686
ISR,DNK,2021,crm,0.00093,0.8686
ISR,EGY,2021,crm,0.000923,0.8686
ISR,ESP,2021,crm,0.01176,0.8686
ISR,FIN,2021,crm,0.002421,0.8686
ISR,FRA,2021,crm,0.035249,0.8686
ISR,GBR,2021,crm,0.012113,0.8686
ISR,HKG,2021,crm,0.030972,0.8686
ISR,HUN,2021,crm,8e-05,0.8686
ISR,IDN,2021,crm,1e-06,0.8686
ISR,IND,2021,crm,0.029413,0.8686
ISR,ITA,2021,crm,0.053627,0.8686
ISR,JPN,2021,crm,0.006169,0.8686
ISR,KOR,2021,crm,0.008452,0.8686
ISR,MEX,2021,crm,0.000385,0.8686
ISR,NLD,2021,crm,0.015351,0.8686
ISR,NOR,2021,crm,0.01077,0.8686
ISR,PHL,2021,crm,1e-06,0.8686
ISR,POL,2021,crm,0.001167,0.8686
ISR,PRT,2021,crm,0.00224,0.8686
ISR,RUS,2021,crm,0.018936,0.8686
ISR,SWE,2021,crm,0.000342,0.8686
ISR,THA,2021,crm,0.004592,0.8686
ISR,TUR,2021,crm,0.172117,0.8686
ISR,UKR,2021,crm,2.7e-05,0.8686
ISR,USA,2021,crm,0.086077,0.8686
ISR,VNM,2021,crm,3e-05,0.8686
ISR,ZAF,2021,crm,0.00011,0.8686
ISR,TWN,2021,crm,0.003901,0.8686
ISR,AUS,2023,energy,2e-06,0.0859
ISR,BEL,2023,energy,0.002002,0.0859
ISR,BRA,2023,energy,1.2e-05,0.0859
ISR,CAN,2023,energy,8.7e-05,0.0859
ISR,CHE,2023,energy,0.002242,0.0859
ISR,CHN,2023,energy,0.000432,0.0859
ISR,COL,2023,energy,2e-06,0.0859
ISR,DEU,2023,energy,0.002574,0.0859
ISR,DNK,2023,energy,8e-06,0.0859
ISR,EGY,2023,energy,0.005551,0.0859
ISR,ESP,2023,energy,0.000364,0.0859
ISR,FIN,2023,energy,0.00014,0.0859
ISR,FRA,2023,energy,0.001339,0.0859
ISR,GBR,2023,energy,0.00207,0.0859
ISR,HKG,2023,energy,9.6e-05,0.0859
ISR,HUN,2023,energy,1.5e-05,0.0859
ISR,IDN,2023,energy,9e-06,0.0859
ISR,IND,2023,energy,0.001115,0.0859
ISR,ITA,2023,energy,0.000841,0.0859
ISR,JPN,2023,energy,0.000113,0.0859
ISR,KOR,2023,energy,0.000347,0.0859
ISR,MEX,2023,energy,1e-05,0.0859
ISR,MYS,2023,energy,0.0,0.0859
ISR,NLD,2023,energy,0.000558,0.0859
ISR,NOR,2023,energy,0.0,0.0859
ISR,PHL,2023,energy,0.0,0.0859
ISR,POL,2023,energy,5.4e-05,0.0859
ISR,PRT,2023,energy,5e-06,0.0859
ISR,RUS,2023,energy,0.04376,0.0859
ISR,SWE,2023,energy,0.000247,0.0859
ISR,THA,2023,energy,4.9e-05,0.0859
ISR,TUR,2023,energy,0.013027,0.0859
ISR,UKR,2023,energy,1.1e-05,0.0859
ISR,USA,2023,energy,0.008802,0.0859
ISR,ZAF,2023,energy,2.8e-05,0.0859
ISR,TWN,2023,energy,8e-06,0.0859
ISR,ARG,2023,crm,1.6e-05,0.8517
ISR,AUS,2023,crm,0.005092,0.8517
ISR,BEL,2023,crm,0.0152,0.8517
ISR,BRA,2023,crm,0.000992,0.8517
ISR,CAN,2023,crm,0.001766,0.8517
ISR,CHE,2023,crm,0.008828,0.8517
ISR,CHN,2023,crm,0.231442,0.8517
ISR,DEU,2023,crm,0.045235,0.8517
ISR,DNK,2023,crm,0.001323,0.8517
ISR,EGY,2023,crm,0.003541,0.8517
ISR,ESP,2023,crm,0.011152,0.8517
ISR,FIN,2023,crm,0.001829,0.8517
ISR,FRA,2023,crm,0.03196,0.8517
ISR,GBR,2023,crm,0.01324,0.8517
ISR,HKG,2023,crm,0.012226,0.8517
ISR,HUN,2023,crm,0.000204,0.8517
ISR,IDN,2023,crm,7e-06,0.8517
ISR,IND,2023,crm,0.025876,0.8517
ISR,ITA,2023,crm,0.050995,0.8517
ISR,JPN,2023,crm,0.004006,0.8517
ISR,KOR,2023,crm,0.008348,0.8517
ISR,MEX,2023,crm,0.000347,0.8517
ISR,MYS,2023,crm,5.5e-05,0.8517
ISR,NLD,2023,crm,0.004244,0.8517
ISR,NOR,2023,crm,0.000651,0.8517
ISR,PER,2023,crm,0.000143,0.8517
ISR,PHL,2023,crm,1e-06,0.8517
ISR,POL,2023,crm,0.001376,0.8517
ISR,PRT,2023,crm,0.001202,0.8517
ISR,RUS,2023,crm,0.091939,0.8517
ISR,SWE,2023,crm,0.000474,0.8517
ISR,THA,2023,crm,0.004242,0.8517
ISR,TUN,2023,crm,1e-06,0.8517
ISR,TUR,2023,crm,0.165371,0.8517
ISR,UKR,2023,crm,2.6e-05,0.8517
ISR,USA,2023,crm,0.099966,0.8517
ISR,VNM,2023,crm,0.001194,0.8517
ISR,ZAF,2023,crm,0.001735,0.8517
ISR,TWN,2023,crm,0.005419,0.8517
ITA,AUS,2019,energy,0.00214,0.4815
ITA,BEL,2019,energy,0.003984,0.4815
ITA,BRA,2019,energy,7e-06,0.4815
ITA,CAN,2019,energy,0.007076,0.4815
ITA,CHE,2019,energy,0.002657,0.4815
ITA,CHN,2019,energy,0.001043,0.4815
ITA,COL,2019,energy,0.002273,0.4815
ITA,DEU,2019,energy,0.027288,0.4815
ITA,DNK,2019,energy,0.001555,0.4815
ITA,EGY,2019,energy,0.016266,0.4815
ITA,ESP,2019,energy,0.013987,0.4815
ITA,FIN,2019,energy,1.9e-05,0.4815
ITA,FRA,2019,energy,0.026642,0.4815
ITA,GBR,2019,energy,0.00909,0.4815
ITA,HUN,2019,energy,0.00038,0.4815
ITA,IDN,2019,energy,9.8e-05,0.4815
ITA,IND,2019,energy,0.008101,0.4815
ITA,ISR,2019,energy,0.001044,0.4815
ITA,JPN,2019,energy,0.000214,0.4815
ITA,KOR,2019,energy,0.000977,0.4815
ITA,MEX,2019,energy,0.000541,0.4815
ITA,MYS,2019,energy,0.000111,0.4815
ITA,NLD,2019,energy,0.016918,0.4815
ITA,NOR,2019,energy,0.016037,0.4815
ITA,PHL,2019,energy,0.0,0.4815
ITA,POL,2019,energy,0.002356,0.4815
ITA,PRT,2019,energy,9.3e-05,0.4815
ITA,RUS,2019,energy,0.215367,0.4815
ITA,SAU,2019,energy,0.060992,0.4815
ITA,SWE,2019,energy,0.000201,0.4815
ITA,THA,2019,energy,0.0,0.4815
ITA,TUN,2019,energy,0.003663,0.4815
ITA,TUR,2019,energy,0.01079,0.4815
ITA,UKR,2019,energy,0.000136,0.4815
ITA,USA,2019,energy,0.026577,0.4815
ITA,VEN,2019,energy,0.002586,0.4815
ITA,VNM,2019,energy,0.0,0.4815
ITA,ZAF,2019,energy,0.00024,0.4815
ITA,TWN,2019,energy,4.1e-05,0.4815
ITA,ARG,2019,crm,0.00082,0.7573
ITA,AUS,2019,crm,0.001701,0.7573
ITA,BEL,2019,crm,0.028166,0.7573
ITA,BRA,2019,crm,0.019639,0.7573
ITA,CAN,2019,crm,0.013266,0.7573
ITA,CHE,2019,crm,0.031314,0.7573
ITA,CHL,2019,crm,0.013442,0.7573
ITA,CHN,2019,crm,0.023439,0.7573
ITA,COL,2019,crm,7.7e-05,0.7573
ITA,DEU,2019,crm,0.164615,0.7573
ITA,DNK,2019,crm,0.001383,0.7573
ITA,EGY,2019,crm,0.013118,0.7573
ITA,ESP,2019,crm,0.056921,0.7573
ITA,FIN,2019,crm,0.004067,0.7573
ITA,FRA,2019,crm,0.052031,0.7573
ITA,GBR,2019,crm,0.02324,0.7573
ITA,HKG,2019,crm,0.000447,0.7573
ITA,HUN,2019,crm,0.014038,0.7573
ITA,IDN,2019,crm,0.001598,0.7573
ITA,IND,2019,crm,0.007981,0.7573
ITA,ISR,2019,crm,0.001234,0.7573
ITA,JPN,2019,crm,0.001867,0.7573
ITA,KOR,2019,crm,0.002307,0.7573
ITA,MEX,2019,crm,0.011193,0.7573
ITA,MYS,2019,crm,0.004222,0.7573
ITA,NLD,2019,crm,0.032262,0.7573
ITA,NOR,2019,crm,0.001138,0.7573
ITA,PER,2019,crm,0.014729,0.7573
ITA,PHL,2019,crm,2e-06,0.7573
ITA,POL,2019,crm,0.022939,0.7573
ITA,PRT,2019,crm,0.003117,0.7573
ITA,RUS,2019,crm,0.055933,0.7573
ITA,SAU,2019,crm,0.003764,0.7573
ITA,SWE,2019,crm,0.013844,0.7573
ITA,THA,2019,crm,0.000444,0.7573
ITA,TUN,2019,crm,0.003476,0.7573
ITA,TUR,2019,crm,0.021401,0.7573
ITA,UKR,2019,crm,0.006485,0.7573
ITA,USA,2019,crm,0.0659,0.7573
ITA,VEN,2019,crm,0.000692,0.7573
ITA,VNM,2019,crm,0.001484,0.7573
ITA,ZAF,2019,crm,0.016499,0.7573
ITA,TWN,2019,crm,0.00104,0.7573
ITA,ARG,2021,energy,0.0,0.4873
ITA,AUS,2021,energy,0.001742,0.4873
ITA,BEL,2021,energy,0.004778,0.4873
ITA,BRA,2021,energy,0.003128,0.4873
ITA,CAN,2021,energy,0.001377,0.4873
ITA,CHE,2021,energy,0.00246,0.4873
ITA,CHN,2021,energy,0.00128,0.4873
ITA,COL,2021,energy,0.000713,0.4873
ITA,DEU,2021,energy,0.030382,0.4873
ITA,DNK,2021,energy,0.00216,0.4873
ITA,EGY,2021,energy,0.007392,0.4873
ITA,ESP,2021,energy,0.012721,0.4873
ITA,FIN,2021,energy,1.2e-05,0.4873
ITA,FRA,2021,energy,0.045791,0.4873
ITA,GBR,2021,energy,0.012725,0.4873
ITA,HUN,2021,energy,0.000344,0.4873
ITA,IDN,2021,energy,1e-06,0.4873
ITA,IND,2021,energy,0.00544,0.4873
ITA,ISR,2021,energy,0.001283,0.4873
ITA,JPN,2021,energy,0.000241,0.4873
ITA,KOR,2021,energy,0.001749,0.4873
ITA,MEX,2021,energy,8e-06,0.4873
ITA,MYS,2021,energy,0.001151,0.4873
ITA,NLD,2021,energy,0.007353,0.4873
ITA,NOR,2021,energy,0.020398,0.4873
ITA,PHL,2021,energy,0.0,0.4873
ITA,POL,2021,energy,0.000793,0.4873
ITA,PRT,2021,energy,0.000785,0.4873
ITA,RUS,2021,energy,0.224883,0.4873
ITA,SAU,2021,energy,0.063611,0.4873
ITA,SWE,2021,energy,0.000236,0.4873
ITA,THA,2021,energy,1e-06,0.4873
ITA,TUN,2021,energy,0.002774,0.4873
ITA,TUR,2021,energy,0.003785,0.4873
ITA,UKR,2021,energy,5.3e-05,0.4873
ITA,USA,2021,energy,0.024994,0.4873
ITA,VEN,2021,energy,0.0,0.4873
ITA,VNM,2021,energy,1e-06,0.4873
ITA,ZAF,2021,energy,0.000729,0.4873
ITA,TWN,2021,energy,3.3e-05,0.4873
ITA,ARG,2021,crm,1.1e-05,0.7808
ITA,AUS,2021,crm,0.002048,0.7808
ITA,BEL,2021,crm,0.028412,0.7808
ITA,BRA,2021,crm,0.020799,0.7808
ITA,CAN,2021,crm,0.010859,0.7808
ITA,CHE,2021,crm,0.033234,0.7808
ITA,CHL,2021,crm,0.009928,0.7808
ITA,CHN,2021,crm,0.012052,0.7808
ITA,COL,2021,crm,9.8e-05,0.7808
ITA,DEU,2021,crm,0.157454,0.7808
ITA,DNK,2021,crm,0.000702,0.7808
ITA,EGY,2021,crm,0.011033,0.7808
ITA,ESP,2021,crm,0.049058,0.7808
ITA,FIN,2021,crm,0.010169,0.7808
ITA,FRA,2021,crm,0.053086,0.7808
ITA,GBR,2021,crm,0.031127,0.7808
ITA,HKG,2021,crm,0.0003,0.7808
ITA,HUN,2021,crm,0.01287,0.7808
ITA,IDN,2021,crm,0.001602,0.7808
ITA,IND,2021,crm,0.010045,0.7808
ITA,ISR,2021,crm,0.000949,0.7808
ITA,JPN,2021,crm,0.001787,0.7808
ITA,KOR,2021,crm,0.002935,0.7808
ITA,MEX,2021,crm,0.006947,0.7808
ITA,MYS,2021,crm,0.00413,0.7808
ITA,NLD,2021,crm,0.043838,0.7808
ITA,NOR,2021,crm,0.000921,0.7808
ITA,PER,2021,crm,0.013241,0.7808
ITA,PHL,2021,crm,0.0,0.7808
ITA,POL,2021,crm,0.02804,0.7808
ITA,PRT,2021,crm,0.001509,0.7808
ITA,RUS,2021,crm,0.054204,0.7808
ITA,SAU,2021,crm,0.00306,0.7808
ITA,SWE,2021,crm,0.018797,0.7808
ITA,THA,2021,crm,0.000351,0.7808
ITA,TUN,2021,crm,0.00245,0.7808
ITA,TUR,2021,crm,0.023032,0.7808
ITA,UKR,2021,crm,0.007265,0.7808
ITA,USA,2021,crm,0.078161,0.7808
ITA,VEN,2021,crm,0.002262,0.7808
ITA,VNM,2021,crm,0.002402,0.7808
ITA,ZAF,2021,crm,0.029124,0.7808
ITA,TWN,2021,crm,0.000507,0.7808
ITA,ARG,2023,energy,0.0,0.3773
ITA,AUS,2023,energy,0.003476,0.3773
ITA,BEL,2023,energy,0.004426,0.3773
ITA,BRA,2023,energy,0.002998,0.3773
ITA,CAN,2023,energy,0.000197,0.3773
ITA,CHE,2023,energy,0.033235,0.3773
ITA,CHN,2023,energy,0.000288,0.3773
ITA,COL,2023,energy,0.001581,0.3773
ITA,DEU,2023,energy,0.004879,0.3773
ITA,DNK,2023,energy,5.4e-05,0.3773
ITA,EGY,2023,energy,0.007652,0.3773
ITA,ESP,2023,energy,0.01533,0.3773
ITA,FIN,2023,energy,0.000602,0.3773
ITA,FRA,2023,energy,0.032681,0.3773
ITA,GBR,2023,energy,0.008299,0.3773
ITA,HUN,2023,energy,0.000243,0.3773
ITA,IDN,2023,energy,0.00372,0.3773
ITA,IND,2023,energy,0.012759,0.3773
ITA,ISR,2023,energy,0.000793,0.3773
ITA,JPN,2023,energy,1.5e-05,0.3773
ITA,KOR,2023,energy,0.002739,0.3773
ITA,MEX,2023,energy,0.001615,0.3773
ITA,MYS,2023,energy,0.000307,0.3773
ITA,NLD,2023,energy,0.01449,0.3773
ITA,NOR,2023,energy,0.039128,0.3773
ITA,PER,2023,energy,0.000169,0.3773
ITA,POL,2023,energy,0.000863,0.3773
ITA,PRT,2023,energy,1e-05,0.3773
ITA,RUS,2023,energy,0.018765,0.3773
ITA,SAU,2023,energy,0.060919,0.3773
ITA,SWE,2023,energy,0.000108,0.3773
ITA,THA,2023,energy,1e-06,0.3773
ITA,TUN,2023,energy,0.004201,0.3773
ITA,TUR,2023,energy,0.006843,0.3773
ITA,UKR,2023,energy,0.000394,0.3773
ITA,USA,2023,energy,0.087779,0.3773
ITA,VEN,2023,energy,6.9e-05,0.3773
ITA,ZAF,2023,energy,0.005565,0.3773
ITA,TWN,2023,energy,6.7e-05,0.3773
ITA,ARG,2023,crm,3.2e-05,0.7669
ITA,AUS,2023,crm,0.002713,0.7669
ITA,BEL,2023,crm,0.029663,0.7669
ITA,BRA,2023,crm,0.01728,0.7669
ITA,CAN,2023,crm,0.00383,0.7669
ITA,CHE,2023,crm,0.038847,0.7669
ITA,CHL,2023,crm,0.011158,0.7669
ITA,CHN,2023,crm,0.016443,0.7669
ITA,COL,2023,crm,0.00011,0.7669
ITA,DEU,2023,crm,0.172692,0.7669
ITA,DNK,2023,crm,0.000564,0.7669
ITA,EGY,2023,crm,0.015179,0.7669
ITA,ESP,2023,crm,0.061815,0.7669
ITA,FIN,2023,crm,0.006188,0.7669
ITA,FRA,2023,crm,0.062238,0.7669
ITA,GBR,2023,crm,0.018192,0.7669
ITA,HKG,2023,crm,0.000459,0.7669
ITA,HUN,2023,crm,0.010559,0.7669
ITA,IDN,2023,crm,0.001493,0.7669
ITA,IND,2023,crm,0.018493,0.7669
ITA,ISR,2023,crm,0.000535,0.7669
ITA,JPN,2023,crm,0.002911,0.7669
ITA,KOR,2023,crm,0.006238,0.7669
ITA,MEX,2023,crm,0.006173,0.7669
ITA,MYS,2023,crm,0.00455,0.7669
ITA,NLD,2023,crm,0.040081,0.7669
ITA,NOR,2023,crm,0.000761,0.7669
ITA,PER,2023,crm,0.017392,0.7669
ITA,PHL,2023,crm,1e-06,0.7669
ITA,POL,2023,crm,0.028133,0.7669
ITA,PRT,2023,crm,0.001634,0.7669
ITA,RUS,2023,crm,0.0297,0.7669
ITA,SAU,2023,crm,0.005673,0.7669
ITA,SWE,2023,crm,0.013129,0.7669
ITA,THA,2023,crm,0.000626,0.7669
ITA,TUN,2023,crm,0.001464,0.7669
ITA,TUR,2023,crm,0.023914,0.7669
ITA,UKR,2023,crm,0.002601,0.7669
ITA,USA,2023,crm,0.06154,0.7669
ITA,VEN,2023,crm,0.003734,0.7669
ITA,VNM,2023,crm,0.002812,0.7669
ITA,ZAF,2023,crm,0.024432,0.7669
ITA,TWN,2023,crm,0.000953,0.7669
JPN,AUS,2019,energy,0.19639,0.6256
JPN,BEL,2019,energy,7.3e-05,0.6256
JPN,BRA,2019,energy,1e-06,0.6256
JPN,CAN,2019,energy,0.012236,0.6256
JPN,CHE,2019,energy,2.1e-05,0.6256
JPN,CHN,2019,energy,0.006859,0.6256
JPN,COL,2019,energy,0.001564,0.6256
JPN,DEU,2019,energy,0.000203,0.6256
JPN,DNK,2019,energy,2e-06,0.6256
JPN,EGY,2019,energy,0.000448,0.6256
JPN,ESP,2019,energy,0.000702,0.6256
JPN,FIN,2019,energy,2e-06,0.6256
JPN,FRA,2019,energy,0.000155,0.6256
JPN,GBR,2019,energy,7.1e-05,0.6256
JPN,HKG,2019,energy,1.9e-05,0.6256
JPN,HUN,2019,energy,0.0,0.6256
JPN,IDN,2019,energy,0.033369,0.6256
JPN,IND,2019,energy,0.003415,0.6256
JPN,ISR,2019,energy,1e-06,0.6256
JPN,ITA,2019,energy,2.6e-05,0.6256
JPN,KOR,2019,energy,0.025813,0.6256
JPN,MEX,2019,energy,0.001616,0.6256
JPN,MYS,2019,energy,0.032998,0.6256
JPN,NLD,2019,energy,0.000165,0.6256
JPN,NOR,2019,energy,0.000989,0.6256
JPN,PER,2019,energy,0.003356,0.6256
JPN,PHL,2019,energy,3e-06,0.6256
JPN,POL,2019,energy,2e-06,0.6256
JPN,RUS,2019,energy,0.064207,0.6256
JPN,SAU,2019,energy,0.171674,0.6256
JPN,SWE,2019,energy,8e-06,0.6256
JPN,THA,2019,energy,0.000609,0.6256
JPN,TUR,2019,energy,1e-06,0.6256
JPN,UKR,2019,energy,0.0,0.6256
JPN,USA,2019,energy,0.065213,0.6256
JPN,VNM,2019,energy,0.001986,0.6256
JPN,ZAF,2019,energy,0.000288,0.6256
JPN,TWN,2019,energy,0.001075,0.6256
JPN,ARG,2019,crm,0.001429,0.919
JPN,AUS,2019,crm,0.198894,0.919
JPN,BEL,2019,crm,0.003259,0.919
JPN,BRA,2019,crm,0.072035,0.919
JPN,CAN,2019,crm,0.039867,0.919
JPN,CHE,2019,crm,0.000745,0.919
JPN,CHL,2019,crm,0.080685,0.919
JPN,CHN,2019,crm,0.062605,0.919
JPN,COL,2019,crm,0.000339,0.919
JPN,DEU,2019,crm,0.007234,0.919
JPN,DNK,2019,crm,6e-06,0.919
JPN,EGY,2019,crm,2e-06,0.919
JPN,ESP,2019,crm,0.005062,0.919
JPN,FIN,2019,crm,0.007423,0.919
JPN,FRA,2019,crm,0.002263,0.919
JPN,GBR,2019,crm,0.006017,0.919
JPN,HKG,2019,crm,0.001351,0.919
JPN,HUN,2019,crm,2.9e-05,0.919
JPN,IDN,2019,crm,0.045902,0.919
JPN,IND,2019,crm,0.012737,0.919
JPN,ISR,2019,crm,0.000323,0.919
JPN,ITA,2019,crm,0.001162,0.919
JPN,KOR,2019,crm,0.034496,0.919
JPN,MEX,2019,crm,0.010241,0.919
JPN,MYS,2019,crm,0.013153,0.919
JPN,NLD,2019,crm,0.003135,0.919
JPN,NOR,2019,crm,0.003293,0.919
JPN,PER,2019,crm,0.034356,0.919
JPN,PHL,2019,crm,0.025427,0.919
JPN,POL,2019,crm,0.00054,0.919
JPN,PRT,2019,crm,9e-06,0.919
JPN,RUS,2019,crm,0.045001,0.919
JPN,SAU,2019,crm,0.010179,0.919
JPN,SWE,2019,crm,0.000627,0.919
JPN,THA,2019,crm,0.014348,0.919
JPN,TUN,2019,crm,3e-06,0.919
JPN,TUR,2019,crm,0.00127,0.919
JPN,UKR,2019,crm,0.004891,0.919
JPN,USA,2019,crm,0.064253,0.919
JPN,VEN,2019,crm,4.1e-05,0.919
JPN,VNM,2019,crm,0.003503,0.919
JPN,ZAF,2019,crm,0.081486,0.919
JPN,TWN,2019,crm,0.019369,0.919
JPN,AUS,2021,energy,0.206789,0.6504
JPN,BEL,2021,energy,6.6e-05,0.6504
JPN,BRA,2021,energy,0.00051,0.6504
JPN,CAN,2021,energy,0.012806,0.6504
JPN,CHE,2021,energy,2.3e-05,0.6504
JPN,CHN,2021,energy,0.010854,0.6504
JPN,COL,2021,energy,0.000656,0.6504
JPN,DEU,2021,energy,0.000212,0.6504
JPN,DNK,2021,energy,3e-06,0.6504
JPN,EGY,2021,energy,0.001626,0.6504
JPN,ESP,2021,energy,0.002665,0.6504
JPN,FIN,2021,energy,2e-06,0.6504
JPN,FRA,2021,energy,0.000645,0.6504
JPN,GBR,2021,energy,0.000374,0.6504
JPN,HKG,2021,energy,5e-06,0.6504
JPN,HUN,2021,energy,0.0,0.6504
JPN,IDN,2021,energy,0.025791,0.6504
JPN,IND,2021,energy,0.004767,0.6504
JPN,ISR,2021,energy,3.3e-05,0.6504
JPN,ITA,2021,energy,0.000136,0.6504
JPN,KOR,2021,energy,0.031742,0.6504
JPN,MEX,2021,energy,0.00035,0.6504
JPN,MYS,2021,energy,0.03656,0.6504
JPN,NLD,2021,energy,8.6e-05,0.6504
JPN,NOR,2021,energy,0.000218,0.6504
JPN,PER,2021,energy,0.005055,0.6504
JPN,PHL,2021,energy,0.0,0.6504
JPN,POL,2021,energy,1.4e-05,0.6504
JPN,RUS,2021,energy,0.056035,0.6504
JPN,SAU,2021,energy,0.16989,0.6504
JPN,SWE,2021,energy,1e-05,0.6504
JPN,THA,2021,energy,0.001136,0.6504
JPN,TUR,2021,energy,2e-06,0.6504
JPN,UKR,2021,energy,0.0,0.6504
JPN,USA,2021,energy,0.078958,0.6504
JPN,VNM,2021,energy,0.001719,0.6504
JPN,ZAF,2021,energy,0.000289,0.6504
JPN,TWN,2021,energy,0.000385,0.6504
JPN,ARG,2021,crm,0.000924,0.916
JPN,AUS,2021,crm,0.20042,0.916
JPN,BEL,2021,crm,0.004095,0.916
JPN,BRA,2021,crm,0.076415,0.916
JPN,CAN,2021,crm,0.037118,0.916
JPN,CHE,2021,crm,0.002146,0.916
JPN,CHL,2021,crm,0.072298,0.916
JPN,CHN,2021,crm,0.051355,0.916
JPN,COL,2021,crm,0.000174,0.916
JPN,DEU,2021,crm,0.009852,0.916
JPN,DNK,2021,crm,1.6e-05,0.916
JPN,EGY,2021,crm,2.4e-05,0.916
JPN,ESP,2021,crm,0.003371,0.916
JPN,FIN,2021,crm,0.005157,0.916
JPN,FRA,2021,crm,0.001627,0.916
JPN,GBR,2021,crm,0.008631,0.916
JPN,HKG,2021,crm,0.002408,0.916
JPN,HUN,2021,crm,3.5e-05,0.916
JPN,IDN,2021,crm,0.058457,0.916
JPN,IND,2021,crm,0.009439,0.916
JPN,ISR,2021,crm,0.000323,0.916
JPN,ITA,2021,crm,0.002984,0.916
JPN,KOR,2021,crm,0.036845,0.916
JPN,MEX,2021,crm,0.009988,0.916
JPN,MYS,2021,crm,0.012417,0.916
JPN,NLD,2021,crm,0.002201,0.916
JPN,NOR,2021,crm,0.003054,0.916
JPN,PER,2021,crm,0.024456,0.916
JPN,PHL,2021,crm,0.017861,0.916
JPN,POL,2021,crm,0.000556,0.916
JPN,PRT,2021,crm,1.1e-05,0.916
JPN,RUS,2021,crm,0.03877,0.916
JPN,SAU,2021,crm,0.00869,0.916
JPN,SWE,2021,crm,0.000234,0.916
JPN,THA,2021,crm,0.013472,0.916
JPN,TUN,2021,crm,2.2e-05,0.916
JPN,TUR,2021,crm,0.000534,0.916
JPN,UKR,2021,crm,0.003857,0.916
JPN,USA,2021,crm,0.050615,0.916
JPN,VEN,2021,crm,2.4e-05,0.916
JPN,VNM,2021,crm,0.003176,0.916
JPN,ZAF,2021,crm,0.120923,0.916
JPN,TWN,2021,crm,0.021014,0.916
JPN,ARG,2023,energy,0.0,0.6729
JPN,AUS,2023,energy,0.248764,0.6729
JPN,BEL,2023,energy,2.5e-05,0.6729
JPN,BRA,2023,energy,1.4e-05,0.6729
JPN,CAN,2023,energy,0.023569,0.6729
JPN,CHE,2023,energy,2.4e-05,0.6729
JPN,CHL,2023,energy,0.0,0.6729
JPN,CHN,2023,energy,0.008397,0.6729
JPN,COL,2023,energy,0.002141,0.6729
JPN,DEU,2023,energy,0.00019,0.6729
JPN,DNK,2023,energy,3e-06,0.6729
JPN,EGY,2023,energy,0.000828,0.6729
JPN,ESP,2023,energy,0.00062,0.6729
JPN,FIN,2023,energy,1.3e-05,0.6729
JPN,FRA,2023,energy,0.000145,0.6729
JPN,GBR,2023,energy,6.1e-05,0.6729
JPN,HKG,2023,energy,1.2e-05,0.6729
JPN,HUN,2023,energy,0.0,0.6729
JPN,IDN,2023,energy,0.042765,0.6729
JPN,IND,2023,energy,0.000585,0.6729
JPN,ISR,2023,energy,2e-06,0.6729
JPN,ITA,2023,energy,0.001114,0.6729
JPN,KOR,2023,energy,0.029057,0.6729
JPN,MEX,2023,energy,0.0,0.6729
JPN,MYS,2023,energy,0.037482,0.6729
JPN,NLD,2023,energy,0.000137,0.6729
JPN,NOR,2023,energy,1e-06,0.6729
JPN,PER,2023,energy,0.002435,0.6729
JPN,PHL,2023,energy,9.8e-05,0.6729
JPN,POL,2023,energy,1.2e-05,0.6729
JPN,RUS,2023,energy,0.025786,0.6729
JPN,SAU,2023,energy,0.174231,0.6729
JPN,SWE,2023,energy,9e-06,0.6729
JPN,THA,2023,energy,0.000843,0.6729
JPN,TUR,2023,energy,0.000243,0.6729
JPN,UKR,2023,energy,0.0,0.6729
JPN,USA,2023,energy,0.06728,0.6729
JPN,VNM,2023,energy,0.002014,0.6729
JPN,ZAF,2023,energy,0.003718,0.6729
JPN,TWN,2023,energy,0.000321,0.6729
JPN,ARG,2023,crm,0.000863,0.9066
JPN,AUS,2023,crm,0.184682,0.9066
JPN,BEL,2023,crm,0.004277,0.9066
JPN,BRA,2023,crm,0.084616,0.9066
JPN,CAN,2023,crm,0.041599,0.9066
JPN,CHE,2023,crm,0.000826,0.9066
JPN,CHL,2023,crm,0.088314,0.9066
JPN,CHN,2023,crm,0.043316,0.9066
JPN,COL,2023,crm,0.000146,0.9066
JPN,DEU,2023,crm,0.010125,0.9066
JPN,DNK,2023,crm,1.2e-05,0.9066
JPN,EGY,2023,crm,4.8e-05,0.9066
JPN,ESP,2023,crm,0.007494,0.9066
JPN,FIN,2023,crm,0.006396,0.9066
JPN,FRA,2023,crm,0.000958,0.9066
JPN,GBR,2023,crm,0.006305,0.9066
JPN,HKG,2023,crm,0.000439,0.9066
JPN,HUN,2023,crm,3.4e-05,0.9066
JPN,IDN,2023,crm,0.080506,0.9066
JPN,IND,2023,crm,0.01093,0.9066
JPN,ISR,2023,crm,0.000234,0.9066
JPN,ITA,2023,crm,0.003432,0.9066
JPN,KOR,2023,crm,0.029793,0.9066
JPN,MEX,2023,crm,0.010393,0.9066
JPN,MYS,2023,crm,0.014462,0.9066
JPN,NLD,2023,crm,0.000501,0.9066
JPN,NOR,2023,crm,0.002161,0.9066
JPN,PER,2023,crm,0.032548,0.9066
JPN,PHL,2023,crm,0.021582,0.9066
JPN,POL,2023,crm,0.000335,0.9066
JPN,PRT,2023,crm,7.5e-05,0.9066
JPN,RUS,2023,crm,0.016059,0.9066
JPN,SAU,2023,crm,0.006497,0.9066
JPN,SWE,2023,crm,0.000304,0.9066
JPN,THA,2023,crm,0.014246,0.9066
JPN,TUN,2023,crm,3e-05,0.9066
JPN,TUR,2023,crm,0.000613,0.9066
JPN,UKR,2023,crm,0.000678,0.9066
JPN,USA,2023,crm,0.054921,0.9066
JPN,VEN,2023,crm,0.000124,0.9066
JPN,VNM,2023,crm,0.004491,0.9066
JPN,ZAF,2023,crm,0.096911,0.9066
JPN,TWN,2023,crm,0.024357,0.9066
KOR,AUS,2019,energy,0.079322,0.5968
KOR,BEL,2019,energy,0.000112,0.5968
KOR,BRA,2019,energy,2e-05,0.5968
KOR,CAN,2019,energy,0.013991,0.5968
KOR,CHE,2019,energy,4.1e-05,0.5968
KOR,CHL,2019,energy,0.0,0.5968
KOR,CHN,2019,energy,0.005294,0.5968
KOR,COL,2019,energy,0.004021,0.5968
KOR,DEU,2019,energy,0.00072,0.5968
KOR,DNK,2019,energy,1e-06,0.5968
KOR,EGY,2019,energy,0.00158,0.5968
KOR,ESP,2019,energy,0.000477,0.5968
KOR,FIN,2019,energy,1e-06,0.5968
KOR,FRA,2019,energy,0.000142,0.5968
KOR,GBR,2019,energy,0.001708,0.5968
KOR,HKG,2019,energy,3.1e-05,0.5968
KOR,HUN,2019,energy,0.0,0.5968
KOR,IDN,2019,energy,0.024191,0.5968
KOR,IND,2019,energy,0.009572,0.5968
KOR,ISR,2019,energy,0.000246,0.5968
KOR,ITA,2019,energy,0.000266,0.5968
KOR,JPN,2019,energy,0.014069,0.5968
KOR,MEX,2019,energy,0.021994,0.5968
KOR,MYS,2019,energy,0.022555,0.5968
KOR,NLD,2019,energy,0.001646,0.5968
KOR,NOR,2019,energy,0.00059,0.5968
KOR,PER,2019,energy,0.005158,0.5968
KOR,PHL,2019,energy,0.000992,0.5968
KOR,POL,2019,energy,1.7e-05,0.5968
KOR,PRT,2019,energy,0.0,0.5968
KOR,RUS,2019,energy,0.092242,0.5968
KOR,SAU,2019,energy,0.164171,0.5968
KOR,SWE,2019,energy,1.5e-05,0.5968
KOR,THA,2019,energy,0.001659,0.5968
KOR,TUR,2019,energy,0.00029,0.5968
KOR,UKR,2019,energy,0.0,0.5968
KOR,USA,2019,energy,0.122759,0.5968
KOR,VNM,2019,energy,0.001746,0.5968
KOR,ZAF,2019,energy,0.002754,0.5968
KOR,TWN,2019,energy,0.002359,0.5968
KOR,ARG,2019,crm,0.00293,0.8987
KOR,AUS,2019,crm,0.215527,0.8987
KOR,BEL,2019,crm,0.004043,0.8987
KOR,BRA,2019,crm,0.03588,0.8987
KOR,CAN,2019,crm,0.033577,0.8987
KOR,CHE,2019,crm,0.00038,0.8987
KOR,CHL,2019,crm,0.075896,0.8987
KOR,CHN,2019,crm,0.071889,0.8987
KOR,COL,2019,crm,0.001978,0.8987
KOR,DEU,2019,crm,0.01249,0.8987
KOR,DNK,2019,crm,9.2e-05,0.8987
KOR,EGY,2019,crm,0.000299,0.8987
KOR,ESP,2019,crm,0.005965,0.8987
KOR,FIN,2019,crm,0.001854,0.8987
KOR,FRA,2019,crm,0.0036,0.8987
KOR,GBR,2019,crm,0.004334,0.8987
KOR,HKG,2019,crm,0.001705,0.8987
KOR,HUN,2019,crm,4.1e-05,0.8987
KOR,IDN,2019,crm,0.021537,0.8987
KOR,IND,2019,crm,0.038742,0.8987
KOR,ISR,2019,crm,0.002077,0.8987
KOR,ITA,2019,crm,0.001175,0.8987
KOR,JPN,2019,crm,0.082542,0.8987
KOR,MEX,2019,crm,0.034385,0.8987
KOR,MYS,2019,crm,0.016169,0.8987
KOR,NLD,2019,crm,0.000703,0.8987
KOR,NOR,2019,crm,0.004728,0.8987
KOR,PER,2019,crm,0.038389,0.8987
KOR,PHL,2019,crm,0.00759,0.8987
KOR,POL,2019,crm,0.003441,0.8987
KOR,PRT,2019,crm,1e-05,0.8987
KOR,RUS,2019,crm,0.027914,0.8987
KOR,SAU,2019,crm,0.008483,0.8987
KOR,SWE,2019,crm,0.000278,0.8987
KOR,THA,2019,crm,0.010565,0.8987
KOR,TUN,2019,crm,0.000191,0.8987
KOR,TUR,2019,crm,0.00273,0.8987
KOR,UKR,2019,crm,0.003269,0.8987
KOR,USA,2019,crm,0.067423,0.8987
KOR,VEN,2019,crm,9.1e-05,0.8987
KOR,VNM,2019,crm,0.007477,0.8987
KOR,ZAF,2019,crm,0.036569,0.8987
KOR,TWN,2019,crm,0.009733,0.8987
KOR,ARG,2021,energy,0.000156,0.6812
KOR,AUS,2021,energy,0.110704,0.6812
KOR,BEL,2021,energy,0.000816,0.6812
KOR,BRA,2021,energy,0.012183,0.6812
KOR,CAN,2021,energy,0.01262,0.6812
KOR,CHE,2021,energy,1.5e-05,0.6812
KOR,CHL,2021,energy,2e-06,0.6812
KOR,CHN,2021,energy,0.002474,0.6812
KOR,COL,2021,energy,0.00255,0.6812
KOR,DEU,2021,energy,0.000552,0.6812
KOR,DNK,2021,energy,0.000346,0.6812
KOR,EGY,2021,energy,0.003688,0.6812
KOR,ESP,2021,energy,0.001214,0.6812
KOR,FIN,2021,energy,0.0,0.6812
KOR,FRA,2021,energy,0.000102,0.6812
KOR,GBR,2021,energy,0.008699,0.6812
KOR,HKG,2021,energy,2.4e-05,0.6812
KOR,HUN,2021,energy,0.0,0.6812
KOR,IDN,2021,energy,0.022801,0.6812
KOR,IND,2021,energy,0.013806,0.6812
KOR,ISR,2021,energy,0.000348,0.6812
KOR,ITA,2021,energy,0.0009,0.6812
KOR,JPN,2021,energy,0.011894,0.6812
KOR,MEX,2021,energy,0.024057,0.6812
KOR,MYS,2021,energy,0.019617,0.6812
KOR,NLD,2021,energy,0.001394,0.6812
KOR,NOR,2021,energy,0.009465,0.6812
KOR,PER,2021,energy,0.004634,0.6812
KOR,PHL,2021,energy,0.000802,0.6812
KOR,POL,2021,energy,3.2e-05,0.6812
KOR,PRT,2021,energy,0.0,0.6812
KOR,RUS,2021,energy,0.096014,0.6812
KOR,SAU,2021,energy,0.167686,0.6812
KOR,SWE,2021,energy,8e-06,0.6812
KOR,THA,2021,energy,0.003024,0.6812
KOR,TUN,2021,energy,0.0,0.6812
KOR,TUR,2021,energy,0.000415,0.6812
KOR,UKR,2021,energy,0.0,0.6812
KOR,USA,2021,energy,0.144648,0.6812
KOR,VNM,2021,energy,0.000664,0.6812
KOR,ZAF,2021,energy,0.00263,0.6812
KOR,TWN,2021,energy,0.000189,0.6812
KOR,ARG,2021,crm,0.00257,0.9035
KOR,AUS,2021,crm,0.243936,0.9035
KOR,BEL,2021,crm,0.012147,0.9035
KOR,BRA,2021,crm,0.033735,0.9035
KOR,CAN,2021,crm,0.034839,0.9035
KOR,CHE,2021,crm,0.000827,0.9035
KOR,CHL,2021,crm,0.068555,0.9035
KOR,CHN,2021,crm,0.067297,0.9035
KOR,COL,2021,crm,0.001576,0.9035
KOR,DEU,2021,crm,0.008579,0.9035
KOR,DNK,2021,crm,0.000148,0.9035
KOR,EGY,2021,crm,9.6e-05,0.9035
KOR,ESP,2021,crm,0.003541,0.9035
KOR,FIN,2021,crm,0.003506,0.9035
KOR,FRA,2021,crm,0.001529,0.9035
KOR,GBR,2021,crm,0.014691,0.9035
KOR,HKG,2021,crm,0.004205,0.9035
KOR,HUN,2021,crm,2.4e-05,0.9035
KOR,IDN,2021,crm,0.024024,0.9035
KOR,IND,2021,crm,0.047516,0.9035
KOR,ISR,2021,crm,0.00202,0.9035
KOR,ITA,2021,crm,0.000533,0.9035
KOR,JPN,2021,crm,0.066067,0.9035
KOR,MEX,2021,crm,0.036174,0.9035
KOR,MYS,2021,crm,0.012503,0.9035
KOR,NLD,2021,crm,0.00061,0.9035
KOR,NOR,2021,crm,0.007052,0.9035
KOR,PER,2021,crm,0.046113,0.9035
KOR,PHL,2021,crm,0.008362,0.9035
KOR,POL,2021,crm,0.005112,0.9035
KOR,PRT,2021,crm,7e-06,0.9035
KOR,RUS,2021,crm,0.024177,0.9035
KOR,SAU,2021,crm,0.00671,0.9035
KOR,SWE,2021,crm,0.000406,0.9035
KOR,THA,2021,crm,0.011493,0.9035
KOR,TUN,2021,crm,0.000516,0.9035
KOR,TUR,2021,crm,0.001494,0.9035
KOR,UKR,2021,crm,0.000396,0.9035
KOR,USA,2021,crm,0.049037,0.9035
KOR,VEN,2021,crm,0.000116,0.9035
KOR,VNM,2021,crm,0.006878,0.9035
KOR,ZAF,2021,crm,0.03067,0.9035
KOR,TWN,2021,crm,0.013696,0.9035
KOR,ARG,2023,energy,0.0,0.6159
KOR,AUS,2023,energy,0.108934,0.6159
KOR,BEL,2023,energy,0.000638,0.6159
KOR,BRA,2023,energy,0.0092,0.6159
KOR,CAN,2023,energy,0.012687,0.6159
KOR,CHE,2023,energy,2.5e-05,0.6159
KOR,CHN,2023,energy,0.005193,0.6159
KOR,COL,2023,energy,0.004294,0.6159
KOR,DEU,2023,energy,0.000406,0.6159
KOR,DNK,2023,energy,2e-06,0.6159
KOR,EGY,2023,energy,0.003208,0.6159
KOR,ESP,2023,energy,0.000675,0.6159
KOR,FIN,2023,energy,2e-06,0.6159
KOR,FRA,2023,energy,0.000104,0.6159
KOR,GBR,2023,energy,0.002377,0.6159
KOR,HKG,2023,energy,8.7e-05,0.6159
KOR,HUN,2023,energy,0.0,0.6159
KOR,IDN,2023,energy,0.028846,0.6159
KOR,IND,2023,energy,0.009672,0.6159
KOR,ISR,2023,energy,7e-06,0.6159
KOR,ITA,2023,energy,0.000946,0.6159
KOR,JPN,2023,energy,0.009069,0.6159
KOR,MEX,2023,energy,0.014067,0.6159
KOR,MYS,2023,energy,0.039557,0.6159
KOR,NLD,2023,energy,0.000309,0.6159
KOR,NOR,2023,energy,0.000357,0.6159
KOR,PER,2023,energy,0.004957,0.6159
KOR,PHL,2023,energy,0.001754,0.6159
KOR,POL,2023,energy,1.1e-05,0.6159
KOR,PRT,2023,energy,0.0,0.6159
KOR,RUS,2023,energy,0.032066,0.6159
KOR,SAU,2023,energy,0.18382,0.6159
KOR,SWE,2023,energy,1.3e-05,0.6159
KOR,THA,2023,energy,0.003025,0.6159
KOR,TUN,2023,energy,0.001928,0.6159
KOR,TUR,2023,energy,3e-06,0.6159
KOR,UKR,2023,energy,1e-06,0.6159
KOR,USA,2023,energy,0.130254,0.6159
KOR,VNM,2023,energy,0.000302,0.6159
KOR,ZAF,2023,energy,0.006607,0.6159
KOR,TWN,2023,energy,0.000537,0.6159
KOR,ARG,2023,crm,0.002957,0.8798
KOR,AUS,2023,crm,0.216734,0.8798
KOR,BEL,2023,crm,0.005223,0.8798
KOR,BRA,2023,crm,0.026926,0.8798
KOR,CAN,2023,crm,0.033391,0.8798
KOR,CHE,2023,crm,0.001454,0.8798
KOR,CHL,2023,crm,0.08096,0.8798
KOR,CHN,2023,crm,0.070421,0.8798
KOR,COL,2023,crm,0.001026,0.8798
KOR,DEU,2023,crm,0.009292,0.8798
KOR,DNK,2023,crm,0.000151,0.8798
KOR,EGY,2023,crm,4.7e-05,0.8798
KOR,ESP,2023,crm,0.005826,0.8798
KOR,FIN,2023,crm,0.004136,0.8798
KOR,FRA,2023,crm,0.003193,0.8798
KOR,GBR,2023,crm,0.00515,0.8798
KOR,HKG,2023,crm,0.001275,0.8798
KOR,HUN,2023,crm,0.000105,0.8798
KOR,IDN,2023,crm,0.037396,0.8798
KOR,IND,2023,crm,0.034707,0.8798
KOR,ISR,2023,crm,0.002774,0.8798
KOR,ITA,2023,crm,0.000943,0.8798
KOR,JPN,2023,crm,0.068805,0.8798
KOR,MEX,2023,crm,0.038641,0.8798
KOR,MYS,2023,crm,0.014026,0.8798
KOR,NLD,2023,crm,0.000396,0.8798
KOR,NOR,2023,crm,0.007251,0.8798
KOR,PER,2023,crm,0.038078,0.8798
KOR,PHL,2023,crm,0.011577,0.8798
KOR,POL,2023,crm,0.001978,0.8798
KOR,PRT,2023,crm,9.5e-05,0.8798
KOR,RUS,2023,crm,0.02285,0.8798
KOR,SAU,2023,crm,0.009348,0.8798
KOR,SWE,2023,crm,0.000857,0.8798
KOR,THA,2023,crm,0.014537,0.8798
KOR,TUN,2023,crm,0.00059,0.8798
KOR,TUR,2023,crm,0.002595,0.8798
KOR,UKR,2023,crm,1.5e-05,0.8798
KOR,USA,2023,crm,0.04888,0.8798
KOR,VEN,2023,crm,3.3e-05,0.8798
KOR,VNM,2023,crm,0.007294,0.8798
KOR,ZAF,2023,crm,0.03668,0.8798
KOR,TWN,2023,crm,0.011154,0.8798
MEX,ARG,2019,energy,9.6e-05,0.9991
MEX,AUS,2019,energy,2e-06,0.9991
MEX,BEL,2019,energy,0.002517,0.9991
MEX,BRA,2019,energy,0.000341,0.9991
MEX,CAN,2019,energy,0.011007,0.9991
MEX,CHE,2019,energy,8e-05,0.9991
MEX,CHN,2019,energy,0.023559,0.9991
MEX,COL,2019,energy,0.019004,0.9991
MEX,DEU,2019,energy,0.002529,0.9991
MEX,DNK,2019,energy,8e-06,0.9991
MEX,EGY,2019,energy,0.000105,0.9991
MEX,ESP,2019,energy,0.001523,0.9991
MEX,FIN,2019,energy,1e-06,0.9991
MEX,FRA,2019,energy,0.000842,0.9991
MEX,GBR,2019,energy,0.0001,0.9991
MEX,HKG,2019,energy,1.1e-05,0.9991
MEX,HUN,2019,energy,3e-06,0.9991
MEX,IDN,2019,energy,3e-06,0.9991
MEX,IND,2019,energy,3e-05,0.9991
MEX,ISR,2019,energy,0.0,0.9991
MEX,ITA,2019,energy,0.000729,0.9991
MEX,JPN,2019,energy,0.003697,0.9991
MEX,KOR,2019,energy,0.014797,0.9991
MEX,MYS,2019,energy,0.000735,0.9991
MEX,NLD,2019,energy,0.018439,0.9991
MEX,NOR,2019,energy,2e-06,0.9991
MEX,PER,2019,energy,9e-05,0.9991
MEX,PHL,2019,energy,0.0,0.9991
MEX,POL,2019,energy,4e-06,0.9991
MEX,PRT,2019,energy,0.0,0.9991
MEX,RUS,2019,energy,0.004171,0.9991
MEX,SWE,2019,energy,1.6e-05,0.9991
MEX,THA,2019,energy,3.3e-05,0.9991
MEX,TUR,2019,energy,2.2e-05,0.9991
MEX,UKR,2019,energy,1e-06,0.9991
MEX,USA,2019,energy,0.894642,0.9991
MEX,ZAF,2019,energy,1e-06,0.9991
MEX,TWN,2019,energy,4e-06,0.9991
MEX,ARG,2019,crm,0.006576,0.9891
MEX,AUS,2019,crm,0.004285,0.9891
MEX,BEL,2019,crm,0.003311,0.9891
MEX,BRA,2019,crm,0.008293,0.9891
MEX,CAN,2019,crm,0.042771,0.9891
MEX,CHE,2019,crm,0.000207,0.9891
MEX,CHL,2019,crm,0.033703,0.9891
MEX,CHN,2019,crm,0.131073,0.9891
MEX,COL,2019,crm,0.00024,0.9891
MEX,DEU,2019,crm,0.019172,0.9891
MEX,DNK,2019,crm,0.000371,0.9891
MEX,EGY,2019,crm,6.1e-05,0.9891
MEX,ESP,2019,crm,0.006395,0.9891
MEX,FIN,2019,crm,0.000332,0.9891
MEX,FRA,2019,crm,0.002212,0.9891
MEX,GBR,2019,crm,0.002545,0.9891
MEX,HKG,2019,crm,0.000307,0.9891
MEX,HUN,2019,crm,0.000209,0.9891
MEX,IDN,2019,crm,0.001133,0.9891
MEX,IND,2019,crm,0.021037,0.9891
MEX,ISR,2019,crm,0.000205,0.9891
MEX,ITA,2019,crm,0.00414,0.9891
MEX,JPN,2019,crm,0.004884,0.9891
MEX,KOR,2019,crm,0.020334,0.9891
MEX,MYS,2019,crm,0.003096,0.9891
MEX,NLD,2019,crm,0.00196,0.9891
MEX,NOR,2019,crm,1.9e-05,0.9891
MEX,PER,2019,crm,0.006755,0.9891
MEX,PHL,2019,crm,8.5e-05,0.9891
MEX,POL,2019,crm,0.000275,0.9891
MEX,PRT,2019,crm,5.5e-05,0.9891
MEX,RUS,2019,crm,0.016009,0.9891
MEX,SWE,2019,crm,0.00571,0.9891
MEX,THA,2019,crm,0.001798,0.9891
MEX,TUR,2019,crm,0.002109,0.9891
MEX,UKR,2019,crm,8.7e-05,0.9891
MEX,USA,2019,crm,0.625188,0.9891
MEX,VNM,2019,crm,0.008424,0.9891
MEX,ZAF,2019,crm,0.002557,0.9891
MEX,TWN,2019,crm,0.001184,0.9891
MEX,ARG,2021,energy,0.0,0.998
MEX,AUS,2021,energy,0.0,0.998
MEX,BEL,2021,energy,0.001659,0.998
MEX,BRA,2021,energy,9.7e-05,0.998
MEX,CAN,2021,energy,0.011618,0.998
MEX,CHE,2021,energy,6.1e-05,0.998
MEX,CHN,2021,energy,0.010132,0.998
MEX,COL,2021,energy,0.007541,0.998
MEX,DEU,2021,energy,0.001837,0.998
MEX,DNK,2021,energy,3e-06,0.998
MEX,ESP,2021,energy,0.001181,0.998
MEX,FIN,2021,energy,0.0,0.998
MEX,FRA,2021,energy,0.000365,0.998
MEX,GBR,2021,energy,6.1e-05,0.998
MEX,IND,2021,energy,0.000174,0.998
MEX,ISR,2021,energy,2e-06,0.998
MEX,ITA,2021,energy,0.001591,0.998
MEX,JPN,2021,energy,0.000831,0.998
MEX,KOR,2021,energy,0.003535,0.998
MEX,MYS,2021,energy,1.8e-05,0.998
MEX,NLD,2021,energy,0.020156,0.998
MEX,PER,2021,energy,7.7e-05,0.998
MEX,POL,2021,energy,0.000202,0.998
MEX,RUS,2021,energy,0.000171,0.998
MEX,SWE,2021,energy,1.2e-05,0.998
MEX,TUR,2021,energy,0.000477,0.998
MEX,UKR,2021,energy,0.0,0.998
MEX,USA,2021,energy,0.936085,0.998
MEX,ZAF,2021,energy,7.1e-05,0.998
MEX,TWN,2021,energy,2.9e-05,0.998
MEX,AUS,2021,crm,9.9e-05,0.969
MEX,BEL,2021,crm,0.002014,0.969
MEX,BRA,2021,crm,0.006544,0.969
MEX,CAN,2021,crm,0.022329,0.969
MEX,CHE,2021,crm,6.9e-05,0.969
MEX,CHL,2021,crm,0.054801,0.969
MEX,CHN,2021,crm,0.15497,0.969
MEX,COL,2021,crm,1.6e-05,0.969
MEX,DEU,2021,crm,0.01816,0.969
MEX,DNK,2021,crm,0.000234,0.969
MEX,EGY,2021,crm,1.9e-05,0.969
MEX,ESP,2021,crm,0.00517,0.969
MEX,FIN,2021,crm,5.2e-05,0.969
MEX,FRA,2021,crm,0.001541,0.969
MEX,GBR,2021,crm,0.001709,0.969
MEX,HKG,2021,crm,5.3e-05,0.969
MEX,HUN,2021,crm,0.000144,0.969
MEX,IDN,2021,crm,0.000158,0.969
MEX,IND,2021,crm,0.033664,0.969
MEX,ISR,2021,crm,6.2e-05,0.969
MEX,ITA,2021,crm,0.004001,0.969
MEX,JPN,2021,crm,0.004371,0.969
MEX,KOR,2021,crm,0.014267,0.969
MEX,MYS,2021,crm,0.002451,0.969
MEX,NLD,2021,crm,0.000512,0.969
MEX,NOR,2021,crm,0.000356,0.969
MEX,PER,2021,crm,0.009879,0.969
MEX,PHL,2021,crm,1.2e-05,0.969
MEX,POL,2021,crm,0.000611,0.969
MEX,PRT,2021,crm,5.2e-05,0.969
MEX,RUS,2021,crm,0.015074,0.969
MEX,SAU,2021,crm,0.000878,0.969
MEX,SWE,2021,crm,0.005369,0.969
MEX,THA,2021,crm,0.002166,0.969
MEX,TUR,2021,crm,0.001236,0.969
MEX,UKR,2021,crm,0.000589,0.969
MEX,USA,2021,crm,0.588598,0.969
MEX,VNM,2021,crm,0.009653,0.969
MEX,ZAF,2021,crm,0.005751,0.969
MEX,TWN,2021,crm,0.001385,0.969
MEX,ARG,2023,energy,9e-06,0.9798
MEX,AUS,2023,energy,1e-06,0.9798
MEX,BEL,2023,energy,0.000142,0.9798
MEX,BRA,2023,energy,2.7e-05,0.9798
MEX,CAN,2023,energy,0.003153,0.9798
MEX,CHE,2023,energy,5.7e-05,0.9798
MEX,CHN,2023,energy,0.020012,0.9798
MEX,COL,2023,energy,0.017923,0.9798
MEX,DEU,2023,energy,0.001904,0.9798
MEX,DNK,2023,energy,5e-06,0.9798
MEX,EGY,2023,energy,0.0,0.9798
MEX,ESP,2023,energy,0.000374,0.9798
MEX,FIN,2023,energy,3.6e-05,0.9798
MEX,FRA,2023,energy,0.000502,0.9798
MEX,GBR,2023,energy,3.2e-05,0.9798
MEX,HKG,2023,energy,9e-06,0.9798
MEX,HUN,2023,energy,0.0,0.9798
MEX,IDN,2023,energy,8e-06,0.9798
MEX,IND,2023,energy,4e-05,0.9798
MEX,ISR,2023,energy,1.5e-05,0.9798
MEX,ITA,2023,energy,0.000785,0.9798
MEX,JPN,2023,energy,0.010658,0.9798
MEX,KOR,2023,energy,0.005127,0.9798
MEX,MYS,2023,energy,0.007051,0.9798
MEX,NLD,2023,energy,0.005674,0.9798
MEX,NOR,2023,energy,1e-06,0.9798
MEX,PER,2023,energy,0.000702,0.9798
MEX,POL,2023,energy,3e-06,0.9798
MEX,PRT,2023,energy,0.0,0.9798
MEX,SWE,2023,energy,2e-05,0.9798
MEX,THA,2023,energy,3.3e-05,0.9798
MEX,TUR,2023,energy,2.9e-05,0.9798
MEX,UKR,2023,energy,1e-06,0.9798
MEX,USA,2023,energy,0.905267,0.9798
MEX,ZAF,2023,energy,5.5e-05,0.9798
MEX,TWN,2023,energy,0.000187,0.9798
MEX,ARG,2023,crm,0.001683,0.9346
MEX,AUS,2023,crm,0.004822,0.9346
MEX,BEL,2023,crm,0.006328,0.9346
MEX,BRA,2023,crm,0.027335,0.9346
MEX,CAN,2023,crm,0.026456,0.9346
MEX,CHE,2023,crm,0.000251,0.9346
MEX,CHL,2023,crm,0.024387,0.9346
MEX,CHN,2023,crm,0.132874,0.9346
MEX,COL,2023,crm,0.000234,0.9346
MEX,DEU,2023,crm,0.018093,0.9346
MEX,DNK,2023,crm,0.000368,0.9346
MEX,ESP,2023,crm,0.007072,0.9346
MEX,FIN,2023,crm,0.000277,0.9346
MEX,FRA,2023,crm,0.001754,0.9346
MEX,GBR,2023,crm,0.001963,0.9346
MEX,HKG,2023,crm,0.000339,0.9346
MEX,HUN,2023,crm,0.000297,0.9346
MEX,IDN,2023,crm,0.000933,0.9346
MEX,IND,2023,crm,0.023711,0.9346
MEX,ISR,2023,crm,0.000221,0.9346
MEX,ITA,2023,crm,0.003678,0.9346
MEX,JPN,2023,crm,0.005317,0.9346
MEX,KOR,2023,crm,0.012318,0.9346
MEX,MYS,2023,crm,0.011257,0.9346
MEX,NLD,2023,crm,0.00084,0.9346
MEX,NOR,2023,crm,0.001214,0.9346
MEX,PER,2023,crm,0.03385,0.9346
MEX,PHL,2023,crm,8.1e-05,0.9346
MEX,POL,2023,crm,0.00034,0.9346
MEX,PRT,2023,crm,5.1e-05,0.9346
MEX,RUS,2023,crm,0.010225,0.9346
MEX,SWE,2023,crm,0.002612,0.9346
MEX,THA,2023,crm,0.002577,0.9346
MEX,TUR,2023,crm,0.003029,0.9346
MEX,UKR,2023,crm,0.001909,0.9346
MEX,USA,2023,crm,0.528097,0.9346
MEX,VNM,2023,crm,0.006691,0.9346
MEX,ZAF,2023,crm,0.029352,0.9346
MEX,TWN,2023,crm,0.001799,0.9346
MYS,ARG,2019,energy,2e-06,0.5981
MYS,AUS,2019,energy,0.075864,0.5981
MYS,BEL,2019,energy,0.000294,0.5981
MYS,BRA,2019,energy,0.004599,0.5981
MYS,CAN,2019,energy,0.000858,0.5981
MYS,CHE,2019,energy,2.9e-05,0.5981
MYS,CHN,2019,energy,0.098965,0.5981
MYS,COL,2019,energy,0.000404,0.5981
MYS,DEU,2019,energy,0.000786,0.5981
MYS,DNK,2019,energy,3e-06,0.5981
MYS,EGY,2019,energy,8e-06,0.5981
MYS,ESP,2019,energy,0.000492,0.5981
MYS,FIN,2019,energy,5e-06,0.5981
MYS,FRA,2019,energy,0.000368,0.5981
MYS,GBR,2019,energy,0.000121,0.5981
MYS,HKG,2019,energy,0.000322,0.5981
MYS,HUN,2019,energy,0.0,0.5981
MYS,IDN,2019,energy,0.084738,0.5981
MYS,IND,2019,energy,0.043086,0.5981
MYS,ITA,2019,energy,0.000158,0.5981
MYS,JPN,2019,energy,0.018625,0.5981
MYS,KOR,2019,energy,0.059191,0.5981
MYS,MEX,2019,energy,1e-06,0.5981
MYS,NLD,2019,energy,0.011105,0.5981
MYS,NOR,2019,energy,2e-06,0.5981
MYS,PER,2019,energy,7e-06,0.5981
MYS,PHL,2019,energy,0.001513,0.5981
MYS,POL,2019,energy,4e-06,0.5981
MYS,RUS,2019,energy,0.026694,0.5981
MYS,SAU,2019,energy,0.094943,0.5981
MYS,SWE,2019,energy,4.1e-05,0.5981
MYS,THA,2019,energy,0.020531,0.5981
MYS,TUR,2019,energy,0.001278,0.5981
MYS,UKR,2019,energy,8e-06,0.5981
MYS,USA,2019,energy,0.006738,0.5981
MYS,VEN,2019,energy,0.020489,0.5981
MYS,VNM,2019,energy,0.008228,0.5981
MYS,ZAF,2019,energy,0.000151,0.5981
MYS,TWN,2019,energy,0.017424,0.5981
MYS,ARG,2019,crm,4.8e-05,0.8879
MYS,AUS,2019,crm,0.147174,0.8879
MYS,BEL,2019,crm,0.003132,0.8879
MYS,BRA,2019,crm,0.064159,0.8879
MYS,CAN,2019,crm,0.00707,0.8879
MYS,CHE,2019,crm,0.003456,0.8879
MYS,CHL,2019,crm,0.011696,0.8879
MYS,CHN,2019,crm,0.120176,0.8879
MYS,COL,2019,crm,0.000391,0.8879
MYS,DEU,2019,crm,0.006329,0.8879
MYS,DNK,2019,crm,0.000142,0.8879
MYS,EGY,2019,crm,0.000814,0.8879
MYS,ESP,2019,crm,0.004393,0.8879
MYS,FIN,2019,crm,0.000686,0.8879
MYS,FRA,2019,crm,0.003403,0.8879
MYS,GBR,2019,crm,0.008151,0.8879
MYS,HKG,2019,crm,0.01645,0.8879
MYS,HUN,2019,crm,0.000145,0.8879
MYS,IDN,2019,crm,0.057439,0.8879
MYS,IND,2019,crm,0.112394,0.8879
MYS,ITA,2019,crm,0.001453,0.8879
MYS,JPN,2019,crm,0.093547,0.8879
MYS,KOR,2019,crm,0.047741,0.8879
MYS,MEX,2019,crm,0.001172,0.8879
MYS,NLD,2019,crm,0.00296,0.8879
MYS,NOR,2019,crm,0.00099,0.8879
MYS,PER,2019,crm,0.004739,0.8879
MYS,PHL,2019,crm,0.006624,0.8879
MYS,POL,2019,crm,0.001043,0.8879
MYS,PRT,2019,crm,4.6e-05,0.8879
MYS,RUS,2019,crm,0.003977,0.8879
MYS,SAU,2019,crm,0.005879,0.8879
MYS,SWE,2019,crm,0.00071,0.8879
MYS,THA,2019,crm,0.014199,0.8879
MYS,TUN,2019,crm,6e-06,0.8879
MYS,TUR,2019,crm,0.001383,0.8879
MYS,UKR,2019,crm,0.001027,0.8879
MYS,USA,2019,crm,0.088825,0.8879
MYS,VEN,2019,crm,4.5e-05,0.8879
MYS,VNM,2019,crm,0.00978,0.8879
MYS,ZAF,2019,crm,0.018472,0.8879
MYS,TWN,2019,crm,0.015635,0.8879
MYS,ARG,2021,energy,4e-06,0.6321
MYS,AUS,2021,energy,0.052597,0.6321
MYS,BEL,2021,energy,0.000439,0.6321
MYS,BRA,2021,energy,0.012044,0.6321
MYS,CAN,2021,energy,0.000503,0.6321
MYS,CHE,2021,energy,5.5e-05,0.6321
MYS,CHN,2021,energy,0.10827,0.6321
MYS,COL,2021,energy,0.00142,0.6321
MYS,DEU,2021,energy,0.000658,0.6321
MYS,DNK,2021,energy,6e-06,0.6321
MYS,EGY,2021,energy,0.003144,0.6321
MYS,ESP,2021,energy,0.00114,0.6321
MYS,FIN,2021,energy,1.6e-05,0.6321
MYS,FRA,2021,energy,0.000291,0.6321
MYS,GBR,2021,energy,0.000141,0.6321
MYS,HKG,2021,energy,0.000287,0.6321
MYS,HUN,2021,energy,0.0,0.6321
MYS,IDN,2021,energy,0.128711,0.6321
MYS,IND,2021,energy,0.051901,0.6321
MYS,ITA,2021,energy,0.000447,0.6321
MYS,JPN,2021,energy,0.021521,0.6321
MYS,KOR,2021,energy,0.090252,0.6321
MYS,MEX,2021,energy,4e-06,0.6321
MYS,NLD,2021,energy,0.004334,0.6321
MYS,NOR,2021,energy,2e-06,0.6321
MYS,PHL,2021,energy,0.002099,0.6321
MYS,POL,2021,energy,0.00054,0.6321
MYS,PRT,2021,energy,4e-06,0.6321
MYS,RUS,2021,energy,0.028831,0.6321
MYS,SAU,2021,energy,0.051612,0.6321
MYS,SWE,2021,energy,0.000765,0.6321
MYS,THA,2021,energy,0.018549,0.6321
MYS,TUR,2021,energy,0.001509,0.6321
MYS,UKR,2021,energy,1.1e-05,0.6321
MYS,USA,2021,energy,0.001684,0.6321
MYS,VEN,2021,energy,0.000199,0.6321
MYS,VNM,2021,energy,0.0097,0.6321
MYS,ZAF,2021,energy,0.001355,0.6321
MYS,TWN,2021,energy,0.037044,0.6321
MYS,ARG,2021,crm,5.9e-05,0.8906
MYS,AUS,2021,crm,0.13044,0.8906
MYS,BEL,2021,crm,0.003097,0.8906
MYS,BRA,2021,crm,0.076161,0.8906
MYS,CAN,2021,crm,0.007702,0.8906
MYS,CHE,2021,crm,0.010518,0.8906
MYS,CHL,2021,crm,0.010182,0.8906
MYS,CHN,2021,crm,0.111531,0.8906
MYS,COL,2021,crm,0.000593,0.8906
MYS,DEU,2021,crm,0.007505,0.8906
MYS,DNK,2021,crm,0.000478,0.8906
MYS,EGY,2021,crm,0.00173,0.8906
MYS,ESP,2021,crm,0.004557,0.8906
MYS,FIN,2021,crm,0.000978,0.8906
MYS,FRA,2021,crm,0.003004,0.8906
MYS,GBR,2021,crm,0.009903,0.8906
MYS,HKG,2021,crm,0.012986,0.8906
MYS,HUN,2021,crm,5e-05,0.8906
MYS,IDN,2021,crm,0.102752,0.8906
MYS,IND,2021,crm,0.042821,0.8906
MYS,ITA,2021,crm,0.002805,0.8906
MYS,JPN,2021,crm,0.117582,0.8906
MYS,KOR,2021,crm,0.044986,0.8906
MYS,MEX,2021,crm,0.000967,0.8906
MYS,NLD,2021,crm,0.003424,0.8906
MYS,NOR,2021,crm,0.000542,0.8906
MYS,PER,2021,crm,0.005329,0.8906
MYS,PHL,2021,crm,0.004713,0.8906
MYS,POL,2021,crm,0.001394,0.8906
MYS,PRT,2021,crm,3.6e-05,0.8906
MYS,RUS,2021,crm,0.002237,0.8906
MYS,SAU,2021,crm,0.010966,0.8906
MYS,SWE,2021,crm,0.00044,0.8906
MYS,THA,2021,crm,0.01457,0.8906
MYS,TUN,2021,crm,4.7e-05,0.8906
MYS,TUR,2021,crm,0.002897,0.8906
MYS,UKR,2021,crm,0.0001,0.8906
MYS,USA,2021,crm,0.106826,0.8906
MYS,VEN,2021,crm,0.000482,0.8906
MYS,VNM,2021,crm,0.00368,0.8906
MYS,ZAF,2021,crm,0.012167,0.8906
MYS,TWN,2021,crm,0.017318,0.8906
MYS,ARG,2023,energy,0.002031,0.6458
MYS,AUS,2023,energy,0.069761,0.6458
MYS,BEL,2023,energy,0.000178,0.6458
MYS,BRA,2023,energy,0.005003,0.6458
MYS,CAN,2023,energy,0.00048,0.6458
MYS,CHE,2023,energy,0.000155,0.6458
MYS,CHL,2023,energy,0.0,0.6458
MYS,CHN,2023,energy,0.088199,0.6458
MYS,COL,2023,energy,0.00495,0.6458
MYS,DEU,2023,energy,0.000394,0.6458
MYS,DNK,2023,energy,2e-06,0.6458
MYS,EGY,2023,energy,0.001748,0.6458
MYS,ESP,2023,energy,0.000714,0.6458
MYS,FIN,2023,energy,6e-06,0.6458
MYS,FRA,2023,energy,0.000169,0.6458
MYS,GBR,2023,energy,8.5e-05,0.6458
MYS,HKG,2023,energy,0.000173,0.6458
MYS,HUN,2023,energy,1e-06,0.6458
MYS,IDN,2023,energy,0.079393,0.6458
MYS,IND,2023,energy,0.0286,0.6458
MYS,ITA,2023,energy,0.002023,0.6458
MYS,JPN,2023,energy,0.011747,0.6458
MYS,KOR,2023,energy,0.067527,0.6458
MYS,MEX,2023,energy,5e-06,0.6458
MYS,NLD,2023,energy,0.001936,0.6458
MYS,NOR,2023,energy,0.000124,0.6458
MYS,PHL,2023,energy,0.00159,0.6458
MYS,POL,2023,energy,1.2e-05,0.6458
MYS,PRT,2023,energy,0.0,0.6458
MYS,RUS,2023,energy,0.039931,0.6458
MYS,SAU,2023,energy,0.171105,0.6458
MYS,SWE,2023,energy,1.3e-05,0.6458
MYS,THA,2023,energy,0.017553,0.6458
MYS,TUN,2023,energy,0.001485,0.6458
MYS,TUR,2023,energy,0.001166,0.6458
MYS,UKR,2023,energy,0.000525,0.6458
MYS,USA,2023,energy,0.018362,0.6458
MYS,VNM,2023,energy,0.000653,0.6458
MYS,ZAF,2023,energy,0.000811,0.6458
MYS,TWN,2023,energy,0.027169,0.6458
MYS,ARG,2023,crm,5.2e-05,0.8716
MYS,AUS,2023,crm,0.12914,0.8716
MYS,BEL,2023,crm,0.004946,0.8716
MYS,BRA,2023,crm,0.065409,0.8716
MYS,CAN,2023,crm,0.010056,0.8716
MYS,CHE,2023,crm,0.008562,0.8716
MYS,CHL,2023,crm,0.015701,0.8716
MYS,CHN,2023,crm,0.105163,0.8716
MYS,COL,2023,crm,0.002299,0.8716
MYS,DEU,2023,crm,0.005965,0.8716
MYS,DNK,2023,crm,0.000335,0.8716
MYS,EGY,2023,crm,0.002095,0.8716
MYS,ESP,2023,crm,0.006957,0.8716
MYS,FIN,2023,crm,0.003904,0.8716
MYS,FRA,2023,crm,0.003986,0.8716
MYS,GBR,2023,crm,0.00711,0.8716
MYS,HKG,2023,crm,0.008483,0.8716
MYS,HUN,2023,crm,0.000148,0.8716
MYS,IDN,2023,crm,0.092193,0.8716
MYS,IND,2023,crm,0.089052,0.8716
MYS,ITA,2023,crm,0.001388,0.8716
MYS,JPN,2023,crm,0.069191,0.8716
MYS,KOR,2023,crm,0.030692,0.8716
MYS,MEX,2023,crm,0.003789,0.8716
MYS,NLD,2023,crm,0.002365,0.8716
MYS,NOR,2023,crm,0.001601,0.8716
MYS,PER,2023,crm,0.006548,0.8716
MYS,PHL,2023,crm,0.007749,0.8716
MYS,POL,2023,crm,0.001976,0.8716
MYS,PRT,2023,crm,0.000132,0.8716
MYS,RUS,2023,crm,0.009515,0.8716
MYS,SAU,2023,crm,0.006805,0.8716
MYS,SWE,2023,crm,0.000126,0.8716
MYS,THA,2023,crm,0.013765,0.8716
MYS,TUN,2023,crm,0.000139,0.8716
MYS,TUR,2023,crm,0.002056,0.8716
MYS,UKR,2023,crm,5e-06,0.8716
MYS,USA,2023,crm,0.112521,0.8716
MYS,VEN,2023,crm,0.001941,0.8716
MYS,VNM,2023,crm,0.003899,0.8716
MYS,ZAF,2023,crm,0.01957,0.8716
MYS,TWN,2023,crm,0.014276,0.8716
NLD,ARG,2019,energy,0.001912,0.7887
NLD,AUS,2019,energy,0.004625,0.7887
NLD,BEL,2019,energy,0.098318,0.7887
NLD,BRA,2019,energy,0.006093,0.7887
NLD,CAN,2019,energy,0.006684,0.7887
NLD,CHE,2019,energy,0.000184,0.7887
NLD,CHL,2019,energy,0.0,0.7887
NLD,CHN,2019,energy,0.001856,0.7887
NLD,COL,2019,energy,0.003779,0.7887
NLD,DEU,2019,energy,0.036238,0.7887
NLD,DNK,2019,energy,0.00705,0.7887
NLD,EGY,2019,energy,0.002067,0.7887
NLD,ESP,2019,energy,0.017035,0.7887
NLD,FIN,2019,energy,0.009427,0.7887
NLD,FRA,2019,energy,0.022419,0.7887
NLD,GBR,2019,energy,0.128469,0.7887
NLD,HKG,2019,energy,0.0,0.7887
NLD,HUN,2019,energy,0.000306,0.7887
NLD,IDN,2019,energy,0.001244,0.7887
NLD,IND,2019,energy,0.017874,0.7887
NLD,ISR,2019,energy,0.000708,0.7887
NLD,ITA,2019,energy,0.012119,0.7887
NLD,JPN,2019,energy,0.000272,0.7887
NLD,KOR,2019,energy,0.006008,0.7887
NLD,MEX,2019,energy,0.000139,0.7887
NLD,MYS,2019,energy,0.000416,0.7887
NLD,NOR,2019,energy,0.089628,0.7887
NLD,PER,2019,energy,0.0,0.7887
NLD,PHL,2019,energy,0.0,0.7887
NLD,POL,2019,energy,0.011556,0.7887
NLD,PRT,2019,energy,0.004674,0.7887
NLD,RUS,2019,energy,0.18093,0.7887
NLD,SAU,2019,energy,0.023052,0.7887
NLD,SWE,2019,energy,0.014244,0.7887
NLD,THA,2019,energy,1e-05,0.7887
NLD,TUN,2019,energy,0.000563,0.7887
NLD,TUR,2019,energy,0.004311,0.7887
NLD,UKR,2019,energy,0.0,0.7887
NLD,USA,2019,energy,0.072557,0.7887
NLD,VEN,2019,energy,0.000916,0.7887
NLD,VNM,2019,energy,0.0,0.7887
NLD,ZAF,2019,energy,0.000847,0.7887
NLD,TWN,2019,energy,0.000186,0.7887
NLD,ARG,2019,crm,0.0073,0.8767
NLD,AUS,2019,crm,0.019707,0.8767
NLD,BEL,2019,crm,0.130964,0.8767
NLD,BRA,2019,crm,0.021256,0.8767
NLD,CAN,2019,crm,0.022653,0.8767
NLD,CHE,2019,crm,0.003225,0.8767
NLD,CHL,2019,crm,0.01471,0.8767
NLD,CHN,2019,crm,0.020203,0.8767
NLD,COL,2019,crm,0.000641,0.8767
NLD,DEU,2019,crm,0.181623,0.8767
NLD,DNK,2019,crm,0.003568,0.8767
NLD,EGY,2019,crm,0.001925,0.8767
NLD,ESP,2019,crm,0.043259,0.8767
NLD,FIN,2019,crm,0.026113,0.8767
NLD,FRA,2019,crm,0.032711,0.8767
NLD,GBR,2019,crm,0.018281,0.8767
NLD,HKG,2019,crm,0.000443,0.8767
NLD,HUN,2019,crm,0.00246,0.8767
NLD,IDN,2019,crm,0.000716,0.8767
NLD,IND,2019,crm,0.00388,0.8767
NLD,ISR,2019,crm,0.002302,0.8767
NLD,ITA,2019,crm,0.023335,0.8767
NLD,JPN,2019,crm,0.001821,0.8767
NLD,KOR,2019,crm,0.001707,0.8767
NLD,MEX,2019,crm,0.003352,0.8767
NLD,MYS,2019,crm,0.0008,0.8767
NLD,NOR,2019,crm,0.086425,0.8767
NLD,PER,2019,crm,0.007488,0.8767
NLD,PHL,2019,crm,2e-06,0.8767
NLD,POL,2019,crm,0.011658,0.8767
NLD,PRT,2019,crm,0.001875,0.8767
NLD,RUS,2019,crm,0.062801,0.8767
NLD,SAU,2019,crm,0.001971,0.8767
NLD,SWE,2019,crm,0.027943,0.8767
NLD,THA,2019,crm,0.000662,0.8767
NLD,TUN,2019,crm,0.000319,0.8767
NLD,TUR,2019,crm,0.012003,0.8767
NLD,UKR,2019,crm,0.000649,0.8767
NLD,USA,2019,crm,0.054162,0.8767
NLD,VEN,2019,crm,0.000122,0.8767
NLD,VNM,2019,crm,0.000199,0.8767
NLD,ZAF,2019,crm,0.018672,0.8767
NLD,TWN,2019,crm,0.000836,0.8767
NLD,ARG,2021,energy,0.000387,0.8226
NLD,AUS,2021,energy,0.003766,0.8226
NLD,BEL,2021,energy,0.110607,0.8226
NLD,BRA,2021,energy,0.012939,0.8226
NLD,CAN,2021,energy,0.003837,0.8226
NLD,CHE,2021,energy,8.9e-05,0.8226
NLD,CHL,2021,energy,0.0,0.8226
NLD,CHN,2021,energy,0.004053,0.8226
NLD,COL,2021,energy,0.006367,0.8226
NLD,DEU,2021,energy,0.055254,0.8226
NLD,DNK,2021,energy,0.009087,0.8226
NLD,EGY,2021,energy,0.000706,0.8226
NLD,ESP,2021,energy,0.016089,0.8226
NLD,FIN,2021,energy,0.008202,0.8226
NLD,FRA,2021,energy,0.016287,0.8226
NLD,GBR,2021,energy,0.095657,0.8226
NLD,HKG,2021,energy,0.0,0.8226
NLD,HUN,2021,energy,0.000289,0.8226
NLD,IDN,2021,energy,0.002058,0.8226
NLD,IND,2021,energy,0.007622,0.8226
NLD,ISR,2021,energy,0.000456,0.8226
NLD,ITA,2021,energy,0.014426,0.8226
NLD,JPN,2021,energy,0.000342,0.8226
NLD,KOR,2021,energy,0.005263,0.8226
NLD,MEX,2021,energy,1e-06,0.8226
NLD,MYS,2021,energy,0.001665,0.8226
NLD,NOR,2021,energy,0.06837,0.8226
NLD,PER,2021,energy,0.003165,0.8226
NLD,PHL,2021,energy,0.0,0.8226
NLD,POL,2021,energy,0.006143,0.8226
NLD,PRT,2021,energy,0.003653,0.8226
NLD,RUS,2021,energy,0.203972,0.8226
NLD,SAU,2021,energy,0.025653,0.8226
NLD,SWE,2021,energy,0.015302,0.8226
NLD,THA,2021,energy,3.3e-05,0.8226
NLD,TUN,2021,energy,0.000437,0.8226
NLD,TUR,2021,energy,0.00217,0.8226
NLD,UKR,2021,energy,0.0,0.8226
NLD,USA,2021,energy,0.116993,0.8226
NLD,VEN,2021,energy,0.0,0.8226
NLD,VNM,2021,energy,2e-05,0.8226
NLD,ZAF,2021,energy,0.001208,0.8226
NLD,TWN,2021,energy,2.1e-05,0.8226
NLD,ARG,2021,crm,0.003636,0.8444
NLD,AUS,2021,crm,0.021226,0.8444
NLD,BEL,2021,crm,0.100364,0.8444
NLD,BRA,2021,crm,0.034365,0.8444
NLD,CAN,2021,crm,0.033947,0.8444
NLD,CHE,2021,crm,0.00294,0.8444
NLD,CHL,2021,crm,0.018293,0.8444
NLD,CHN,2021,crm,0.021335,0.8444
NLD,COL,2021,crm,0.00037,0.8444
NLD,DEU,2021,crm,0.190078,0.8444
NLD,DNK,2021,crm,0.004768,0.8444
NLD,EGY,2021,crm,0.003295,0.8444
NLD,ESP,2021,crm,0.022159,0.8444
NLD,FIN,2021,crm,0.017958,0.8444
NLD,FRA,2021,crm,0.035526,0.8444
NLD,GBR,2021,crm,0.022669,0.8444
NLD,HKG,2021,crm,0.000709,0.8444
NLD,HUN,2021,crm,0.002138,0.8444
NLD,IDN,2021,crm,0.005279,0.8444
NLD,IND,2021,crm,0.004956,0.8444
NLD,ISR,2021,crm,0.001924,0.8444
NLD,ITA,2021,crm,0.022628,0.8444
NLD,JPN,2021,crm,0.002926,0.8444
NLD,KOR,2021,crm,0.000454,0.8444
NLD,MEX,2021,crm,0.002926,0.8444
NLD,MYS,2021,crm,0.000391,0.8444
NLD,NOR,2021,crm,0.086517,0.8444
NLD,PER,2021,crm,0.007466,0.8444
NLD,PHL,2021,crm,1e-06,0.8444
NLD,POL,2021,crm,0.005638,0.8444
NLD,PRT,2021,crm,0.002471,0.8444
NLD,RUS,2021,crm,0.061464,0.8444
NLD,SAU,2021,crm,0.000363,0.8444
NLD,SWE,2021,crm,0.041049,0.8444
NLD,THA,2021,crm,0.000238,0.8444
NLD,TUN,2021,crm,0.000395,0.8444
NLD,TUR,2021,crm,0.01358,0.8444
NLD,UKR,2021,crm,0.000387,0.8444
NLD,USA,2021,crm,0.032947,0.8444
NLD,VEN,2021,crm,0.000446,0.8444
NLD,VNM,2021,crm,0.000348,0.8444
NLD,ZAF,2021,crm,0.013046,0.8444
NLD,TWN,2021,crm,0.000779,0.8444
NLD,ARG,2023,energy,0.001634,0.7415
NLD,AUS,2023,energy,0.004814,0.7415
NLD,BEL,2023,energy,0.086163,0.7415
NLD,BRA,2023,energy,0.029396,0.7415
NLD,CAN,2023,energy,0.013467,0.7415
NLD,CHE,2023,energy,0.000291,0.7415
NLD,CHL,2023,energy,0.000166,0.7415
NLD,CHN,2023,energy,0.010251,0.7415
NLD,COL,2023,energy,0.005459,0.7415
NLD,DEU,2023,energy,0.049471,0.7415
NLD,DNK,2023,energy,0.008179,0.7415
NLD,EGY,2023,energy,0.001841,0.7415
NLD,ESP,2023,energy,0.013188,0.7415
NLD,FIN,2023,energy,0.009442,0.7415
NLD,FRA,2023,energy,0.013501,0.7415
NLD,GBR,2023,energy,0.102672,0.7415
NLD,HKG,2023,energy,1e-06,0.7415
NLD,HUN,2023,energy,0.000345,0.7415
NLD,IDN,2023,energy,0.001289,0.7415
NLD,IND,2023,energy,0.008118,0.7415
NLD,ISR,2023,energy,0.001892,0.7415
NLD,ITA,2023,energy,0.006252,0.7415
NLD,JPN,2023,energy,7.3e-05,0.7415
NLD,KOR,2023,energy,0.004179,0.7415
NLD,MEX,2023,energy,0.000378,0.7415
NLD,MYS,2023,energy,0.003647,0.7415
NLD,NOR,2023,energy,0.068686,0.7415
NLD,PER,2023,energy,3.3e-05,0.7415
NLD,PHL,2023,energy,0.0,0.7415
NLD,POL,2023,energy,0.0054,0.7415
NLD,PRT,2023,energy,0.003325,0.7415
NLD,RUS,2023,energy,0.018387,0.7415
NLD,SAU,2023,energy,0.02848,0.7415
NLD,SWE,2023,energy,0.008782,0.7415
NLD,THA,2023,energy,3e-05,0.7415
NLD,TUN,2023,energy,0.000303,0.7415
NLD,TUR,2023,energy,0.002489,0.7415
NLD,UKR,2023,energy,0.0,0.7415
NLD,USA,2023,energy,0.226717,0.7415
NLD,VNM,2023,energy,0.000183,0.7415
NLD,ZAF,2023,energy,0.002183,0.7415
NLD,TWN,2023,energy,0.00038,0.7415
NLD,ARG,2023,crm,0.001368,0.8348
NLD,AUS,2023,crm,0.032437,0.8348
NLD,BEL,2023,crm,0.107372,0.8348
NLD,BRA,2023,crm,0.021087,0.8348
NLD,CAN,2023,crm,0.031754,0.8348
NLD,CHE,2023,crm,0.001861,0.8348
NLD,CHL,2023,crm,0.028419,0.8348
NLD,CHN,2023,crm,0.015518,0.8348
NLD,COL,2023,crm,0.000248,0.8348
NLD,DEU,2023,crm,0.16346,0.8348
NLD,DNK,2023,crm,0.004566,0.8348
NLD,EGY,2023,crm,0.003105,0.8348
NLD,ESP,2023,crm,0.017434,0.8348
NLD,FIN,2023,crm,0.021706,0.8348
NLD,FRA,2023,crm,0.039438,0.8348
NLD,GBR,2023,crm,0.018319,0.8348
NLD,HKG,2023,crm,0.000226,0.8348
NLD,HUN,2023,crm,0.00197,0.8348
NLD,IDN,2023,crm,0.005394,0.8348
NLD,IND,2023,crm,0.019599,0.8348
NLD,ISR,2023,crm,0.001219,0.8348
NLD,ITA,2023,crm,0.022664,0.8348
NLD,JPN,2023,crm,0.004031,0.8348
NLD,KOR,2023,crm,0.003639,0.8348
NLD,MEX,2023,crm,0.002144,0.8348
NLD,MYS,2023,crm,0.009113,0.8348
NLD,NOR,2023,crm,0.096101,0.8348
NLD,PER,2023,crm,0.006706,0.8348
NLD,PHL,2023,crm,1.9e-05,0.8348
NLD,POL,2023,crm,0.006074,0.8348
NLD,PRT,2023,crm,0.002021,0.8348
NLD,RUS,2023,crm,0.021928,0.8348
NLD,SAU,2023,crm,0.002397,0.8348
NLD,SWE,2023,crm,0.02503,0.8348
NLD,THA,2023,crm,0.000623,0.8348
NLD,TUN,2023,crm,0.000141,0.8348
NLD,TUR,2023,crm,0.014011,0.8348
NLD,UKR,2023,crm,0.00041,0.8348
NLD,USA,2023,crm,0.043901,0.8348
NLD,VEN,2023,crm,1.4e-05,0.8348
NLD,VNM,2023,crm,0.000236,0.8348
NLD,ZAF,2023,crm,0.036436,0.8348
NLD,TWN,2023,crm,0.000633,0.8348
NOR,AUS,2019,energy,5.6e-05,0.9141
NOR,BEL,2019,energy,0.02068,0.9141
NOR,BRA,2019,energy,0.047632,0.9141
NOR,CAN,2019,energy,0.003757,0.9141
NOR,CHE,2019,energy,0.000465,0.9141
NOR,CHN,2019,energy,0.000672,0.9141
NOR,COL,2019,energy,0.010078,0.9141
NOR,DEU,2019,energy,0.016566,0.9141
NOR,DNK,2019,energy,0.079119,0.9141
NOR,EGY,2019,energy,2.1e-05,0.9141
NOR,ESP,2019,energy,0.005519,0.9141
NOR,FIN,2019,energy,0.010742,0.9141
NOR,FRA,2019,energy,0.013894,0.9141
NOR,GBR,2019,energy,0.074524,0.9141
NOR,HKG,2019,energy,1e-06,0.9141
NOR,HUN,2019,energy,6e-06,0.9141
NOR,IDN,2019,energy,6e-06,0.9141
NOR,IND,2019,energy,2.7e-05,0.9141
NOR,ISR,2019,energy,4.4e-05,0.9141
NOR,ITA,2019,energy,0.000895,0.9141
NOR,JPN,2019,energy,0.000124,0.9141
NOR,KOR,2019,energy,2e-05,0.9141
NOR,MEX,2019,energy,1e-06,0.9141
NOR,MYS,2019,energy,1e-06,0.9141
NOR,NLD,2019,energy,0.068398,0.9141
NOR,POL,2019,energy,0.018077,0.9141
NOR,PRT,2019,energy,0.0,0.9141
NOR,RUS,2019,energy,0.115803,0.9141
NOR,SWE,2019,energy,0.295455,0.9141
NOR,THA,2019,energy,1e-06,0.9141
NOR,TUR,2019,energy,9.9e-05,0.9141
NOR,USA,2019,energy,0.13109,0.9141
NOR,VEN,2019,energy,0.000273,0.9141
NOR,ZAF,2019,energy,5e-06,0.9141
NOR,TWN,2019,energy,4e-06,0.9141
NOR,AUS,2019,crm,0.033712,0.902
NOR,BEL,2019,crm,0.005623,0.902
NOR,BRA,2019,crm,0.124088,0.902
NOR,CAN,2019,crm,0.290028,0.902
NOR,CHE,2019,crm,0.001922,0.902
NOR,CHL,2019,crm,0.0,0.902
NOR,CHN,2019,crm,0.023685,0.902
NOR,COL,2019,crm,1.1e-05,0.902
NOR,DEU,2019,crm,0.040687,0.902
NOR,DNK,2019,crm,0.016549,0.902
NOR,EGY,2019,crm,0.001793,0.902
NOR,ESP,2019,crm,0.03453,0.902
NOR,FIN,2019,crm,0.032037,0.902
NOR,FRA,2019,crm,0.015933,0.902
NOR,GBR,2019,crm,0.015622,0.902
NOR,HKG,2019,crm,0.000695,0.902
NOR,HUN,2019,crm,0.000589,0.902
NOR,IDN,2019,crm,2.9e-05,0.902
NOR,IND,2019,crm,0.001141,0.902
NOR,ISR,2019,crm,0.000185,0.902
NOR,ITA,2019,crm,0.006182,0.902
NOR,JPN,2019,crm,0.000185,0.902
NOR,KOR,2019,crm,3.6e-05,0.902
NOR,MEX,2019,crm,1.3e-05,0.902
NOR,MYS,2019,crm,0.000144,0.902
NOR,NLD,2019,crm,0.019179,0.902
NOR,PER,2019,crm,4e-06,0.902
NOR,PHL,2019,crm,1e-06,0.902
NOR,POL,2019,crm,0.00353,0.902
NOR,PRT,2019,crm,0.01562,0.902
NOR,RUS,2019,crm,0.094953,0.902
NOR,SAU,2019,crm,0.000305,0.902
NOR,SWE,2019,crm,0.077891,0.902
NOR,THA,2019,crm,0.000124,0.902
NOR,TUN,2019,crm,0.003103,0.902
NOR,TUR,2019,crm,0.002461,0.902
NOR,UKR,2019,crm,1e-06,0.902
NOR,USA,2019,crm,0.006639,0.902
NOR,VNM,2019,crm,8.1e-05,0.902
NOR,ZAF,2019,crm,0.032492,0.902
NOR,TWN,2019,crm,0.000157,0.902
NOR,ARG,2021,energy,0.0,0.968
NOR,AUS,2021,energy,3.5e-05,0.968
NOR,BEL,2021,energy,0.028044,0.968
NOR,BRA,2021,energy,0.020563,0.968
NOR,CAN,2021,energy,0.000523,0.968
NOR,CHE,2021,energy,0.000457,0.968
NOR,CHN,2021,energy,6.5e-05,0.968
NOR,COL,2021,energy,0.014956,0.968
NOR,DEU,2021,energy,0.034726,0.968
NOR,DNK,2021,energy,0.076338,0.968
NOR,EGY,2021,energy,2.8e-05,0.968
NOR,ESP,2021,energy,0.000731,0.968
NOR,FIN,2021,energy,0.009288,0.968
NOR,FRA,2021,energy,0.007484,0.968
NOR,GBR,2021,energy,0.08312,0.968
NOR,HUN,2021,energy,3e-06,0.968
NOR,IDN,2021,energy,2e-06,0.968
NOR,IND,2021,energy,2.3e-05,0.968
NOR,ISR,2021,energy,1.1e-05,0.968
NOR,ITA,2021,energy,0.004608,0.968
NOR,JPN,2021,energy,0.000132,0.968
NOR,KOR,2021,energy,3.1e-05,0.968
NOR,MEX,2021,energy,1e-06,0.968
NOR,MYS,2021,energy,1e-06,0.968
NOR,NLD,2021,energy,0.056201,0.968
NOR,PHL,2021,energy,0.0,0.968
NOR,POL,2021,energy,0.016283,0.968
NOR,PRT,2021,energy,0.0,0.968
NOR,RUS,2021,energy,0.108593,0.968
NOR,SWE,2021,energy,0.34634,0.968
NOR,THA,2021,energy,1e-06,0.968
NOR,TUR,2021,energy,0.000104,0.968
NOR,UKR,2021,energy,2e-06,0.968
NOR,USA,2021,energy,0.159247,0.968
NOR,VNM,2021,energy,1e-06,0.968
NOR,ZAF,2021,energy,1.4e-05,0.968
NOR,TWN,2021,energy,6e-06,0.968
NOR,ARG,2021,crm,1e-06,0.9285
NOR,AUS,2021,crm,0.01914,0.9285
NOR,BEL,2021,crm,0.003226,0.9285
NOR,BRA,2021,crm,0.122976,0.9285
NOR,CAN,2021,crm,0.369298,0.9285
NOR,CHE,2021,crm,0.002194,0.9285
NOR,CHL,2021,crm,0.0,0.9285
NOR,CHN,2021,crm,0.015756,0.9285
NOR,COL,2021,crm,2.1e-05,0.9285
NOR,DEU,2021,crm,0.034221,0.9285
NOR,DNK,2021,crm,0.018439,0.9285
NOR,EGY,2021,crm,0.001314,0.9285
NOR,ESP,2021,crm,0.041961,0.9285
NOR,FIN,2021,crm,0.020587,0.9285
NOR,FRA,2021,crm,0.008547,0.9285
NOR,GBR,2021,crm,0.014469,0.9285
NOR,HKG,2021,crm,0.000206,0.9285
NOR,HUN,2021,crm,0.000621,0.9285
NOR,IDN,2021,crm,4e-06,0.9285
NOR,IND,2021,crm,0.000564,0.9285
NOR,ISR,2021,crm,0.000202,0.9285
NOR,ITA,2021,crm,0.005441,0.9285
NOR,JPN,2021,crm,0.000172,0.9285
NOR,KOR,2021,crm,0.001069,0.9285
NOR,MEX,2021,crm,3e-06,0.9285
NOR,MYS,2021,crm,7.4e-05,0.9285
NOR,NLD,2021,crm,0.016867,0.9285
NOR,PER,2021,crm,3e-06,0.9285
NOR,PHL,2021,crm,0.0,0.9285
NOR,POL,2021,crm,0.002676,0.9285
NOR,PRT,2021,crm,0.014462,0.9285
NOR,RUS,2021,crm,0.09804,0.9285
NOR,SAU,2021,crm,0.000219,0.9285
NOR,SWE,2021,crm,0.077662,0.9285
NOR,THA,2021,crm,9.1e-05,0.9285
NOR,TUN,2021,crm,0.002672,0.9285
NOR,TUR,2021,crm,0.007246,0.9285
NOR,UKR,2021,crm,0.001181,0.9285
NOR,USA,2021,crm,0.00697,0.9285
NOR,VNM,2021,crm,6.9e-05,0.9285
NOR,ZAF,2021,crm,0.019733,0.9285
NOR,TWN,2021,crm,5.6e-05,0.9285
NOR,ARG,2023,energy,0.001379,0.9452
NOR,AUS,2023,energy,0.000544,0.9452
NOR,BEL,2023,energy,0.063078,0.9452
NOR,BRA,2023,energy,0.005827,0.9452
NOR,CAN,2023,energy,0.000282,0.9452
NOR,CHE,2023,energy,0.000241,0.9452
NOR,CHN,2023,energy,0.005242,0.9452
NOR,COL,2023,energy,0.029426,0.9452
NOR,DEU,2023,energy,0.027296,0.9452
NOR,DNK,2023,energy,0.052099,0.9452
NOR,EGY,2023,energy,1.7e-05,0.9452
NOR,ESP,2023,energy,0.002165,0.9452
NOR,FIN,2023,energy,0.002509,0.9452
NOR,FRA,2023,energy,0.007062,0.9452
NOR,GBR,2023,energy,0.068469,0.9452
NOR,HKG,2023,energy,9e-06,0.9452
NOR,HUN,2023,energy,2e-06,0.9452
NOR,IDN,2023,energy,0.0,0.9452
NOR,IND,2023,energy,3e-06,0.9452
NOR,ISR,2023,energy,0.0,0.9452
NOR,ITA,2023,energy,0.002424,0.9452
NOR,JPN,2023,energy,7.2e-05,0.9452
NOR,KOR,2023,energy,2.5e-05,0.9452
NOR,MEX,2023,energy,8e-06,0.9452
NOR,MYS,2023,energy,0.005063,0.9452
NOR,NLD,2023,energy,0.195004,0.9452
NOR,POL,2023,energy,0.015317,0.9452
NOR,PRT,2023,energy,1e-06,0.9452
NOR,RUS,2023,energy,0.002426,0.9452
NOR,SAU,2023,energy,0.000265,0.9452
NOR,SWE,2023,energy,0.247635,0.9452
NOR,THA,2023,energy,2e-06,0.9452
NOR,TUR,2023,energy,3.2e-05,0.9452
NOR,UKR,2023,energy,0.0,0.9452
NOR,USA,2023,energy,0.211134,0.9452
NOR,VNM,2023,energy,1e-06,0.9452
NOR,ZAF,2023,energy,0.000101,0.9452
NOR,TWN,2023,energy,4e-06,0.9452
NOR,ARG,2023,crm,9e-05,0.9017
NOR,AUS,2023,crm,0.023785,0.9017
NOR,BEL,2023,crm,0.003429,0.9017
NOR,BRA,2023,crm,0.143676,0.9017
NOR,CAN,2023,crm,0.288905,0.9017
NOR,CHE,2023,crm,0.002014,0.9017
NOR,CHL,2023,crm,0.0,0.9017
NOR,CHN,2023,crm,0.01867,0.9017
NOR,COL,2023,crm,1e-05,0.9017
NOR,DEU,2023,crm,0.042562,0.9017
NOR,DNK,2023,crm,0.018744,0.9017
NOR,EGY,2023,crm,2.5e-05,0.9017
NOR,ESP,2023,crm,0.024729,0.9017
NOR,FIN,2023,crm,0.057319,0.9017
NOR,FRA,2023,crm,0.01452,0.9017
NOR,GBR,2023,crm,0.014839,0.9017
NOR,HKG,2023,crm,0.000158,0.9017
NOR,HUN,2023,crm,0.000505,0.9017
NOR,IDN,2023,crm,0.065373,0.9017
NOR,IND,2023,crm,0.003534,0.9017
NOR,ISR,2023,crm,0.000165,0.9017
NOR,ITA,2023,crm,0.006379,0.9017
NOR,JPN,2023,crm,0.0002,0.9017
NOR,KOR,2023,crm,6e-05,0.9017
NOR,MEX,2023,crm,3e-06,0.9017
NOR,MYS,2023,crm,0.005851,0.9017
NOR,NLD,2023,crm,0.015089,0.9017
NOR,PER,2023,crm,0.002009,0.9017
NOR,PHL,2023,crm,2e-06,0.9017
NOR,POL,2023,crm,0.00256,0.9017
NOR,PRT,2023,crm,0.012151,0.9017
NOR,RUS,2023,crm,0.012383,0.9017
NOR,SAU,2023,crm,0.000765,0.9017
NOR,SWE,2023,crm,0.07868,0.9017
NOR,THA,2023,crm,5.4e-05,0.9017
NOR,TUN,2023,crm,0.004622,0.9017
NOR,TUR,2023,crm,0.005948,0.9017
NOR,UKR,2023,crm,0.000745,0.9017
NOR,USA,2023,crm,0.009554,0.9017
NOR,VEN,2023,crm,0.00412,0.9017
NOR,VNM,2023,crm,6.9e-05,0.9017
NOR,ZAF,2023,crm,0.017188,0.9017
NOR,TWN,2023,crm,0.000167,0.9017
PER,ARG,2019,energy,0.000193,0.7347
PER,AUS,2019,energy,7e-06,0.7347
PER,BEL,2019,energy,0.000515,0.7347
PER,BRA,2019,energy,0.000808,0.7347
PER,CAN,2019,energy,0.005213,0.7347
PER,CHE,2019,energy,2.1e-05,0.7347
PER,CHL,2019,energy,0.004423,0.7347
PER,CHN,2019,energy,0.010592,0.7347
PER,COL,2019,energy,0.043946,0.7347
PER,DEU,2019,energy,0.001425,0.7347
PER,DNK,2019,energy,7e-06,0.7347
PER,EGY,2019,energy,1e-06,0.7347
PER,ESP,2019,energy,0.002338,0.7347
PER,FIN,2019,energy,5e-06,0.7347
PER,FRA,2019,energy,0.002224,0.7347
PER,GBR,2019,energy,7.3e-05,0.7347
PER,HKG,2019,energy,1.3e-05,0.7347
PER,IDN,2019,energy,8e-06,0.7347
PER,IND,2019,energy,0.000351,0.7347
PER,ISR,2019,energy,2e-05,0.7347
PER,ITA,2019,energy,0.001294,0.7347
PER,JPN,2019,energy,0.014346,0.7347
PER,KOR,2019,energy,0.03098,0.7347
PER,MEX,2019,energy,0.001658,0.7347
PER,MYS,2019,energy,1.8e-05,0.7347
PER,NLD,2019,energy,0.000484,0.7347
PER,NOR,2019,energy,4e-06,0.7347
PER,POL,2019,energy,2.7e-05,0.7347
PER,PRT,2019,energy,2.1e-05,0.7347
PER,RUS,2019,energy,9.9e-05,0.7347
PER,SWE,2019,energy,0.000378,0.7347
PER,THA,2019,energy,2e-06,0.7347
PER,TUR,2019,energy,4.7e-05,0.7347
PER,UKR,2019,energy,5e-06,0.7347
PER,USA,2019,energy,0.61312,0.7347
PER,VEN,2019,energy,1.1e-05,0.7347
PER,VNM,2019,energy,0.0,0.7347
PER,ZAF,2019,energy,3.9e-05,0.7347
PER,TWN,2019,energy,2.2e-05,0.7347
PER,ARG,2019,crm,0.065998,0.8567
PER,AUS,2019,crm,0.005624,0.8567
PER,BEL,2019,crm,0.002209,0.8567
PER,BRA,2019,crm,0.016463,0.8567
PER,CAN,2019,crm,0.001208,0.8567
PER,CHE,2019,crm,0.038127,0.8567
PER,CHL,2019,crm,0.103502,0.8567
PER,CHN,2019,crm,0.167334,0.8567
PER,COL,2019,crm,0.018037,0.8567
PER,DEU,2019,crm,0.009158,0.8567
PER,DNK,2019,crm,0.000121,0.8567
PER,EGY,2019,crm,5.8e-05,0.8567
PER,ESP,2019,crm,0.016797,0.8567
PER,FIN,2019,crm,0.000797,0.8567
PER,FRA,2019,crm,0.003057,0.8567
PER,GBR,2019,crm,0.001731,0.8567
PER,HKG,2019,crm,0.000557,0.8567
PER,HUN,2019,crm,3e-06,0.8567
PER,IDN,2019,crm,5.4e-05,0.8567
PER,IND,2019,crm,0.00354,0.8567
PER,ISR,2019,crm,7.4e-05,0.8567
PER,ITA,2019,crm,0.007824,0.8567
PER,JPN,2019,crm,0.016411,0.8567
PER,KOR,2019,crm,0.001156,0.8567
PER,MEX,2019,crm,0.03633,0.8567
PER,MYS,2019,crm,0.004264,0.8567
PER,NLD,2019,crm,0.005737,0.8567
PER,NOR,2019,crm,0.000129,0.8567
PER,PHL,2019,crm,4e-06,0.8567
PER,POL,2019,crm,0.001375,0.8567
PER,PRT,2019,crm,1.1e-05,0.8567
PER,RUS,2019,crm,0.005672,0.8567
PER,SWE,2019,crm,0.00025,0.8567
PER,THA,2019,crm,0.001573,0.8567
PER,TUR,2019,crm,0.007397,0.8567
PER,UKR,2019,crm,0.00023,0.8567
PER,USA,2019,crm,0.307213,0.8567
PER,VEN,2019,crm,0.000115,0.8567
PER,VNM,2019,crm,0.001836,0.8567
PER,ZAF,2019,crm,0.003595,0.8567
PER,TWN,2019,crm,0.001091,0.8567
PER,ARG,2021,energy,0.002104,0.9067
PER,AUS,2021,energy,2.1e-05,0.9067
PER,BEL,2021,energy,0.001095,0.9067
PER,BRA,2021,energy,0.124251,0.9067
PER,CAN,2021,energy,0.021226,0.9067
PER,CHE,2021,energy,5.8e-05,0.9067
PER,CHL,2021,energy,0.002164,0.9067
PER,CHN,2021,energy,0.026573,0.9067
PER,COL,2021,energy,0.010192,0.9067
PER,DEU,2021,energy,0.00189,0.9067
PER,DNK,2021,energy,5e-06,0.9067
PER,ESP,2021,energy,0.002059,0.9067
PER,FIN,2021,energy,4e-06,0.9067
PER,FRA,2021,energy,0.002807,0.9067
PER,GBR,2021,energy,0.001022,0.9067
PER,HKG,2021,energy,7e-06,0.9067
PER,HUN,2021,energy,0.0,0.9067
PER,IDN,2021,energy,9e-06,0.9067
PER,IND,2021,energy,0.000666,0.9067
PER,ISR,2021,energy,9e-06,0.9067
PER,ITA,2021,energy,0.001341,0.9067
PER,JPN,2021,energy,0.014124,0.9067
PER,KOR,2021,energy,0.014718,0.9067
PER,MEX,2021,energy,0.002017,0.9067
PER,MYS,2021,energy,0.000183,0.9067
PER,NLD,2021,energy,0.000497,0.9067
PER,NOR,2021,energy,1e-06,0.9067
PER,POL,2021,energy,2e-06,0.9067
PER,PRT,2021,energy,0.000241,0.9067
PER,RUS,2021,energy,0.000723,0.9067
PER,SAU,2021,energy,0.002746,0.9067
PER,SWE,2021,energy,0.000307,0.9067
PER,THA,2021,energy,1e-06,0.9067
PER,TUR,2021,energy,0.000109,0.9067
PER,UKR,2021,energy,3e-05,0.9067
PER,USA,2021,energy,0.673283,0.9067
PER,VEN,2021,energy,1e-05,0.9067
PER,VNM,2021,energy,0.0,0.9067
PER,ZAF,2021,energy,0.000148,0.9067
PER,TWN,2021,energy,1e-05,0.9067
PER,ARG,2021,crm,0.005417,0.8144
PER,AUS,2021,crm,0.000552,0.8144
PER,BEL,2021,crm,0.001899,0.8144
PER,BRA,2021,crm,0.024075,0.8144
PER,CAN,2021,crm,0.072016,0.8144
PER,CHE,2021,crm,0.001397,0.8144
PER,CHL,2021,crm,0.04377,0.8144
PER,CHN,2021,crm,0.155638,0.8144
PER,COL,2021,crm,0.010686,0.8144
PER,DEU,2021,crm,0.006878,0.8144
PER,DNK,2021,crm,0.000115,0.8144
PER,EGY,2021,crm,7.2e-05,0.8144
PER,ESP,2021,crm,0.012268,0.8144
PER,FIN,2021,crm,0.000807,0.8144
PER,FRA,2021,crm,0.003621,0.8144
PER,GBR,2021,crm,0.004576,0.8144
PER,HKG,2021,crm,0.000704,0.8144
PER,HUN,2021,crm,2e-06,0.8144
PER,IDN,2021,crm,8.7e-05,0.8144
PER,IND,2021,crm,0.008693,0.8144
PER,ISR,2021,crm,9.4e-05,0.8144
PER,ITA,2021,crm,0.009465,0.8144
PER,JPN,2021,crm,0.0198,0.8144
PER,KOR,2021,crm,0.000843,0.8144
PER,MEX,2021,crm,0.022211,0.8144
PER,MYS,2021,crm,0.004765,0.8144
PER,NLD,2021,crm,0.005394,0.8144
PER,NOR,2021,crm,0.000707,0.8144
PER,POL,2021,crm,0.001089,0.8144
PER,PRT,2021,crm,1.9e-05,0.8144
PER,RUS,2021,crm,0.007315,0.8144
PER,SWE,2021,crm,0.01104,0.8144
PER,THA,2021,crm,3e-06,0.8144
PER,TUR,2021,crm,0.018181,0.8144
PER,UKR,2021,crm,0.000571,0.8144
PER,USA,2021,crm,0.356815,0.8144
PER,VEN,2021,crm,0.000506,0.8144
PER,VNM,2021,crm,0.0,0.8144
PER,ZAF,2021,crm,0.00172,0.8144
PER,TWN,2021,crm,0.000557,0.8144
PER,ARG,2023,energy,0.028647,0.8516
PER,AUS,2023,energy,3e-06,0.8516
PER,BEL,2023,energy,0.000739,0.8516
PER,BRA,2023,energy,0.075525,0.8516
PER,CAN,2023,energy,0.032059,0.8516
PER,CHE,2023,energy,2.5e-05,0.8516
PER,CHL,2023,energy,0.007577,0.8516
PER,CHN,2023,energy,0.002056,0.8516
PER,COL,2023,energy,0.017922,0.8516
PER,DEU,2023,energy,0.001416,0.8516
PER,DNK,2023,energy,1e-05,0.8516
PER,EGY,2023,energy,1e-06,0.8516
PER,ESP,2023,energy,0.001267,0.8516
PER,FIN,2023,energy,6.3e-05,0.8516
PER,FRA,2023,energy,0.002489,0.8516
PER,GBR,2023,energy,3.2e-05,0.8516
PER,HKG,2023,energy,2.4e-05,0.8516
PER,HUN,2023,energy,0.0,0.8516
PER,IDN,2023,energy,3e-05,0.8516
PER,IND,2023,energy,0.000705,0.8516
PER,ISR,2023,energy,1e-06,0.8516
PER,ITA,2023,energy,0.001169,0.8516
PER,JPN,2023,energy,0.003963,0.8516
PER,KOR,2023,energy,0.010883,0.8516
PER,MEX,2023,energy,0.000736,0.8516
PER,MYS,2023,energy,1.2e-05,0.8516
PER,NLD,2023,energy,0.001023,0.8516
PER,NOR,2023,energy,0.0,0.8516
PER,PHL,2023,energy,0.0,0.8516
PER,POL,2023,energy,1.4e-05,0.8516
PER,PRT,2023,energy,0.0,0.8516
PER,RUS,2023,energy,2.9e-05,0.8516
PER,SWE,2023,energy,0.000416,0.8516
PER,THA,2023,energy,0.000243,0.8516
PER,TUR,2023,energy,7.4e-05,0.8516
PER,UKR,2023,energy,1.6e-05,0.8516
PER,USA,2023,energy,0.662388,0.8516
PER,VEN,2023,energy,4e-06,0.8516
PER,ZAF,2023,energy,2e-06,0.8516
PER,TWN,2023,energy,1.5e-05,0.8516
PER,ARG,2023,crm,0.082823,0.7978
PER,AUS,2023,crm,0.001016,0.7978
PER,BEL,2023,crm,0.00315,0.7978
PER,BRA,2023,crm,0.010252,0.7978
PER,CAN,2023,crm,0.031989,0.7978
PER,CHE,2023,crm,0.000103,0.7978
PER,CHL,2023,crm,0.070852,0.7978
PER,CHN,2023,crm,0.134489,0.7978
PER,COL,2023,crm,0.006583,0.7978
PER,DEU,2023,crm,0.009607,0.7978
PER,DNK,2023,crm,0.000156,0.7978
PER,EGY,2023,crm,9.6e-05,0.7978
PER,ESP,2023,crm,0.009022,0.7978
PER,FIN,2023,crm,0.000445,0.7978
PER,FRA,2023,crm,0.000985,0.7978
PER,GBR,2023,crm,0.003201,0.7978
PER,HKG,2023,crm,0.000163,0.7978
PER,HUN,2023,crm,0.0,0.7978
PER,IDN,2023,crm,0.004139,0.7978
PER,IND,2023,crm,0.003048,0.7978
PER,ISR,2023,crm,6.6e-05,0.7978
PER,ITA,2023,crm,0.004086,0.7978
PER,JPN,2023,crm,0.012672,0.7978
PER,KOR,2023,crm,0.001076,0.7978
PER,MEX,2023,crm,0.067497,0.7978
PER,MYS,2023,crm,0.000683,0.7978
PER,NLD,2023,crm,0.002496,0.7978
PER,NOR,2023,crm,0.000517,0.7978
PER,POL,2023,crm,0.002428,0.7978
PER,PRT,2023,crm,1e-05,0.7978
PER,RUS,2023,crm,0.00403,0.7978
PER,SAU,2023,crm,0.000116,0.7978
PER,SWE,2023,crm,0.000425,0.7978
PER,THA,2023,crm,2e-06,0.7978
PER,TUN,2023,crm,0.008137,0.7978
PER,TUR,2023,crm,0.001709,0.7978
PER,UKR,2023,crm,0.00052,0.7978
PER,USA,2023,crm,0.314216,0.7978
PER,VEN,2023,crm,0.000683,0.7978
PER,VNM,2023,crm,0.000568,0.7978
PER,ZAF,2023,crm,0.003356,0.7978
PER,TWN,2023,crm,0.000407,0.7978
PHL,AUS,2019,energy,0.012521,0.7694
PHL,BEL,2019,energy,0.000152,0.7694
PHL,BRA,2019,energy,0.007873,0.7694
PHL,CAN,2019,energy,2e-05,0.7694
PHL,CHE,2019,energy,5.2e-05,0.7694
PHL,CHN,2019,energy,0.253113,0.7694
PHL,DEU,2019,energy,0.000375,0.7694
PHL,DNK,2019,energy,3e-06,0.7694
PHL,ESP,2019,energy,4.3e-05,0.7694
PHL,FIN,2019,energy,0.0,0.7694
PHL,FRA,2019,energy,6e-05,0.7694
PHL,GBR,2019,energy,3e-05,0.7694
PHL,HKG,2019,energy,0.00026,0.7694
PHL,HUN,2019,energy,0.0,0.7694
PHL,IDN,2019,energy,0.135365,0.7694
PHL,IND,2019,energy,0.022061,0.7694
PHL,ISR,2019,energy,1e-06,0.7694
PHL,ITA,2019,energy,2.1e-05,0.7694
PHL,JPN,2019,energy,0.010367,0.7694
PHL,KOR,2019,energy,0.159512,0.7694
PHL,MEX,2019,energy,3e-06,0.7694
PHL,MYS,2019,energy,0.062177,0.7694
PHL,NLD,2019,energy,2.8e-05,0.7694
PHL,NOR,2019,energy,0.0,0.7694
PHL,PER,2019,energy,0.0003,0.7694
PHL,POL,2019,energy,3.3e-05,0.7694
PHL,RUS,2019,energy,0.009854,0.7694
PHL,SAU,2019,energy,0.069243,0.7694
PHL,SWE,2019,energy,1.4e-05,0.7694
PHL,THA,2019,energy,0.006282,0.7694
PHL,TUR,2019,energy,6e-06,0.7694
PHL,UKR,2019,energy,3e-06,0.7694
PHL,USA,2019,energy,0.006857,0.7694
PHL,VNM,2019,energy,0.010379,0.7694
PHL,ZAF,2019,energy,1.4e-05,0.7694
PHL,TWN,2019,energy,0.002367,0.7694
PHL,AUS,2019,crm,0.058309,0.9544
PHL,BEL,2019,crm,0.000446,0.9544
PHL,BRA,2019,crm,0.21203,0.9544
PHL,CAN,2019,crm,0.001834,0.9544
PHL,CHE,2019,crm,0.000373,0.9544
PHL,CHL,2019,crm,1e-06,0.9544
PHL,CHN,2019,crm,0.118441,0.9544
PHL,DEU,2019,crm,0.00461,0.9544
PHL,DNK,2019,crm,3e-05,0.9544
PHL,EGY,2019,crm,0.000126,0.9544
PHL,ESP,2019,crm,0.002095,0.9544
PHL,FIN,2019,crm,0.000179,0.9544
PHL,FRA,2019,crm,0.000783,0.9544
PHL,GBR,2019,crm,0.000747,0.9544
PHL,HKG,2019,crm,0.01213,0.9544
PHL,HUN,2019,crm,4e-06,0.9544
PHL,IDN,2019,crm,0.023334,0.9544
PHL,IND,2019,crm,0.009819,0.9544
PHL,ISR,2019,crm,0.000402,0.9544
PHL,ITA,2019,crm,0.000675,0.9544
PHL,JPN,2019,crm,0.120915,0.9544
PHL,KOR,2019,crm,0.142685,0.9544
PHL,MEX,2019,crm,6.5e-05,0.9544
PHL,MYS,2019,crm,0.076696,0.9544
PHL,NLD,2019,crm,0.001525,0.9544
PHL,NOR,2019,crm,1.7e-05,0.9544
PHL,PER,2019,crm,0.008099,0.9544
PHL,POL,2019,crm,2.8e-05,0.9544
PHL,RUS,2019,crm,0.002295,0.9544
PHL,SAU,2019,crm,0.0015,0.9544
PHL,SWE,2019,crm,3.5e-05,0.9544
PHL,THA,2019,crm,0.069629,0.9544
PHL,TUR,2019,crm,0.000933,0.9544
PHL,USA,2019,crm,0.018816,0.9544
PHL,VNM,2019,crm,0.010025,0.9544
PHL,ZAF,2019,crm,0.000472,0.9544
PHL,TWN,2019,crm,0.054302,0.9544
PHL,ARG,2021,energy,7e-06,0.793
PHL,AUS,2021,energy,0.010323,0.793
PHL,BEL,2021,energy,0.000107,0.793
PHL,CAN,2021,energy,4e-05,0.793
PHL,CHE,2021,energy,8e-06,0.793
PHL,CHN,2021,energy,0.166322,0.793
PHL,DEU,2021,energy,0.000292,0.793
PHL,DNK,2021,energy,1e-05,0.793
PHL,EGY,2021,energy,0.0,0.793
PHL,ESP,2021,energy,2e-05,0.793
PHL,FIN,2021,energy,2e-06,0.793
PHL,FRA,2021,energy,7.6e-05,0.793
PHL,GBR,2021,energy,3.3e-05,0.793
PHL,HKG,2021,energy,0.000367,0.793
PHL,IDN,2021,energy,0.180804,0.793
PHL,IND,2021,energy,0.026081,0.793
PHL,ISR,2021,energy,1e-06,0.793
PHL,ITA,2021,energy,4e-06,0.793
PHL,JPN,2021,energy,0.015562,0.793
PHL,KOR,2021,energy,0.121491,0.793
PHL,MEX,2021,energy,1e-06,0.793
PHL,MYS,2021,energy,0.068707,0.793
PHL,NLD,2021,energy,0.001188,0.793
PHL,NOR,2021,energy,0.0,0.793
PHL,POL,2021,energy,9.5e-05,0.793
PHL,PRT,2021,energy,4e-06,0.793
PHL,RUS,2021,energy,0.001166,0.793
PHL,SAU,2021,energy,0.137647,0.793
PHL,SWE,2021,energy,1.1e-05,0.793
PHL,THA,2021,energy,0.032658,0.793
PHL,TUR,2021,energy,4e-06,0.793
PHL,UKR,2021,energy,3e-06,0.793
PHL,USA,2021,energy,0.004264,0.793
PHL,VNM,2021,energy,0.005424,0.793
PHL,ZAF,2021,energy,0.000809,0.793
PHL,TWN,2021,energy,0.019512,0.793
PHL,ARG,2021,crm,3.1e-05,0.9335
PHL,AUS,2021,crm,0.059413,0.9335
PHL,BEL,2021,crm,0.000413,0.9335
PHL,BRA,2021,crm,0.254019,0.9335
PHL,CAN,2021,crm,0.016953,0.9335
PHL,CHE,2021,crm,0.001831,0.9335
PHL,CHL,2021,crm,2.1e-05,0.9335
PHL,CHN,2021,crm,0.099354,0.9335
PHL,DEU,2021,crm,0.006478,0.9335
PHL,DNK,2021,crm,1.6e-05,0.9335
PHL,EGY,2021,crm,0.000127,0.9335
PHL,ESP,2021,crm,0.000956,0.9335
PHL,FIN,2021,crm,0.00234,0.9335
PHL,FRA,2021,crm,0.000345,0.9335
PHL,GBR,2021,crm,0.000536,0.9335
PHL,HKG,2021,crm,0.004414,0.9335
PHL,HUN,2021,crm,1e-06,0.9335
PHL,IDN,2021,crm,0.042441,0.9335
PHL,IND,2021,crm,0.013612,0.9335
PHL,ISR,2021,crm,3e-05,0.9335
PHL,ITA,2021,crm,0.000507,0.9335
PHL,JPN,2021,crm,0.094164,0.9335
PHL,KOR,2021,crm,0.124178,0.9335
PHL,MEX,2021,crm,0.001023,0.9335
PHL,MYS,2021,crm,0.058864,0.9335
PHL,NLD,2021,crm,0.001233,0.9335
PHL,NOR,2021,crm,4e-05,0.9335
PHL,PER,2021,crm,0.008213,0.9335
PHL,POL,2021,crm,6e-06,0.9335
PHL,PRT,2021,crm,0.0,0.9335
PHL,RUS,2021,crm,0.001531,0.9335
PHL,SAU,2021,crm,1e-05,0.9335
PHL,SWE,2021,crm,1e-06,0.9335
PHL,THA,2021,crm,0.081399,0.9335
PHL,TUN,2021,crm,1.7e-05,0.9335
PHL,TUR,2021,crm,0.002171,0.9335
PHL,UKR,2021,crm,0.000173,0.9335
PHL,USA,2021,crm,0.007629,0.9335
PHL,VNM,2021,crm,0.005601,0.9335
PHL,ZAF,2021,crm,0.000142,0.9335
PHL,TWN,2021,crm,0.043222,0.9335
PHL,ARG,2023,energy,3.1e-05,0.7724
PHL,AUS,2023,energy,0.003982,0.7724
PHL,BEL,2023,energy,5.9e-05,0.7724
PHL,CAN,2023,energy,3.1e-05,0.7724
PHL,CHE,2023,energy,0.000519,0.7724
PHL,CHN,2023,energy,0.164869,0.7724
PHL,DEU,2023,energy,0.000197,0.7724
PHL,DNK,2023,energy,4e-06,0.7724
PHL,EGY,2023,energy,0.00358,0.7724
PHL,ESP,2023,energy,3.9e-05,0.7724
PHL,FIN,2023,energy,1e-06,0.7724
PHL,FRA,2023,energy,6.6e-05,0.7724
PHL,GBR,2023,energy,0.000101,0.7724
PHL,HKG,2023,energy,4.2e-05,0.7724
PHL,HUN,2023,energy,0.0,0.7724
PHL,IDN,2023,energy,0.191008,0.7724
PHL,IND,2023,energy,0.007354,0.7724
PHL,ISR,2023,energy,2e-06,0.7724
PHL,ITA,2023,energy,1.6e-05,0.7724
PHL,JPN,2023,energy,0.02048,0.7724
PHL,KOR,2023,energy,0.149628,0.7724
PHL,MEX,2023,energy,1e-06,0.7724
PHL,MYS,2023,energy,0.075061,0.7724
PHL,NLD,2023,energy,3.8e-05,0.7724
PHL,PER,2023,energy,0.000142,0.7724
PHL,POL,2023,energy,3.9e-05,0.7724
PHL,PRT,2023,energy,0.0,0.7724
PHL,RUS,2023,energy,0.001562,0.7724
PHL,SAU,2023,energy,0.10697,0.7724
PHL,SWE,2023,energy,1.2e-05,0.7724
PHL,THA,2023,energy,0.018341,0.7724
PHL,TUR,2023,energy,1.3e-05,0.7724
PHL,UKR,2023,energy,0.0,0.7724
PHL,USA,2023,energy,0.00901,0.7724
PHL,VNM,2023,energy,0.004159,0.7724
PHL,ZAF,2023,energy,5.3e-05,0.7724
PHL,TWN,2023,energy,0.015002,0.7724
PHL,ARG,2023,crm,6.8e-05,0.9265
PHL,AUS,2023,crm,0.347502,0.9265
PHL,BEL,2023,crm,0.000491,0.9265
PHL,BRA,2023,crm,0.112469,0.9265
PHL,CAN,2023,crm,0.031327,0.9265
PHL,CHE,2023,crm,0.00057,0.9265
PHL,CHL,2023,crm,0.010346,0.9265
PHL,CHN,2023,crm,0.060546,0.9265
PHL,COL,2023,crm,0.000745,0.9265
PHL,DEU,2023,crm,0.002931,0.9265
PHL,DNK,2023,crm,1.4e-05,0.9265
PHL,EGY,2023,crm,0.001485,0.9265
PHL,ESP,2023,crm,0.000244,0.9265
PHL,FIN,2023,crm,0.000571,0.9265
PHL,FRA,2023,crm,0.000263,0.9265
PHL,GBR,2023,crm,0.000267,0.9265
PHL,HKG,2023,crm,0.001689,0.9265
PHL,IDN,2023,crm,0.123928,0.9265
PHL,IND,2023,crm,0.007513,0.9265
PHL,ISR,2023,crm,1e-05,0.9265
PHL,ITA,2023,crm,0.000235,0.9265
PHL,JPN,2023,crm,0.050093,0.9265
PHL,KOR,2023,crm,0.051315,0.9265
PHL,MEX,2023,crm,0.02098,0.9265
PHL,MYS,2023,crm,0.020757,0.9265
PHL,NLD,2023,crm,0.000483,0.9265
PHL,NOR,2023,crm,3.3e-05,0.9265
PHL,PER,2023,crm,0.012229,0.9265
PHL,POL,2023,crm,6e-06,0.9265
PHL,PRT,2023,crm,1.4e-05,0.9265
PHL,RUS,2023,crm,0.000358,0.9265
PHL,SAU,2023,crm,2.8e-05,0.9265
PHL,SWE,2023,crm,3e-06,0.9265
PHL,THA,2023,crm,0.039835,0.9265
PHL,TUR,2023,crm,0.000273,0.9265
PHL,UKR,2023,crm,9.2e-05,0.9265
PHL,USA,2023,crm,0.004393,0.9265
PHL,VNM,2023,crm,0.002355,0.9265
PHL,ZAF,2023,crm,7.2e-05,0.9265
PHL,TWN,2023,crm,0.01993,0.9265
POL,AUS,2019,energy,0.022826,0.7944
POL,BEL,2019,energy,0.003968,0.7944
POL,BRA,2019,energy,0.000388,0.7944
POL,CAN,2019,energy,0.000776,0.7944
POL,CHE,2019,energy,0.000128,0.7944
POL,CHN,2019,energy,0.002222,0.7944
POL,COL,2019,energy,0.004751,0.7944
POL,DEU,2019,energy,0.079909,0.7944
POL,DNK,2019,energy,0.001037,0.7944
POL,EGY,2019,energy,0.0,0.7944
POL,ESP,2019,energy,0.001089,0.7944
POL,FIN,2019,energy,0.001874,0.7944
POL,FRA,2019,energy,0.002962,0.7944
POL,GBR,2019,energy,0.003227,0.7944
POL,HKG,2019,energy,0.0,0.7944
POL,HUN,2019,energy,0.003461,0.7944
POL,IDN,2019,energy,1e-06,0.7944
POL,IND,2019,energy,7.2e-05,0.7944
POL,ISR,2019,energy,6e-06,0.7944
POL,ITA,2019,energy,0.002084,0.7944
POL,JPN,2019,energy,0.000344,0.7944
POL,KOR,2019,energy,0.000122,0.7944
POL,MEX,2019,energy,4e-06,0.7944
POL,MYS,2019,energy,9.7e-05,0.7944
POL,NLD,2019,energy,0.005108,0.7944
POL,NOR,2019,energy,0.013063,0.7944
POL,PER,2019,energy,9.9e-05,0.7944
POL,PHL,2019,energy,0.0,0.7944
POL,PRT,2019,energy,5.6e-05,0.7944
POL,RUS,2019,energy,0.513956,0.7944
POL,SAU,2019,energy,0.088728,0.7944
POL,SWE,2019,energy,0.013578,0.7944
POL,THA,2019,energy,2e-06,0.7944
POL,TUR,2019,energy,3.2e-05,0.7944
POL,UKR,2019,energy,0.004649,0.7944
POL,USA,2019,energy,0.02256,0.7944
POL,VNM,2019,energy,6e-06,0.7944
POL,ZAF,2019,energy,0.001229,0.7944
POL,TWN,2019,energy,2e-06,0.7944
POL,ARG,2019,crm,3.6e-05,0.7935
POL,AUS,2019,crm,0.004971,0.7935
POL,BEL,2019,crm,0.020711,0.7935
POL,BRA,2019,crm,0.039187,0.7935
POL,CAN,2019,crm,0.001468,0.7935
POL,CHE,2019,crm,0.001836,0.7935
POL,CHL,2019,crm,0.001287,0.7935
POL,CHN,2019,crm,0.038366,0.7935
POL,COL,2019,crm,0.000131,0.7935
POL,DEU,2019,crm,0.204837,0.7935
POL,DNK,2019,crm,0.007871,0.7935
POL,EGY,2019,crm,0.004154,0.7935
POL,ESP,2019,crm,0.024048,0.7935
POL,FIN,2019,crm,0.009671,0.7935
POL,FRA,2019,crm,0.01659,0.7935
POL,GBR,2019,crm,0.017627,0.7935
POL,HKG,2019,crm,1.6e-05,0.7935
POL,HUN,2019,crm,0.009418,0.7935
POL,IDN,2019,crm,0.000274,0.7935
POL,IND,2019,crm,0.005266,0.7935
POL,ISR,2019,crm,0.001604,0.7935
POL,ITA,2019,crm,0.06411,0.7935
POL,JPN,2019,crm,0.008842,0.7935
POL,KOR,2019,crm,0.012047,0.7935
POL,MEX,2019,crm,0.001678,0.7935
POL,MYS,2019,crm,0.001583,0.7935
POL,NLD,2019,crm,0.023609,0.7935
POL,NOR,2019,crm,0.062474,0.7935
POL,PER,2019,crm,0.000403,0.7935
POL,PHL,2019,crm,1e-05,0.7935
POL,PRT,2019,crm,0.000486,0.7935
POL,RUS,2019,crm,0.058433,0.7935
POL,SAU,2019,crm,0.000882,0.7935
POL,SWE,2019,crm,0.040629,0.7935
POL,THA,2019,crm,0.000562,0.7935
POL,TUN,2019,crm,0.000119,0.7935
POL,TUR,2019,crm,0.020893,0.7935
POL,UKR,2019,crm,0.061928,0.7935
POL,USA,2019,crm,0.01295,0.7935
POL,VEN,2019,crm,2e-06,0.7935
POL,VNM,2019,crm,0.000487,0.7935
POL,ZAF,2019,crm,0.010957,0.7935
POL,TWN,2019,crm,0.001096,0.7935
POL,AUS,2021,energy,0.017257,0.8377
POL,BEL,2021,energy,0.007175,0.8377
POL,BRA,2021,energy,0.000119,0.8377
POL,CAN,2021,energy,0.001577,0.8377
POL,CHE,2021,energy,0.000106,0.8377
POL,CHN,2021,energy,0.003287,0.8377
POL,COL,2021,energy,0.002708,0.8377
POL,DEU,2021,energy,0.101451,0.8377
POL,DNK,2021,energy,0.00074,0.8377
POL,EGY,2021,energy,0.000177,0.8377
POL,ESP,2021,energy,0.000788,0.8377
POL,FIN,2021,energy,0.002259,0.8377
POL,FRA,2021,energy,0.003728,0.8377
POL,GBR,2021,energy,0.009356,0.8377
POL,HKG,2021,energy,4e-06,0.8377
POL,HUN,2021,energy,0.001922,0.8377
POL,IDN,2021,energy,1.5e-05,0.8377
POL,IND,2021,energy,8.9e-05,0.8377
POL,ISR,2021,energy,3e-06,0.8377
POL,ITA,2021,energy,0.002148,0.8377
POL,JPN,2021,energy,0.000195,0.8377
POL,KOR,2021,energy,0.000201,0.8377
POL,MEX,2021,energy,6e-06,0.8377
POL,MYS,2021,energy,0.000152,0.8377
POL,NLD,2021,energy,0.008422,0.8377
POL,NOR,2021,energy,0.030051,0.8377
POL,PER,2021,energy,0.0,0.8377
POL,PHL,2021,energy,0.0,0.8377
POL,PRT,2021,energy,3.9e-05,0.8377
POL,RUS,2021,energy,0.503152,0.8377
POL,SAU,2021,energy,0.106502,0.8377
POL,SWE,2021,energy,0.025386,0.8377
POL,THA,2021,energy,7e-06,0.8377
POL,TUN,2021,energy,0.0,0.8377
POL,TUR,2021,energy,7.7e-05,0.8377
POL,UKR,2021,energy,0.003283,0.8377
POL,USA,2021,energy,0.005034,0.8377
POL,ZAF,2021,energy,0.000247,0.8377
POL,TWN,2021,energy,4e-06,0.8377
POL,ARG,2021,crm,0.0,0.8037
POL,AUS,2021,crm,0.003654,0.8037
POL,BEL,2021,crm,0.018481,0.8037
POL,BRA,2021,crm,0.026952,0.8037
POL,CAN,2021,crm,0.006395,0.8037
POL,CHE,2021,crm,0.003614,0.8037
POL,CHL,2021,crm,0.005477,0.8037
POL,CHN,2021,crm,0.027643,0.8037
POL,COL,2021,crm,2e-06,0.8037
POL,DEU,2021,crm,0.206985,0.8037
POL,DNK,2021,crm,0.005975,0.8037
POL,EGY,2021,crm,0.002604,0.8037
POL,ESP,2021,crm,0.02156,0.8037
POL,FIN,2021,crm,0.008696,0.8037
POL,FRA,2021,crm,0.021382,0.8037
POL,GBR,2021,crm,0.028601,0.8037
POL,HKG,2021,crm,2.8e-05,0.8037
POL,HUN,2021,crm,0.009393,0.8037
POL,IDN,2021,crm,0.001414,0.8037
POL,IND,2021,crm,0.004362,0.8037
POL,ISR,2021,crm,0.000374,0.8037
POL,ITA,2021,crm,0.101243,0.8037
POL,JPN,2021,crm,0.010587,0.8037
POL,KOR,2021,crm,0.023665,0.8037
POL,MEX,2021,crm,0.001063,0.8037
POL,MYS,2021,crm,0.002381,0.8037
POL,NLD,2021,crm,0.021869,0.8037
POL,NOR,2021,crm,0.043943,0.8037
POL,PER,2021,crm,0.004813,0.8037
POL,PHL,2021,crm,1e-06,0.8037
POL,PRT,2021,crm,9.6e-05,0.8037
POL,RUS,2021,crm,0.040272,0.8037
POL,SAU,2021,crm,0.003206,0.8037
POL,SWE,2021,crm,0.040868,0.8037
POL,THA,2021,crm,0.000874,0.8037
POL,TUN,2021,crm,7e-05,0.8037
POL,TUR,2021,crm,0.02364,0.8037
POL,UKR,2021,crm,0.051578,0.8037
POL,USA,2021,crm,0.015181,0.8037
POL,VNM,2021,crm,0.001999,0.8037
POL,ZAF,2021,crm,0.012088,0.8037
POL,TWN,2021,crm,0.000637,0.8037
POL,AUS,2023,energy,0.01328,0.8355
POL,BEL,2023,energy,0.017294,0.8355
POL,BRA,2023,energy,0.000211,0.8355
POL,CAN,2023,energy,0.002324,0.8355
POL,CHE,2023,energy,0.000131,0.8355
POL,CHN,2023,energy,0.005667,0.8355
POL,COL,2023,energy,0.032791,0.8355
POL,DEU,2023,energy,0.121152,0.8355
POL,DNK,2023,energy,0.001466,0.8355
POL,EGY,2023,energy,1.7e-05,0.8355
POL,ESP,2023,energy,0.000901,0.8355
POL,FIN,2023,energy,0.012502,0.8355
POL,FRA,2023,energy,0.003382,0.8355
POL,GBR,2023,energy,0.021405,0.8355
POL,HUN,2023,energy,0.002819,0.8355
POL,IDN,2023,energy,0.006426,0.8355
POL,IND,2023,energy,0.005819,0.8355
POL,ISR,2023,energy,1e-06,0.8355
POL,ITA,2023,energy,0.001774,0.8355
POL,JPN,2023,energy,0.000588,0.8355
POL,KOR,2023,energy,0.000138,0.8355
POL,MEX,2023,energy,8e-06,0.8355
POL,MYS,2023,energy,0.000548,0.8355
POL,NLD,2023,energy,0.030334,0.8355
POL,NOR,2023,energy,0.165768,0.8355
POL,PER,2023,energy,1e-06,0.8355
POL,PHL,2023,energy,0.0,0.8355
POL,PRT,2023,energy,8.2e-05,0.8355
POL,RUS,2023,energy,0.038329,0.8355
POL,SAU,2023,energy,0.22335,0.8355
POL,SWE,2023,energy,0.058506,0.8355
POL,THA,2023,energy,1.2e-05,0.8355
POL,TUN,2023,energy,0.0,0.8355
POL,TUR,2023,energy,0.00012,0.8355
POL,UKR,2023,energy,0.001717,0.8355
POL,USA,2023,energy,0.056824,0.8355
POL,VEN,2023,energy,0.000334,0.8355
POL,VNM,2023,energy,1.1e-05,0.8355
POL,ZAF,2023,energy,0.009488,0.8355
POL,TWN,2023,energy,1e-06,0.8355
POL,ARG,2023,crm,0.0,0.7966
POL,AUS,2023,crm,0.001602,0.7966
POL,BEL,2023,crm,0.016285,0.7966
POL,BRA,2023,crm,0.047736,0.7966
POL,CAN,2023,crm,0.001057,0.7966
POL,CHE,2023,crm,0.00298,0.7966
POL,CHL,2023,crm,0.001155,0.7966
POL,CHN,2023,crm,0.027578,0.7966
POL,COL,2023,crm,3e-06,0.7966
POL,DEU,2023,crm,0.213473,0.7966
POL,DNK,2023,crm,0.007137,0.7966
POL,EGY,2023,crm,0.004552,0.7966
POL,ESP,2023,crm,0.016096,0.7966
POL,FIN,2023,crm,0.013051,0.7966
POL,FRA,2023,crm,0.0331,0.7966
POL,GBR,2023,crm,0.032671,0.7966
POL,HKG,2023,crm,3e-06,0.7966
POL,HUN,2023,crm,0.017331,0.7966
POL,IDN,2023,crm,0.000988,0.7966
POL,IND,2023,crm,0.011215,0.7966
POL,ISR,2023,crm,0.00062,0.7966
POL,ITA,2023,crm,0.078205,0.7966
POL,JPN,2023,crm,0.010841,0.7966
POL,KOR,2023,crm,0.02231,0.7966
POL,MEX,2023,crm,0.001037,0.7966
POL,MYS,2023,crm,0.001016,0.7966
POL,NLD,2023,crm,0.025058,0.7966
POL,NOR,2023,crm,0.049935,0.7966
POL,PER,2023,crm,0.003323,0.7966
POL,PHL,2023,crm,0.0,0.7966
POL,PRT,2023,crm,0.000377,0.7966
POL,RUS,2023,crm,0.019385,0.7966
POL,SAU,2023,crm,0.001137,0.7966
POL,SWE,2023,crm,0.026811,0.7966
POL,THA,2023,crm,0.000507,0.7966
POL,TUN,2023,crm,3.1e-05,0.7966
POL,TUR,2023,crm,0.029015,0.7966
POL,UKR,2023,crm,0.044012,0.7966
POL,USA,2023,crm,0.020306,0.7966
POL,VEN,2023,crm,0.000283,0.7966
POL,VNM,2023,crm,0.004877,0.7966
POL,ZAF,2023,crm,0.00895,0.7966
POL,TWN,2023,crm,0.000515,0.7966
PRT,ARG,2019,energy,0.0,0.5184
PRT,AUS,2019,energy,0.0,0.5184
PRT,BEL,2019,energy,0.027683,0.5184
PRT,BRA,2019,energy,0.036163,0.5184
PRT,CAN,2019,energy,1.3e-05,0.5184
PRT,CHE,2019,energy,4e-06,0.5184
PRT,CHN,2019,energy,0.000243,0.5184
PRT,COL,2019,energy,0.013746,0.5184
PRT,DEU,2019,energy,0.002121,0.5184
PRT,DNK,2019,energy,0.000142,0.5184
PRT,ESP,2019,energy,0.157319,0.5184
PRT,FIN,2019,energy,0.001152,0.5184
PRT,FRA,2019,energy,0.006852,0.5184
PRT,GBR,2019,energy,0.018987,0.5184
PRT,HKG,2019,energy,4e-06,0.5184
PRT,HUN,2019,energy,0.0,0.5184
PRT,IND,2019,energy,0.012362,0.5184
PRT,ISR,2019,energy,7.9e-05,0.5184
PRT,ITA,2019,energy,0.000568,0.5184
PRT,JPN,2019,energy,2.9e-05,0.5184
PRT,KOR,2019,energy,0.004047,0.5184
PRT,MEX,2019,energy,1.8e-05,0.5184
PRT,MYS,2019,energy,0.000109,0.5184
PRT,NLD,2019,energy,0.012386,0.5184
PRT,NOR,2019,energy,0.015193,0.5184
PRT,POL,2019,energy,0.000295,0.5184
PRT,RUS,2019,energy,0.087709,0.5184
PRT,SAU,2019,energy,0.0637,0.5184
PRT,SWE,2019,energy,0.004903,0.5184
PRT,TUN,2019,energy,0.0,0.5184
PRT,TUR,2019,energy,0.001747,0.5184
PRT,UKR,2019,energy,0.0,0.5184
PRT,USA,2019,energy,0.050724,0.5184
PRT,ZAF,2019,energy,0.000127,0.5184
PRT,TWN,2019,energy,5e-06,0.5184
PRT,ARG,2019,crm,7.5e-05,0.9463
PRT,AUS,2019,crm,0.0,0.9463
PRT,BEL,2019,crm,0.032134,0.9463
PRT,BRA,2019,crm,0.00535,0.9463
PRT,CAN,2019,crm,5.5e-05,0.9463
PRT,CHE,2019,crm,0.001131,0.9463
PRT,CHL,2019,crm,0.000305,0.9463
PRT,CHN,2019,crm,0.017796,0.9463
PRT,DEU,2019,crm,0.084755,0.9463
PRT,DNK,2019,crm,0.009207,0.9463
PRT,EGY,2019,crm,0.000158,0.9463
PRT,ESP,2019,crm,0.501645,0.9463
PRT,FIN,2019,crm,0.013157,0.9463
PRT,FRA,2019,crm,0.060039,0.9463
PRT,GBR,2019,crm,0.061537,0.9463
PRT,HKG,2019,crm,0.000502,0.9463
PRT,HUN,2019,crm,0.000748,0.9463
PRT,IDN,2019,crm,0.000153,0.9463
PRT,IND,2019,crm,0.001688,0.9463
PRT,ISR,2019,crm,0.001343,0.9463
PRT,ITA,2019,crm,0.057321,0.9463
PRT,JPN,2019,crm,0.001386,0.9463
PRT,KOR,2019,crm,0.003753,0.9463
PRT,MEX,2019,crm,9.9e-05,0.9463
PRT,MYS,2019,crm,0.000279,0.9463
PRT,NLD,2019,crm,0.028852,0.9463
PRT,NOR,2019,crm,0.007505,0.9463
PRT,PER,2019,crm,0.009127,0.9463
PRT,POL,2019,crm,0.002428,0.9463
PRT,RUS,2019,crm,0.008005,0.9463
PRT,SAU,2019,crm,0.0,0.9463
PRT,SWE,2019,crm,0.014429,0.9463
PRT,THA,2019,crm,9e-06,0.9463
PRT,TUN,2019,crm,0.00039,0.9463
PRT,TUR,2019,crm,0.010811,0.9463
PRT,UKR,2019,crm,0.000735,0.9463
PRT,USA,2019,crm,0.009299,0.9463
PRT,ZAF,2019,crm,9.9e-05,0.9463
PRT,TWN,2019,crm,4.5e-05,0.9463
PRT,AUS,2021,energy,4e-06,0.7237
PRT,BEL,2021,energy,0.013869,0.7237
PRT,BRA,2021,energy,0.164154,0.7237
PRT,CAN,2021,energy,8e-06,0.7237
PRT,CHE,2021,energy,3.4e-05,0.7237
PRT,CHN,2021,energy,0.003164,0.7237
PRT,COL,2021,energy,8.3e-05,0.7237
PRT,DEU,2021,energy,0.003133,0.7237
PRT,DNK,2021,energy,1.4e-05,0.7237
PRT,EGY,2021,energy,0.000211,0.7237
PRT,ESP,2021,energy,0.243703,0.7237
PRT,FIN,2021,energy,0.000817,0.7237
PRT,FRA,2021,energy,0.003195,0.7237
PRT,GBR,2021,energy,0.016372,0.7237
PRT,HKG,2021,energy,8e-06,0.7237
PRT,HUN,2021,energy,4e-06,0.7237
PRT,IDN,2021,energy,0.0,0.7237
PRT,IND,2021,energy,0.009568,0.7237
PRT,ISR,2021,energy,5e-05,0.7237
PRT,ITA,2021,energy,0.006411,0.7237
PRT,JPN,2021,energy,0.000168,0.7237
PRT,KOR,2021,energy,0.000323,0.7237
PRT,MEX,2021,energy,6.2e-05,0.7237
PRT,MYS,2021,energy,0.00282,0.7237
PRT,NLD,2021,energy,0.020213,0.7237
PRT,NOR,2021,energy,0.008519,0.7237
PRT,POL,2021,energy,0.000529,0.7237
PRT,RUS,2021,energy,0.076514,0.7237
PRT,SAU,2021,energy,0.009224,0.7237
PRT,SWE,2021,energy,0.002907,0.7237
PRT,TUN,2021,energy,0.000976,0.7237
PRT,TUR,2021,energy,0.00013,0.7237
PRT,UKR,2021,energy,7e-06,0.7237
PRT,USA,2021,energy,0.136388,0.7237
PRT,ZAF,2021,energy,7.7e-05,0.7237
PRT,TWN,2021,energy,1.4e-05,0.7237
PRT,ARG,2021,crm,2e-06,0.9421
PRT,AUS,2021,crm,4e-06,0.9421
PRT,BEL,2021,crm,0.02735,0.9421
PRT,BRA,2021,crm,0.002614,0.9421
PRT,CAN,2021,crm,4.3e-05,0.9421
PRT,CHE,2021,crm,0.000869,0.9421
PRT,CHL,2021,crm,0.0,0.9421
PRT,CHN,2021,crm,0.013152,0.9421
PRT,COL,2021,crm,1e-05,0.9421
PRT,DEU,2021,crm,0.064926,0.9421
PRT,DNK,2021,crm,0.000535,0.9421
PRT,EGY,2021,crm,0.001859,0.9421
PRT,ESP,2021,crm,0.569642,0.9421
PRT,FIN,2021,crm,0.004479,0.9421
PRT,FRA,2021,crm,0.068659,0.9421
PRT,GBR,2021,crm,0.04455,0.9421
PRT,HKG,2021,crm,0.00037,0.9421
PRT,HUN,2021,crm,0.000648,0.9421
PRT,IDN,2021,crm,5.9e-05,0.9421
PRT,IND,2021,crm,0.00219,0.9421
PRT,ISR,2021,crm,0.00155,0.9421
PRT,ITA,2021,crm,0.075656,0.9421
PRT,JPN,2021,crm,0.000924,0.9421
PRT,KOR,2021,crm,0.000384,0.9421
PRT,MEX,2021,crm,0.00183,0.9421
PRT,MYS,2021,crm,0.000251,0.9421
PRT,NLD,2021,crm,0.017278,0.9421
PRT,NOR,2021,crm,0.000557,0.9421
PRT,PER,2021,crm,0.000412,0.9421
PRT,PHL,2021,crm,3e-06,0.9421
PRT,POL,2021,crm,0.004923,0.9421
PRT,RUS,2021,crm,0.010732,0.9421
PRT,SAU,2021,crm,0.0,0.9421
PRT,SWE,2021,crm,0.005369,0.9421
PRT,THA,2021,crm,4e-06,0.9421
PRT,TUN,2021,crm,0.001021,0.9421
PRT,TUR,2021,crm,0.012758,0.9421
PRT,UKR,2021,crm,0.000393,0.9421
PRT,USA,2021,crm,0.003222,0.9421
PRT,VEN,2021,crm,0.002282,0.9421
PRT,VNM,2021,crm,0.000331,0.9421
PRT,ZAF,2021,crm,0.000195,0.9421
PRT,TWN,2021,crm,9.3e-05,0.9421
PRT,AUS,2023,energy,3.2e-05,0.7033
PRT,BEL,2023,energy,0.00701,0.7033
PRT,BRA,2023,energy,0.187659,0.7033
PRT,CAN,2023,energy,1e-05,0.7033
PRT,CHE,2023,energy,1e-05,0.7033
PRT,CHN,2023,energy,0.018154,0.7033
PRT,COL,2023,energy,0.0,0.7033
PRT,DEU,2023,energy,0.00202,0.7033
PRT,DNK,2023,energy,0.001626,0.7033
PRT,EGY,2023,energy,1e-06,0.7033
PRT,ESP,2023,energy,0.260841,0.7033
PRT,FIN,2023,energy,1.2e-05,0.7033
PRT,FRA,2023,energy,0.001625,0.7033
PRT,GBR,2023,energy,0.00153,0.7033
PRT,HKG,2023,energy,6.3e-05,0.7033
PRT,HUN,2023,energy,0.0,0.7033
PRT,IND,2023,energy,0.015288,0.7033
PRT,ISR,2023,energy,0.000471,0.7033
PRT,ITA,2023,energy,0.004438,0.7033
PRT,JPN,2023,energy,8e-06,0.7033
PRT,KOR,2023,energy,0.007187,0.7033
PRT,MEX,2023,energy,6.3e-05,0.7033
PRT,MYS,2023,energy,2e-06,0.7033
PRT,NLD,2023,energy,0.027876,0.7033
PRT,NOR,2023,energy,0.015542,0.7033
PRT,POL,2023,energy,0.000745,0.7033
PRT,RUS,2023,energy,0.015649,0.7033
PRT,SAU,2023,energy,0.027353,0.7033
PRT,SWE,2023,energy,0.004406,0.7033
PRT,TUN,2023,energy,0.0,0.7033
PRT,TUR,2023,energy,0.000425,0.7033
PRT,UKR,2023,energy,0.0,0.7033
PRT,USA,2023,energy,0.103181,0.7033
PRT,ZAF,2023,energy,2.9e-05,0.7033
PRT,TWN,2023,energy,3e-06,0.7033
PRT,ARG,2023,crm,8e-06,0.9498
PRT,AUS,2023,crm,0.000383,0.9498
PRT,BEL,2023,crm,0.042146,0.9498
PRT,BRA,2023,crm,0.00392,0.9498
PRT,CAN,2023,crm,3.1e-05,0.9498
PRT,CHE,2023,crm,0.000707,0.9498
PRT,CHL,2023,crm,7e-06,0.9498
PRT,CHN,2023,crm,0.011656,0.9498
PRT,COL,2023,crm,0.0,0.9498
PRT,DEU,2023,crm,0.073008,0.9498
PRT,DNK,2023,crm,0.003455,0.9498
PRT,EGY,2023,crm,0.002162,0.9498
PRT,ESP,2023,crm,0.513094,0.9498
PRT,FIN,2023,crm,0.003702,0.9498
PRT,FRA,2023,crm,0.061514,0.9498
PRT,GBR,2023,crm,0.07503,0.9498
PRT,HKG,2023,crm,0.000158,0.9498
PRT,HUN,2023,crm,0.001448,0.9498
PRT,IDN,2023,crm,0.000462,0.9498
PRT,IND,2023,crm,0.001903,0.9498
PRT,ISR,2023,crm,0.00065,0.9498
PRT,ITA,2023,crm,0.076715,0.9498
PRT,JPN,2023,crm,0.000194,0.9498
PRT,KOR,2023,crm,0.001062,0.9498
PRT,MEX,2023,crm,0.004567,0.9498
PRT,MYS,2023,crm,0.002533,0.9498
PRT,NLD,2023,crm,0.018419,0.9498
PRT,NOR,2023,crm,0.005563,0.9498
PRT,PER,2023,crm,0.000682,0.9498
PRT,POL,2023,crm,0.007456,0.9498
PRT,RUS,2023,crm,0.000126,0.9498
PRT,SAU,2023,crm,1e-06,0.9498
PRT,SWE,2023,crm,0.010413,0.9498
PRT,THA,2023,crm,1e-06,0.9498
PRT,TUN,2023,crm,0.001367,0.9498
PRT,TUR,2023,crm,0.016656,0.9498
PRT,UKR,2023,crm,0.000171,0.9498
PRT,USA,2023,crm,0.007793,0.9498
PRT,VEN,2023,crm,0.0,0.9498
PRT,VNM,2023,crm,0.00028,0.9498
PRT,ZAF,2023,crm,0.00027,0.9498
PRT,TWN,2023,crm,0.000129,0.9498
RUS,ARG,2019,energy,0.0,0.6672
RUS,AUS,2019,energy,2.1e-05,0.6672
RUS,BEL,2019,energy,0.066247,0.6672
RUS,BRA,2019,energy,6e-06,0.6672
RUS,CAN,2019,energy,0.005234,0.6672
RUS,CHE,2019,energy,0.000872,0.6672
RUS,CHN,2019,energy,0.085124,0.6672
RUS,COL,2019,energy,0.003704,0.6672
RUS,DEU,2019,energy,0.069395,0.6672
RUS,DNK,2019,energy,0.000119,0.6672
RUS,EGY,2019,energy,0.000662,0.6672
RUS,ESP,2019,energy,0.008617,0.6672
RUS,FIN,2019,energy,0.091866,0.6672
RUS,FRA,2019,energy,0.018613,0.6672
RUS,GBR,2019,energy,0.008103,0.6672
RUS,HKG,2019,energy,0.008731,0.6672
RUS,HUN,2019,energy,0.001926,0.6672
RUS,IDN,2019,energy,7.1e-05,0.6672
RUS,IND,2019,energy,0.002991,0.6672
RUS,ISR,2019,energy,0.000663,0.6672
RUS,ITA,2019,energy,0.009763,0.6672
RUS,JPN,2019,energy,0.063573,0.6672
RUS,KOR,2019,energy,0.045195,0.6672
RUS,MYS,2019,energy,0.003301,0.6672
RUS,NLD,2019,energy,0.025754,0.6672
RUS,NOR,2019,energy,0.000194,0.6672
RUS,POL,2019,energy,0.016635,0.6672
RUS,PRT,2019,energy,2.9e-05,0.6672
RUS,SWE,2019,energy,0.005822,0.6672
RUS,THA,2019,energy,0.005024,0.6672
RUS,TUR,2019,energy,0.005495,0.6672
RUS,UKR,2019,energy,0.08679,0.6672
RUS,USA,2019,energy,0.025405,0.6672
RUS,VNM,2019,energy,0.001027,0.6672
RUS,ZAF,2019,energy,0.000161,0.6672
RUS,TWN,2019,energy,4.9e-05,0.6672
RUS,ARG,2019,crm,5.7e-05,0.528
RUS,AUS,2019,crm,0.066855,0.528
RUS,BEL,2019,crm,0.002029,0.528
RUS,BRA,2019,crm,0.029494,0.528
RUS,CAN,2019,crm,0.000731,0.528
RUS,CHE,2019,crm,0.004972,0.528
RUS,CHL,2019,crm,0.015748,0.528
RUS,CHN,2019,crm,0.070624,0.528
RUS,COL,2019,crm,6.4e-05,0.528
RUS,DEU,2019,crm,0.037294,0.528
RUS,DNK,2019,crm,0.000446,0.528
RUS,EGY,2019,crm,0.00015,0.528
RUS,ESP,2019,crm,0.004828,0.528
RUS,FIN,2019,crm,0.008714,0.528
RUS,FRA,2019,crm,0.002523,0.528
RUS,GBR,2019,crm,0.010468,0.528
RUS,HKG,2019,crm,0.00021,0.528
RUS,HUN,2019,crm,0.000273,0.528
RUS,IDN,2019,crm,0.002386,0.528
RUS,IND,2019,crm,0.002836,0.528
RUS,ISR,2019,crm,0.001014,0.528
RUS,ITA,2019,crm,0.011881,0.528
RUS,JPN,2019,crm,0.001757,0.528
RUS,KOR,2019,crm,0.001576,0.528
RUS,MEX,2019,crm,0.013891,0.528
RUS,MYS,2019,crm,0.012732,0.528
RUS,NLD,2019,crm,0.016957,0.528
RUS,NOR,2019,crm,0.003085,0.528
RUS,PER,2019,crm,0.012703,0.528
RUS,PHL,2019,crm,1e-06,0.528
RUS,POL,2019,crm,0.004131,0.528
RUS,PRT,2019,crm,7.6e-05,0.528
RUS,SAU,2019,crm,0.000208,0.528
RUS,SWE,2019,crm,0.001991,0.528
RUS,THA,2019,crm,0.000285,0.528
RUS,TUN,2019,crm,1e-05,0.528
RUS,TUR,2019,crm,0.016219,0.528
RUS,UKR,2019,crm,0.122071,0.528
RUS,USA,2019,crm,0.015,0.528
RUS,VEN,2019,crm,1.8e-05,0.528
RUS,VNM,2019,crm,0.001642,0.528
RUS,ZAF,2019,crm,0.029752,0.528
RUS,TWN,2019,crm,0.000295,0.528
RUS,AUS,2021,energy,6.3e-05,0.6772
RUS,BEL,2021,energy,0.052009,0.6772
RUS,BRA,2021,energy,9.1e-05,0.6772
RUS,CAN,2021,energy,0.006385,0.6772
RUS,CHE,2021,energy,0.002873,0.6772
RUS,CHN,2021,energy,0.018492,0.6772
RUS,COL,2021,energy,0.002222,0.6772
RUS,DEU,2021,energy,0.076864,0.6772
RUS,DNK,2021,energy,0.000149,0.6772
RUS,EGY,2021,energy,0.000588,0.6772
RUS,ESP,2021,energy,0.01076,0.6772
RUS,FIN,2021,energy,0.089658,0.6772
RUS,FRA,2021,energy,0.018075,0.6772
RUS,GBR,2021,energy,0.020529,0.6772
RUS,HKG,2021,energy,0.062905,0.6772
RUS,HUN,2021,energy,0.001952,0.6772
RUS,IDN,2021,energy,0.000777,0.6772
RUS,IND,2021,energy,0.003333,0.6772
RUS,ISR,2021,energy,0.000532,0.6772
RUS,ITA,2021,energy,0.009236,0.6772
RUS,JPN,2021,energy,0.029941,0.6772
RUS,KOR,2021,energy,0.089454,0.6772
RUS,MYS,2021,energy,0.001441,0.6772
RUS,NLD,2021,energy,0.048883,0.6772
RUS,PHL,2021,energy,2e-06,0.6772
RUS,POL,2021,energy,0.021826,0.6772
RUS,PRT,2021,energy,2.2e-05,0.6772
RUS,SWE,2021,energy,0.007107,0.6772
RUS,THA,2021,energy,0.004961,0.6772
RUS,TUR,2021,energy,0.007667,0.6772
RUS,UKR,2021,energy,0.065555,0.6772
RUS,USA,2021,energy,0.022429,0.6772
RUS,ZAF,2021,energy,0.000188,0.6772
RUS,TWN,2021,energy,0.000189,0.6772
RUS,ARG,2021,crm,3.1e-05,0.4827
RUS,AUS,2021,crm,0.066794,0.4827
RUS,BEL,2021,crm,0.002107,0.4827
RUS,BRA,2021,crm,0.006058,0.4827
RUS,CAN,2021,crm,0.000874,0.4827
RUS,CHE,2021,crm,0.000365,0.4827
RUS,CHL,2021,crm,0.018279,0.4827
RUS,CHN,2021,crm,0.073472,0.4827
RUS,COL,2021,crm,0.000118,0.4827
RUS,DEU,2021,crm,0.026306,0.4827
RUS,DNK,2021,crm,0.000437,0.4827
RUS,EGY,2021,crm,6.1e-05,0.4827
RUS,ESP,2021,crm,0.002364,0.4827
RUS,FIN,2021,crm,0.056549,0.4827
RUS,FRA,2021,crm,0.00403,0.4827
RUS,GBR,2021,crm,0.008227,0.4827
RUS,HKG,2021,crm,0.000611,0.4827
RUS,HUN,2021,crm,0.000577,0.4827
RUS,IDN,2021,crm,0.001431,0.4827
RUS,IND,2021,crm,0.001046,0.4827
RUS,ISR,2021,crm,0.000565,0.4827
RUS,ITA,2021,crm,0.014445,0.4827
RUS,JPN,2021,crm,0.001944,0.4827
RUS,KOR,2021,crm,0.001768,0.4827
RUS,MEX,2021,crm,0.004293,0.4827
RUS,MYS,2021,crm,0.000723,0.4827
RUS,NLD,2021,crm,0.011861,0.4827
RUS,NOR,2021,crm,0.002498,0.4827
RUS,PER,2021,crm,0.000373,0.4827
RUS,PHL,2021,crm,0.0,0.4827
RUS,POL,2021,crm,0.00277,0.4827
RUS,PRT,2021,crm,0.000177,0.4827
RUS,SAU,2021,crm,0.000473,0.4827
RUS,SWE,2021,crm,0.000614,0.4827
RUS,THA,2021,crm,8.5e-05,0.4827
RUS,TUN,2021,crm,1.5e-05,0.4827
RUS,TUR,2021,crm,0.011709,0.4827
RUS,UKR,2021,crm,0.102535,0.4827
RUS,USA,2021,crm,0.026075,0.4827
RUS,VNM,2021,crm,0.004998,0.4827
RUS,ZAF,2021,crm,0.024733,0.4827
RUS,TWN,2021,crm,0.000276,0.4827
SAU,AUS,2019,energy,4.3e-05,0.5026
SAU,BEL,2019,energy,0.003738,0.5026
SAU,BRA,2019,energy,6e-06,0.5026
SAU,CAN,2019,energy,0.000254,0.5026
SAU,CHE,2019,energy,0.000161,0.5026
SAU,CHN,2019,energy,0.018757,0.5026
SAU,COL,2019,energy,0.003462,0.5026
SAU,DEU,2019,energy,0.006596,0.5026
SAU,DNK,2019,energy,0.000628,0.5026
SAU,EGY,2019,energy,0.226488,0.5026
SAU,ESP,2019,energy,0.000894,0.5026
SAU,FIN,2019,energy,0.000127,0.5026
SAU,FRA,2019,energy,0.003087,0.5026
SAU,GBR,2019,energy,0.006232,0.5026
SAU,HKG,2019,energy,5e-06,0.5026
SAU,HUN,2019,energy,5e-06,0.5026
SAU,IDN,2019,energy,0.001481,0.5026
SAU,IND,2019,energy,0.026992,0.5026
SAU,ITA,2019,energy,0.015647,0.5026
SAU,JPN,2019,energy,0.003507,0.5026
SAU,KOR,2019,energy,0.015478,0.5026
SAU,MEX,2019,energy,3e-06,0.5026
SAU,MYS,2019,energy,0.00056,0.5026
SAU,NLD,2019,energy,0.062398,0.5026
SAU,NOR,2019,energy,6e-06,0.5026
SAU,PHL,2019,energy,0.0,0.5026
SAU,POL,2019,energy,5.2e-05,0.5026
SAU,PRT,2019,energy,4.1e-05,0.5026
SAU,RUS,2019,energy,0.061491,0.5026
SAU,SWE,2019,energy,0.00058,0.5026
SAU,THA,2019,energy,0.000139,0.5026
SAU,TUR,2019,energy,0.015038,0.5026
SAU,USA,2019,energy,0.025752,0.5026
SAU,VNM,2019,energy,0.000208,0.5026
SAU,ZAF,2019,energy,0.00087,0.5026
SAU,TWN,2019,energy,0.001822,0.5026
SAU,ARG,2019,crm,1.6e-05,0.4585
SAU,AUS,2019,crm,0.021894,0.4585
SAU,BEL,2019,crm,0.006223,0.4585
SAU,BRA,2019,crm,0.00823,0.4585
SAU,CAN,2019,crm,0.006313,0.4585
SAU,CHE,2019,crm,0.015271,0.4585
SAU,CHL,2019,crm,0.000504,0.4585
SAU,CHN,2019,crm,0.089451,0.4585
SAU,COL,2019,crm,0.000998,0.4585
SAU,DEU,2019,crm,0.026239,0.4585
SAU,DNK,2019,crm,0.000404,0.4585
SAU,EGY,2019,crm,0.002143,0.4585
SAU,ESP,2019,crm,0.017016,0.4585
SAU,FIN,2019,crm,0.000782,0.4585
SAU,FRA,2019,crm,0.012047,0.4585
SAU,GBR,2019,crm,0.010384,0.4585
SAU,HKG,2019,crm,8.4e-05,0.4585
SAU,HUN,2019,crm,3.1e-05,0.4585
SAU,IDN,2019,crm,0.002167,0.4585
SAU,IND,2019,crm,0.036828,0.4585
SAU,ITA,2019,crm,0.007258,0.4585
SAU,JPN,2019,crm,0.004585,0.4585
SAU,KOR,2019,crm,0.027848,0.4585
SAU,MEX,2019,crm,0.00533,0.4585
SAU,MYS,2019,crm,0.00639,0.4585
SAU,NLD,2019,crm,0.004365,0.4585
SAU,NOR,2019,crm,0.001291,0.4585
SAU,PER,2019,crm,8.7e-05,0.4585
SAU,PHL,2019,crm,7e-06,0.4585
SAU,POL,2019,crm,0.000153,0.4585
SAU,PRT,2019,crm,0.000768,0.4585
SAU,RUS,2019,crm,0.033378,0.4585
SAU,SWE,2019,crm,0.000456,0.4585
SAU,THA,2019,crm,0.002898,0.4585
SAU,TUN,2019,crm,0.000874,0.4585
SAU,TUR,2019,crm,0.010349,0.4585
SAU,UKR,2019,crm,0.000625,0.4585
SAU,USA,2019,crm,0.067358,0.4585
SAU,VNM,2019,crm,0.001417,0.4585
SAU,ZAF,2019,crm,0.023783,0.4585
SAU,TWN,2019,crm,0.00223,0.4585
SAU,AUS,2021,energy,0.000163,0.6249
SAU,BEL,2021,energy,0.002784,0.6249
SAU,BRA,2021,energy,0.001543,0.6249
SAU,CAN,2021,energy,0.000134,0.6249
SAU,CHE,2021,energy,5.5e-05,0.6249
SAU,CHN,2021,energy,0.019971,0.6249
SAU,COL,2021,energy,0.002737,0.6249
SAU,DEU,2021,energy,0.002244,0.6249
SAU,DNK,2021,energy,0.000336,0.6249
SAU,EGY,2021,energy,0.296506,0.6249
SAU,ESP,2021,energy,0.000313,0.6249
SAU,FIN,2021,energy,8.1e-05,0.6249
SAU,FRA,2021,energy,0.007767,0.6249
SAU,GBR,2021,energy,0.001316,0.6249
SAU,HKG,2021,energy,2e-06,0.6249
SAU,HUN,2021,energy,0.0,0.6249
SAU,IDN,2021,energy,0.00086,0.6249
SAU,IND,2021,energy,0.15133,0.6249
SAU,ITA,2021,energy,0.010432,0.6249
SAU,JPN,2021,energy,0.001743,0.6249
SAU,KOR,2021,energy,0.013071,0.6249
SAU,MEX,2021,energy,2e-06,0.6249
SAU,MYS,2021,energy,0.013546,0.6249
SAU,NLD,2021,energy,0.063088,0.6249
SAU,NOR,2021,energy,2e-06,0.6249
SAU,PHL,2021,energy,0.0,0.6249
SAU,POL,2021,energy,0.000416,0.6249
SAU,RUS,2021,energy,0.019143,0.6249
SAU,SWE,2021,energy,0.00015,0.6249
SAU,THA,2021,energy,0.000187,0.6249
SAU,TUR,2021,energy,3.8e-05,0.6249
SAU,USA,2021,energy,0.013638,0.6249
SAU,VNM,2021,energy,0.000371,0.6249
SAU,ZAF,2021,energy,0.000428,0.6249
SAU,TWN,2021,energy,0.000456,0.6249
SAU,AUS,2021,crm,0.023654,0.4771
SAU,BEL,2021,crm,0.007583,0.4771
SAU,BRA,2021,crm,0.001088,0.4771
SAU,CAN,2021,crm,0.000788,0.4771
SAU,CHE,2021,crm,0.001881,0.4771
SAU,CHL,2021,crm,0.000841,0.4771
SAU,CHN,2021,crm,0.092294,0.4771
SAU,COL,2021,crm,0.000348,0.4771
SAU,DEU,2021,crm,0.016074,0.4771
SAU,DNK,2021,crm,7.5e-05,0.4771
SAU,EGY,2021,crm,0.033403,0.4771
SAU,ESP,2021,crm,0.018918,0.4771
SAU,FIN,2021,crm,0.000232,0.4771
SAU,FRA,2021,crm,0.010871,0.4771
SAU,GBR,2021,crm,0.006278,0.4771
SAU,HKG,2021,crm,0.000207,0.4771
SAU,HUN,2021,crm,9.2e-05,0.4771
SAU,IDN,2021,crm,0.000234,0.4771
SAU,IND,2021,crm,0.03554,0.4771
SAU,ITA,2021,crm,0.0063,0.4771
SAU,JPN,2021,crm,0.001397,0.4771
SAU,KOR,2021,crm,0.01524,0.4771
SAU,MEX,2021,crm,0.002049,0.4771
SAU,MYS,2021,crm,0.008105,0.4771
SAU,NLD,2021,crm,0.002187,0.4771
SAU,NOR,2021,crm,0.000267,0.4771
SAU,PER,2021,crm,0.000196,0.4771
SAU,PHL,2021,crm,4.6e-05,0.4771
SAU,POL,2021,crm,0.000332,0.4771
SAU,PRT,2021,crm,0.000273,0.4771
SAU,RUS,2021,crm,0.088737,0.4771
SAU,SWE,2021,crm,5e-05,0.4771
SAU,THA,2021,crm,0.000305,0.4771
SAU,TUN,2021,crm,0.000331,0.4771
SAU,TUR,2021,crm,0.000403,0.4771
SAU,UKR,2021,crm,0.001622,0.4771
SAU,USA,2021,crm,0.07363,0.4771
SAU,VNM,2021,crm,0.000271,0.4771
SAU,ZAF,2021,crm,0.024263,0.4771
SAU,TWN,2021,crm,0.000731,0.4771
SAU,AUS,2023,energy,0.000109,0.4676
SAU,BEL,2023,energy,0.013064,0.4676
SAU,BRA,2023,energy,6.1e-05,0.4676
SAU,CAN,2023,energy,6.9e-05,0.4676
SAU,CHE,2023,energy,5.4e-05,0.4676
SAU,CHN,2023,energy,0.012599,0.4676
SAU,COL,2023,energy,0.000721,0.4676
SAU,DEU,2023,energy,0.001801,0.4676
SAU,DNK,2023,energy,0.00171,0.4676
SAU,EGY,2023,energy,0.178327,0.4676
SAU,ESP,2023,energy,0.00159,0.4676
SAU,FIN,2023,energy,8e-06,0.4676
SAU,FRA,2023,energy,0.001002,0.4676
SAU,GBR,2023,energy,0.000736,0.4676
SAU,HKG,2023,energy,1e-06,0.4676
SAU,HUN,2023,energy,2e-06,0.4676
SAU,IDN,2023,energy,0.000382,0.4676
SAU,IND,2023,energy,0.025058,0.4676
SAU,ITA,2023,energy,0.001412,0.4676
SAU,JPN,2023,energy,0.000738,0.4676
SAU,KOR,2023,energy,0.008182,0.4676
SAU,MEX,2023,energy,1e-06,0.4676
SAU,MYS,2023,energy,0.0152,0.4676
SAU,NLD,2023,energy,0.037058,0.4676
SAU,NOR,2023,energy,2e-06,0.4676
SAU,PHL,2023,energy,2e-06,0.4676
SAU,POL,2023,energy,0.000306,0.4676
SAU,PRT,2023,energy,0.001577,0.4676
SAU,RUS,2023,energy,0.141619,0.4676
SAU,SWE,2023,energy,0.000133,0.4676
SAU,THA,2023,energy,0.000839,0.4676
SAU,TUN,2023,energy,0.0,0.4676
SAU,TUR,2023,energy,0.002034,0.4676
SAU,USA,2023,energy,0.005375,0.4676
SAU,VEN,2023,energy,0.0,0.4676
SAU,VNM,2023,energy,0.014377,0.4676
SAU,ZAF,2023,energy,0.001097,0.4676
SAU,TWN,2023,energy,0.000347,0.4676
SAU,ARG,2023,crm,4.1e-05,0.5913
SAU,AUS,2023,crm,0.014459,0.5913
SAU,BEL,2023,crm,0.012663,0.5913
SAU,BRA,2023,crm,0.001584,0.5913
SAU,CAN,2023,crm,0.000996,0.5913
SAU,CHE,2023,crm,0.001816,0.5913
SAU,CHL,2023,crm,0.000334,0.5913
SAU,CHN,2023,crm,0.097044,0.5913
SAU,COL,2023,crm,8.9e-05,0.5913
SAU,DEU,2023,crm,0.007463,0.5913
SAU,DNK,2023,crm,0.00011,0.5913
SAU,EGY,2023,crm,0.055376,0.5913
SAU,ESP,2023,crm,0.01001,0.5913
SAU,FIN,2023,crm,0.0001,0.5913
SAU,FRA,2023,crm,0.007627,0.5913
SAU,GBR,2023,crm,0.007987,0.5913
SAU,HKG,2023,crm,3e-05,0.5913
SAU,HUN,2023,crm,0.000332,0.5913
SAU,IDN,2023,crm,0.001381,0.5913
SAU,IND,2023,crm,0.207308,0.5913
SAU,ITA,2023,crm,0.006818,0.5913
SAU,JPN,2023,crm,0.00397,0.5913
SAU,KOR,2023,crm,0.01517,0.5913
SAU,MEX,2023,crm,0.002007,0.5913
SAU,MYS,2023,crm,0.016135,0.5913
SAU,NLD,2023,crm,0.001672,0.5913
SAU,NOR,2023,crm,0.000325,0.5913
SAU,PER,2023,crm,0.000303,0.5913
SAU,PHL,2023,crm,0.0,0.5913
SAU,POL,2023,crm,0.000237,0.5913
SAU,PRT,2023,crm,0.000187,0.5913
SAU,RUS,2023,crm,0.002238,0.5913
SAU,SWE,2023,crm,0.021314,0.5913
SAU,THA,2023,crm,0.001128,0.5913
SAU,TUN,2023,crm,0.000126,0.5913
SAU,TUR,2023,crm,0.012217,0.5913
SAU,UKR,2023,crm,0.000218,0.5913
SAU,USA,2023,crm,0.031903,0.5913
SAU,VNM,2023,crm,0.038772,0.5913
SAU,ZAF,2023,crm,0.009306,0.5913
SAU,TWN,2023,crm,0.000471,0.5913
SWE,AUS,2019,energy,0.016313,0.8913
SWE,BEL,2019,energy,0.017242,0.8913
SWE,BRA,2019,energy,0.0,0.8913
SWE,CAN,2019,energy,0.000641,0.8913
SWE,CHE,2019,energy,0.000637,0.8913
SWE,CHL,2019,energy,0.0,0.8913
SWE,CHN,2019,energy,0.002718,0.8913
SWE,COL,2019,energy,0.001091,0.8913
SWE,DEU,2019,energy,0.017097,0.8913
SWE,DNK,2019,energy,0.082696,0.8913
SWE,EGY,2019,energy,0.0,0.8913
SWE,ESP,2019,energy,0.001478,0.8913
SWE,FIN,2019,energy,0.123667,0.8913
SWE,FRA,2019,energy,0.006408,0.8913
SWE,GBR,2019,energy,0.063371,0.8913
SWE,HKG,2019,energy,1e-06,0.8913
SWE,HUN,2019,energy,1.2e-05,0.8913
SWE,IND,2019,energy,2e-06,0.8913
SWE,ISR,2019,energy,0.0,0.8913
SWE,ITA,2019,energy,0.003035,0.8913
SWE,JPN,2019,energy,0.002114,0.8913
SWE,KOR,2019,energy,0.000113,0.8913
SWE,MEX,2019,energy,0.0,0.8913
SWE,MYS,2019,energy,0.0,0.8913
SWE,NLD,2019,energy,0.072755,0.8913
SWE,NOR,2019,energy,0.231152,0.8913
SWE,PER,2019,energy,0.0,0.8913
SWE,POL,2019,energy,0.00915,0.8913
SWE,PRT,2019,energy,0.000465,0.8913
SWE,RUS,2019,energy,0.192276,0.8913
SWE,SAU,2019,energy,0.001665,0.8913
SWE,THA,2019,energy,0.0,0.8913
SWE,TUN,2019,energy,0.002408,0.8913
SWE,TUR,2019,energy,1.1e-05,0.8913
SWE,UKR,2019,energy,1.8e-05,0.8913
SWE,USA,2019,energy,0.021297,0.8913
SWE,VEN,2019,energy,0.021013,0.8913
SWE,VNM,2019,energy,0.0,0.8913
SWE,ZAF,2019,energy,0.000425,0.8913
SWE,TWN,2019,energy,0.0,0.8913
SWE,ARG,2019,crm,0.0,0.9372
SWE,AUS,2019,crm,0.010365,0.9372
SWE,BEL,2019,crm,0.018624,0.9372
SWE,BRA,2019,crm,0.02584,0.9372
SWE,CAN,2019,crm,0.034158,0.9372
SWE,CHE,2019,crm,0.008787,0.9372
SWE,CHL,2019,crm,0.009178,0.9372
SWE,CHN,2019,crm,0.017926,0.9372
SWE,COL,2019,crm,9.8e-05,0.9372
SWE,DEU,2019,crm,0.161332,0.9372
SWE,DNK,2019,crm,0.054303,0.9372
SWE,EGY,2019,crm,0.000194,0.9372
SWE,ESP,2019,crm,0.010963,0.9372
SWE,FIN,2019,crm,0.103016,0.9372
SWE,FRA,2019,crm,0.019505,0.9372
SWE,GBR,2019,crm,0.052694,0.9372
SWE,HKG,2019,crm,0.000225,0.9372
SWE,HUN,2019,crm,0.002647,0.9372
SWE,IDN,2019,crm,0.000276,0.9372
SWE,IND,2019,crm,0.003628,0.9372
SWE,ISR,2019,crm,8.7e-05,0.9372
SWE,ITA,2019,crm,0.028357,0.9372
SWE,JPN,2019,crm,0.001204,0.9372
SWE,KOR,2019,crm,0.000524,0.9372
SWE,MEX,2019,crm,0.000463,0.9372
SWE,MYS,2019,crm,0.000415,0.9372
SWE,NLD,2019,crm,0.067586,0.9372
SWE,NOR,2019,crm,0.218593,0.9372
SWE,PER,2019,crm,0.006055,0.9372
SWE,PHL,2019,crm,5e-06,0.9372
SWE,POL,2019,crm,0.011409,0.9372
SWE,PRT,2019,crm,0.005666,0.9372
SWE,RUS,2019,crm,0.015617,0.9372
SWE,SAU,2019,crm,0.000399,0.9372
SWE,THA,2019,crm,7.8e-05,0.9372
SWE,TUN,2019,crm,0.000198,0.9372
SWE,TUR,2019,crm,0.009288,0.9372
SWE,UKR,2019,crm,0.000284,0.9372
SWE,USA,2019,crm,0.034147,0.9372
SWE,VNM,2019,crm,0.000247,0.9372
SWE,ZAF,2019,crm,0.002504,0.9372
SWE,TWN,2019,crm,0.000306,0.9372
SWE,ARG,2021,energy,0.0,0.9497
SWE,AUS,2021,energy,0.009436,0.9497
SWE,BEL,2021,energy,0.010702,0.9497
SWE,BRA,2021,energy,0.004129,0.9497
SWE,CAN,2021,energy,0.000244,0.9497
SWE,CHE,2021,energy,0.0006,0.9497
SWE,CHN,2021,energy,4.4e-05,0.9497
SWE,COL,2021,energy,0.00095,0.9497
SWE,DEU,2021,energy,0.029368,0.9497
SWE,DNK,2021,energy,0.089192,0.9497
SWE,EGY,2021,energy,0.0,0.9497
SWE,ESP,2021,energy,0.000377,0.9497
SWE,FIN,2021,energy,0.069379,0.9497
SWE,FRA,2021,energy,0.005389,0.9497
SWE,GBR,2021,energy,0.047779,0.9497
SWE,HKG,2021,energy,0.0,0.9497
SWE,HUN,2021,energy,8e-06,0.9497
SWE,IDN,2021,energy,0.0,0.9497
SWE,IND,2021,energy,4e-06,0.9497
SWE,ITA,2021,energy,0.010146,0.9497
SWE,JPN,2021,energy,0.001317,0.9497
SWE,KOR,2021,energy,0.000169,0.9497
SWE,MEX,2021,energy,0.0,0.9497
SWE,MYS,2021,energy,0.0,0.9497
SWE,NLD,2021,energy,0.09275,0.9497
SWE,NOR,2021,energy,0.426556,0.9497
SWE,PER,2021,energy,0.0,0.9497
SWE,POL,2021,energy,0.004625,0.9497
SWE,PRT,2021,energy,0.0,0.9497
SWE,RUS,2021,energy,0.086601,0.9497
SWE,THA,2021,energy,1e-06,0.9497
SWE,TUR,2021,energy,1.2e-05,0.9497
SWE,UKR,2021,energy,5e-06,0.9497
SWE,USA,2021,energy,0.059898,0.9497
SWE,VNM,2021,energy,0.0,0.9497
SWE,ZAF,2021,energy,3e-06,0.9497
SWE,TWN,2021,energy,0.0,0.9497
SWE,ARG,2021,crm,0.0,0.9495
SWE,AUS,2021,crm,0.002417,0.9495
SWE,BEL,2021,crm,0.015407,0.9495
SWE,BRA,2021,crm,0.050839,0.9495
SWE,CAN,2021,crm,0.039078,0.9495
SWE,CHE,2021,crm,0.007655,0.9495
SWE,CHL,2021,crm,0.008283,0.9495
SWE,CHN,2021,crm,0.010842,0.9495
SWE,COL,2021,crm,1.8e-05,0.9495
SWE,DEU,2021,crm,0.150461,0.9495
SWE,DNK,2021,crm,0.050928,0.9495
SWE,EGY,2021,crm,8.9e-05,0.9495
SWE,ESP,2021,crm,0.014595,0.9495
SWE,FIN,2021,crm,0.087673,0.9495
SWE,FRA,2021,crm,0.016216,0.9495
SWE,GBR,2021,crm,0.039001,0.9495
SWE,HKG,2021,crm,6e-05,0.9495
SWE,HUN,2021,crm,0.002109,0.9495
SWE,IDN,2021,crm,1.7e-05,0.9495
SWE,IND,2021,crm,0.002772,0.9495
SWE,ISR,2021,crm,0.000564,0.9495
SWE,ITA,2021,crm,0.023082,0.9495
SWE,JPN,2021,crm,0.000516,0.9495
SWE,KOR,2021,crm,0.00092,0.9495
SWE,MEX,2021,crm,0.000599,0.9495
SWE,MYS,2021,crm,3.8e-05,0.9495
SWE,NLD,2021,crm,0.056138,0.9495
SWE,NOR,2021,crm,0.278231,0.9495
SWE,PER,2021,crm,0.013203,0.9495
SWE,PHL,2021,crm,0.0,0.9495
SWE,POL,2021,crm,0.010669,0.9495
SWE,PRT,2021,crm,0.00847,0.9495
SWE,RUS,2021,crm,0.010435,0.9495
SWE,SAU,2021,crm,0.000163,0.9495
SWE,THA,2021,crm,8.5e-05,0.9495
SWE,TUR,2021,crm,0.024711,0.9495
SWE,UKR,2021,crm,0.000326,0.9495
SWE,USA,2021,crm,0.021081,0.9495
SWE,VEN,2021,crm,0.0,0.9495
SWE,VNM,2021,crm,0.000285,0.9495
SWE,ZAF,2021,crm,0.001085,0.9495
SWE,TWN,2021,crm,0.000478,0.9495
SWE,AUS,2023,energy,0.014236,0.908
SWE,BEL,2023,energy,0.017415,0.908
SWE,BRA,2023,energy,0.001505,0.908
SWE,CAN,2023,energy,0.000275,0.908
SWE,CHE,2023,energy,0.00053,0.908
SWE,CHN,2023,energy,0.006709,0.908
SWE,COL,2023,energy,0.000887,0.908
SWE,DEU,2023,energy,0.017441,0.908
SWE,DNK,2023,energy,0.072248,0.908
SWE,EGY,2023,energy,0.000102,0.908
SWE,ESP,2023,energy,0.00081,0.908
SWE,FIN,2023,energy,0.073237,0.908
SWE,FRA,2023,energy,0.00284,0.908
SWE,GBR,2023,energy,0.077897,0.908
SWE,HKG,2023,energy,0.0,0.908
SWE,HUN,2023,energy,7e-06,0.908
SWE,IND,2023,energy,0.004391,0.908
SWE,ISR,2023,energy,0.0,0.908
SWE,ITA,2023,energy,0.006449,0.908
SWE,JPN,2023,energy,6.3e-05,0.908
SWE,KOR,2023,energy,5.9e-05,0.908
SWE,MEX,2023,energy,0.0,0.908
SWE,MYS,2023,energy,0.0,0.908
SWE,NLD,2023,energy,0.111034,0.908
SWE,NOR,2023,energy,0.394581,0.908
SWE,PER,2023,energy,0.001228,0.908
SWE,PHL,2023,energy,0.0,0.908
SWE,POL,2023,energy,0.003135,0.908
SWE,RUS,2023,energy,0.001699,0.908
SWE,SAU,2023,energy,0.011907,0.908
SWE,THA,2023,energy,0.0,0.908
SWE,TUN,2023,energy,1e-06,0.908
SWE,TUR,2023,energy,0.000733,0.908
SWE,USA,2023,energy,0.086,0.908
SWE,VNM,2023,energy,3e-06,0.908
SWE,ZAF,2023,energy,0.000533,0.908
SWE,TWN,2023,energy,0.0,0.908
SWE,ARG,2023,crm,0.0,0.9261
SWE,AUS,2023,crm,0.059216,0.9261
SWE,BEL,2023,crm,0.017328,0.9261
SWE,BRA,2023,crm,0.059251,0.9261
SWE,CAN,2023,crm,0.023123,0.9261
SWE,CHE,2023,crm,0.007992,0.9261
SWE,CHL,2023,crm,0.01322,0.9261
SWE,CHN,2023,crm,0.008571,0.9261
SWE,DEU,2023,crm,0.150344,0.9261
SWE,DNK,2023,crm,0.046198,0.9261
SWE,EGY,2023,crm,0.000198,0.9261
SWE,ESP,2023,crm,0.004854,0.9261
SWE,FIN,2023,crm,0.096262,0.9261
SWE,FRA,2023,crm,0.014077,0.9261
SWE,GBR,2023,crm,0.038367,0.9261
SWE,HKG,2023,crm,3e-05,0.9261
SWE,HUN,2023,crm,0.00083,0.9261
SWE,IDN,2023,crm,3.5e-05,0.9261
SWE,IND,2023,crm,0.004698,0.9261
SWE,ISR,2023,crm,0.000704,0.9261
SWE,ITA,2023,crm,0.023407,0.9261
SWE,JPN,2023,crm,0.002134,0.9261
SWE,KOR,2023,crm,0.002728,0.9261
SWE,MEX,2023,crm,0.000415,0.9261
SWE,MYS,2023,crm,0.0026,0.9261
SWE,NLD,2023,crm,0.073885,0.9261
SWE,NOR,2023,crm,0.194749,0.9261
SWE,PER,2023,crm,0.004648,0.9261
SWE,PHL,2023,crm,0.0,0.9261
SWE,POL,2023,crm,0.014299,0.9261
SWE,PRT,2023,crm,0.019705,0.9261
SWE,RUS,2023,crm,0.000744,0.9261
SWE,SAU,2023,crm,0.00053,0.9261
SWE,THA,2023,crm,0.000337,0.9261
SWE,TUN,2023,crm,1.7e-05,0.9261
SWE,TUR,2023,crm,0.008038,0.9261
SWE,UKR,2023,crm,0.000678,0.9261
SWE,USA,2023,crm,0.030472,0.9261
SWE,VNM,2023,crm,0.000146,0.9261
SWE,ZAF,2023,crm,0.000867,0.9261
SWE,TWN,2023,crm,0.000403,0.9261
THA,ARG,2019,energy,1.2e-05,0.4799
THA,AUS,2019,energy,0.042886,0.4799
THA,BEL,2019,energy,0.000295,0.4799
THA,BRA,2019,energy,3.9e-05,0.4799
THA,CAN,2019,energy,3.5e-05,0.4799
THA,CHE,2019,energy,9.7e-05,0.4799
THA,CHN,2019,energy,0.026415,0.4799
THA,COL,2019,energy,0.000358,0.4799
THA,DEU,2019,energy,0.000942,0.4799
THA,DNK,2019,energy,5e-06,0.4799
THA,EGY,2019,energy,0.002409,0.4799
THA,ESP,2019,energy,0.00017,0.4799
THA,FIN,2019,energy,4e-06,0.4799
THA,FRA,2019,energy,0.000417,0.4799
THA,GBR,2019,energy,0.000178,0.4799
THA,HKG,2019,energy,0.000125,0.4799
THA,HUN,2019,energy,2e-06,0.4799
THA,IDN,2019,energy,0.054834,0.4799
THA,IND,2019,energy,0.002362,0.4799
THA,ISR,2019,energy,0.0,0.4799
THA,ITA,2019,energy,8.2e-05,0.4799
THA,JPN,2019,energy,0.008065,0.4799
THA,KOR,2019,energy,0.009909,0.4799
THA,MEX,2019,energy,0.0,0.4799
THA,MYS,2019,energy,0.079683,0.4799
THA,NLD,2019,energy,0.001566,0.4799
THA,NOR,2019,energy,0.0,0.4799
THA,PER,2019,energy,0.000948,0.4799
THA,PHL,2019,energy,0.004769,0.4799
THA,POL,2019,energy,5e-05,0.4799
THA,PRT,2019,energy,1e-06,0.4799
THA,RUS,2019,energy,0.031841,0.4799
THA,SAU,2019,energy,0.134277,0.4799
THA,SWE,2019,energy,0.000119,0.4799
THA,TUR,2019,energy,0.004124,0.4799
THA,UKR,2019,energy,2e-06,0.4799
THA,USA,2019,energy,0.063377,0.4799
THA,VNM,2019,energy,0.009054,0.4799
THA,ZAF,2019,energy,3.7e-05,0.4799
THA,TWN,2019,energy,0.000427,0.4799
THA,ARG,2019,crm,0.000134,0.8016
THA,AUS,2019,crm,0.073752,0.8016
THA,BEL,2019,crm,0.006648,0.8016
THA,BRA,2019,crm,0.002385,0.8016
THA,CAN,2019,crm,0.002183,0.8016
THA,CHE,2019,crm,0.001794,0.8016
THA,CHL,2019,crm,0.01975,0.8016
THA,CHN,2019,crm,0.212265,0.8016
THA,COL,2019,crm,0.000943,0.8016
THA,DEU,2019,crm,0.015271,0.8016
THA,DNK,2019,crm,0.000212,0.8016
THA,EGY,2019,crm,3.3e-05,0.8016
THA,ESP,2019,crm,0.005968,0.8016
THA,FIN,2019,crm,0.000736,0.8016
THA,FRA,2019,crm,0.002413,0.8016
THA,GBR,2019,crm,0.004331,0.8016
THA,HKG,2019,crm,0.005499,0.8016
THA,HUN,2019,crm,6e-06,0.8016
THA,IDN,2019,crm,0.027859,0.8016
THA,IND,2019,crm,0.027567,0.8016
THA,ISR,2019,crm,0.000109,0.8016
THA,ITA,2019,crm,0.002987,0.8016
THA,JPN,2019,crm,0.13636,0.8016
THA,KOR,2019,crm,0.062225,0.8016
THA,MEX,2019,crm,0.002778,0.8016
THA,MYS,2019,crm,0.035491,0.8016
THA,NLD,2019,crm,0.002987,0.8016
THA,NOR,2019,crm,0.000789,0.8016
THA,PER,2019,crm,0.009294,0.8016
THA,PHL,2019,crm,0.027894,0.8016
THA,POL,2019,crm,0.001589,0.8016
THA,PRT,2019,crm,0.000325,0.8016
THA,RUS,2019,crm,0.0085,0.8016
THA,SAU,2019,crm,0.013892,0.8016
THA,SWE,2019,crm,6e-05,0.8016
THA,TUN,2019,crm,4e-06,0.8016
THA,TUR,2019,crm,0.000951,0.8016
THA,UKR,2019,crm,0.000593,0.8016
THA,USA,2019,crm,0.023235,0.8016
THA,VEN,2019,crm,0.000421,0.8016
THA,VNM,2019,crm,0.007928,0.8016
THA,ZAF,2019,crm,0.020134,0.8016
THA,TWN,2019,crm,0.033337,0.8016
THA,ARG,2021,energy,1.2e-05,0.4258
THA,AUS,2021,energy,0.067183,0.4258
THA,BEL,2021,energy,0.000412,0.4258
THA,BRA,2021,energy,2.7e-05,0.4258
THA,CAN,2021,energy,3.8e-05,0.4258
THA,CHE,2021,energy,9.5e-05,0.4258
THA,CHL,2021,energy,0.0,0.4258
THA,CHN,2021,energy,0.008447,0.4258
THA,COL,2021,energy,6e-06,0.4258
THA,DEU,2021,energy,0.000986,0.4258
THA,DNK,2021,energy,6e-06,0.4258
THA,EGY,2021,energy,0.000833,0.4258
THA,ESP,2021,energy,0.000152,0.4258
THA,FIN,2021,energy,1.1e-05,0.4258
THA,FRA,2021,energy,0.001154,0.4258
THA,GBR,2021,energy,0.002001,0.4258
THA,HKG,2021,energy,9.1e-05,0.4258
THA,HUN,2021,energy,1e-06,0.4258
THA,IDN,2021,energy,0.065385,0.4258
THA,IND,2021,energy,0.000398,0.4258
THA,ISR,2021,energy,1e-06,0.4258
THA,ITA,2021,energy,0.000218,0.4258
THA,JPN,2021,energy,0.005765,0.4258
THA,KOR,2021,energy,0.010111,0.4258
THA,MEX,2021,energy,3e-06,0.4258
THA,MYS,2021,energy,0.047815,0.4258
THA,NLD,2021,energy,0.000286,0.4258
THA,NOR,2021,energy,0.0,0.4258
THA,PHL,2021,energy,0.004945,0.4258
THA,POL,2021,energy,1.5e-05,0.4258
THA,PRT,2021,energy,1e-06,0.4258
THA,RUS,2021,energy,0.021055,0.4258
THA,SAU,2021,energy,0.117112,0.4258
THA,SWE,2021,energy,5.8e-05,0.4258
THA,TUR,2021,energy,3e-06,0.4258
THA,UKR,2021,energy,0.0,0.4258
THA,USA,2021,energy,0.052463,0.4258
THA,VNM,2021,energy,0.015658,0.4258
THA,ZAF,2021,energy,0.002015,0.4258
THA,TWN,2021,energy,0.001052,0.4258
THA,ARG,2021,crm,0.000157,0.8291
THA,AUS,2021,crm,0.077079,0.8291
THA,BEL,2021,crm,0.012459,0.8291
THA,BRA,2021,crm,0.001237,0.8291
THA,CAN,2021,crm,0.004121,0.8291
THA,CHE,2021,crm,0.002163,0.8291
THA,CHL,2021,crm,0.021907,0.8291
THA,CHN,2021,crm,0.20354,0.8291
THA,COL,2021,crm,0.001308,0.8291
THA,DEU,2021,crm,0.01369,0.8291
THA,DNK,2021,crm,0.000243,0.8291
THA,EGY,2021,crm,5.7e-05,0.8291
THA,ESP,2021,crm,0.003218,0.8291
THA,FIN,2021,crm,0.000245,0.8291
THA,FRA,2021,crm,0.002166,0.8291
THA,GBR,2021,crm,0.005404,0.8291
THA,HKG,2021,crm,0.013,0.8291
THA,HUN,2021,crm,7.9e-05,0.8291
THA,IDN,2021,crm,0.035405,0.8291
THA,IND,2021,crm,0.030566,0.8291
THA,ISR,2021,crm,0.000172,0.8291
THA,ITA,2021,crm,0.00264,0.8291
THA,JPN,2021,crm,0.145603,0.8291
THA,KOR,2021,crm,0.046525,0.8291
THA,MEX,2021,crm,0.001759,0.8291
THA,MYS,2021,crm,0.024323,0.8291
THA,NLD,2021,crm,0.002926,0.8291
THA,NOR,2021,crm,0.00074,0.8291
THA,PER,2021,crm,0.003778,0.8291
THA,PHL,2021,crm,0.035956,0.8291
THA,POL,2021,crm,0.010562,0.8291
THA,PRT,2021,crm,0.000219,0.8291
THA,RUS,2021,crm,0.013223,0.8291
THA,SAU,2021,crm,0.00932,0.8291
THA,SWE,2021,crm,8.9e-05,0.8291
THA,TUN,2021,crm,6.6e-05,0.8291
THA,TUR,2021,crm,0.000666,0.8291
THA,UKR,2021,crm,0.000307,0.8291
THA,USA,2021,crm,0.026356,0.8291
THA,VEN,2021,crm,0.001518,0.8291
THA,VNM,2021,crm,0.02515,0.8291
THA,ZAF,2021,crm,0.016743,0.8291
THA,TWN,2021,crm,0.032411,0.8291
THA,ARG,2023,energy,8e-06,0.4397
THA,AUS,2023,energy,0.074285,0.4397
THA,BEL,2023,energy,8.1e-05,0.4397
THA,BRA,2023,energy,0.0096,0.4397
THA,CAN,2023,energy,0.00011,0.4397
THA,CHE,2023,energy,4.3e-05,0.4397
THA,CHL,2023,energy,0.0,0.4397
THA,CHN,2023,energy,0.0063,0.4397
THA,DEU,2023,energy,0.000694,0.4397
THA,DNK,2023,energy,6e-06,0.4397
THA,EGY,2023,energy,2e-06,0.4397
THA,ESP,2023,energy,0.000137,0.4397
THA,FIN,2023,energy,3e-06,0.4397
THA,FRA,2023,energy,0.000303,0.4397
THA,GBR,2023,energy,0.000167,0.4397
THA,HKG,2023,energy,8.1e-05,0.4397
THA,HUN,2023,energy,0.0,0.4397
THA,IDN,2023,energy,0.056684,0.4397
THA,IND,2023,energy,0.001575,0.4397
THA,ISR,2023,energy,1e-06,0.4397
THA,ITA,2023,energy,0.000101,0.4397
THA,JPN,2023,energy,0.003249,0.4397
THA,KOR,2023,energy,0.007229,0.4397
THA,MEX,2023,energy,3e-06,0.4397
THA,MYS,2023,energy,0.073807,0.4397
THA,NLD,2023,energy,0.000157,0.4397
THA,NOR,2023,energy,0.0,0.4397
THA,PER,2023,energy,0.0,0.4397
THA,PHL,2023,energy,0.002396,0.4397
THA,POL,2023,energy,4e-06,0.4397
THA,PRT,2023,energy,0.0,0.4397
THA,RUS,2023,energy,0.000679,0.4397
THA,SAU,2023,energy,0.096288,0.4397
THA,SWE,2023,energy,0.000135,0.4397
THA,TUN,2023,energy,0.000598,0.4397
THA,TUR,2023,energy,0.000685,0.4397
THA,USA,2023,energy,0.092091,0.4397
THA,VNM,2023,energy,0.011573,0.4397
THA,ZAF,2023,energy,0.000365,0.4397
THA,TWN,2023,energy,0.000239,0.4397
THA,ARG,2023,crm,1e-05,0.8488
THA,AUS,2023,crm,0.064293,0.8488
THA,BEL,2023,crm,0.003409,0.8488
THA,BRA,2023,crm,0.004554,0.8488
THA,CAN,2023,crm,0.005077,0.8488
THA,CHE,2023,crm,0.010419,0.8488
THA,CHL,2023,crm,0.039216,0.8488
THA,CHN,2023,crm,0.230048,0.8488
THA,COL,2023,crm,0.001198,0.8488
THA,DEU,2023,crm,0.015244,0.8488
THA,DNK,2023,crm,0.000153,0.8488
THA,EGY,2023,crm,6.1e-05,0.8488
THA,ESP,2023,crm,0.003933,0.8488
THA,FIN,2023,crm,0.000234,0.8488
THA,FRA,2023,crm,0.002436,0.8488
THA,GBR,2023,crm,0.006991,0.8488
THA,HKG,2023,crm,0.01172,0.8488
THA,HUN,2023,crm,9e-06,0.8488
THA,IDN,2023,crm,0.023602,0.8488
THA,IND,2023,crm,0.030738,0.8488
THA,ISR,2023,crm,0.00024,0.8488
THA,ITA,2023,crm,0.004406,0.8488
THA,JPN,2023,crm,0.145839,0.8488
THA,KOR,2023,crm,0.033002,0.8488
THA,MEX,2023,crm,0.002646,0.8488
THA,MYS,2023,crm,0.028392,0.8488
THA,NLD,2023,crm,0.002116,0.8488
THA,NOR,2023,crm,0.000803,0.8488
THA,PER,2023,crm,0.005897,0.8488
THA,PHL,2023,crm,0.049568,0.8488
THA,POL,2023,crm,0.006162,0.8488
THA,PRT,2023,crm,0.000282,0.8488
THA,RUS,2023,crm,0.01117,0.8488
THA,SAU,2023,crm,0.007885,0.8488
THA,SWE,2023,crm,0.000442,0.8488
THA,TUN,2023,crm,3.1e-05,0.8488
THA,TUR,2023,crm,0.00088,0.8488
THA,UKR,2023,crm,3.8e-05,0.8488
THA,USA,2023,crm,0.0374,0.8488
THA,VEN,2023,crm,0.000245,0.8488
THA,VNM,2023,crm,0.014921,0.8488
THA,ZAF,2023,crm,0.013616,0.8488
THA,TWN,2023,crm,0.029511,0.8488
TUN,AUS,2019,energy,2e-06,0.4784
TUN,BEL,2019,energy,0.001769,0.4784
TUN,BRA,2019,energy,1e-06,0.4784
TUN,CAN,2019,energy,3e-06,0.4784
TUN,CHE,2019,energy,1.6e-05,0.4784
TUN,CHN,2019,energy,0.00012,0.4784
TUN,COL,2019,energy,2e-06,0.4784
TUN,DEU,2019,energy,0.000894,0.4784
TUN,DNK,2019,energy,6e-06,0.4784
TUN,EGY,2019,energy,0.080947,0.4784
TUN,ESP,2019,energy,0.025683,0.4784
TUN,FIN,2019,energy,3.1e-05,0.4784
TUN,FRA,2019,energy,0.067951,0.4784
TUN,GBR,2019,energy,0.000512,0.4784
TUN,HKG,2019,energy,7e-06,0.4784
TUN,HUN,2019,energy,1e-06,0.4784
TUN,IDN,2019,energy,1e-06,0.4784
TUN,IND,2019,energy,0.000108,0.4784
TUN,ITA,2019,energy,0.170073,0.4784
TUN,JPN,2019,energy,2.5e-05,0.4784
TUN,KOR,2019,energy,0.000151,0.4784
TUN,MEX,2019,energy,0.0,0.4784
TUN,NLD,2019,energy,0.005476,0.4784
TUN,NOR,2019,energy,0.0,0.4784
TUN,POL,2019,energy,0.000225,0.4784
TUN,PRT,2019,energy,0.000137,0.4784
TUN,RUS,2019,energy,0.080913,0.4784
TUN,SAU,2019,energy,0.019983,0.4784
TUN,SWE,2019,energy,4.9e-05,0.4784
TUN,THA,2019,energy,2e-06,0.4784
TUN,TUR,2019,energy,0.011515,0.4784
TUN,UKR,2019,energy,0.0,0.4784
TUN,USA,2019,energy,0.011765,0.4784
TUN,ZAF,2019,energy,0.0,0.4784
TUN,TWN,2019,energy,1e-06,0.4784
TUN,AUS,2019,crm,0.000202,0.8006
TUN,BEL,2019,crm,0.017258,0.8006
TUN,BRA,2019,crm,0.000586,0.8006
TUN,CAN,2019,crm,0.003232,0.8006
TUN,CHE,2019,crm,0.000364,0.8006
TUN,CHN,2019,crm,0.038153,0.8006
TUN,DEU,2019,crm,0.038582,0.8006
TUN,DNK,2019,crm,0.000365,0.8006
TUN,EGY,2019,crm,0.002356,0.8006
TUN,ESP,2019,crm,0.048365,0.8006
TUN,FIN,2019,crm,0.002913,0.8006
TUN,FRA,2019,crm,0.080925,0.8006
TUN,GBR,2019,crm,0.012197,0.8006
TUN,HKG,2019,crm,0.000865,0.8006
TUN,HUN,2019,crm,4e-06,0.8006
TUN,IDN,2019,crm,0.000301,0.8006
TUN,IND,2019,crm,0.004576,0.8006
TUN,ITA,2019,crm,0.432278,0.8006
TUN,JPN,2019,crm,9.7e-05,0.8006
TUN,KOR,2019,crm,5.3e-05,0.8006
TUN,MEX,2019,crm,0.029799,0.8006
TUN,MYS,2019,crm,2.8e-05,0.8006
TUN,NLD,2019,crm,0.001808,0.8006
TUN,NOR,2019,crm,0.000506,0.8006
TUN,PER,2019,crm,0.000242,0.8006
TUN,POL,2019,crm,0.000956,0.8006
TUN,PRT,2019,crm,0.001582,0.8006
TUN,RUS,2019,crm,0.021316,0.8006
TUN,SAU,2019,crm,0.011502,0.8006
TUN,SWE,2019,crm,5.3e-05,0.8006
TUN,THA,2019,crm,0.000555,0.8006
TUN,TUR,2019,crm,0.022576,0.8006
TUN,UKR,2019,crm,0.006236,0.8006
TUN,USA,2019,crm,0.015405,0.8006
TUN,ZAF,2019,crm,0.000209,0.8006
TUN,TWN,2019,crm,0.00413,0.8006
TUN,AUS,2021,energy,0.0,0.3488
TUN,BEL,2021,energy,0.014837,0.3488
TUN,BRA,2021,energy,1e-06,0.3488
TUN,CAN,2021,energy,3e-06,0.3488
TUN,CHE,2021,energy,0.00061,0.3488
TUN,CHN,2021,energy,0.000182,0.3488
TUN,DEU,2021,energy,0.001444,0.3488
TUN,DNK,2021,energy,0.0,0.3488
TUN,EGY,2021,energy,0.017654,0.3488
TUN,ESP,2021,energy,0.032481,0.3488
TUN,FIN,2021,energy,2e-06,0.3488
TUN,FRA,2021,energy,0.043152,0.3488
TUN,GBR,2021,energy,0.000129,0.3488
TUN,HUN,2021,energy,1e-05,0.3488
TUN,IND,2021,energy,5.1e-05,0.3488
TUN,ITA,2021,energy,0.109583,0.3488
TUN,JPN,2021,energy,3.8e-05,0.3488
TUN,KOR,2021,energy,9.2e-05,0.3488
TUN,MEX,2021,energy,3e-06,0.3488
TUN,MYS,2021,energy,0.0,0.3488
TUN,NLD,2021,energy,0.021129,0.3488
TUN,NOR,2021,energy,0.0,0.3488
TUN,POL,2021,energy,6.7e-05,0.3488
TUN,PRT,2021,energy,3.6e-05,0.3488
TUN,RUS,2021,energy,0.02739,0.3488
TUN,SAU,2021,energy,0.068361,0.3488
TUN,SWE,2021,energy,9.2e-05,0.3488
TUN,THA,2021,energy,4e-06,0.3488
TUN,TUR,2021,energy,0.000538,0.3488
TUN,USA,2021,energy,0.008981,0.3488
TUN,VEN,2021,energy,0.001906,0.3488
TUN,ZAF,2021,energy,1e-06,0.3488
TUN,AUS,2021,crm,7.2e-05,0.7558
TUN,BEL,2021,crm,0.014879,0.7558
TUN,BRA,2021,crm,2e-05,0.7558
TUN,CAN,2021,crm,3.3e-05,0.7558
TUN,CHE,2021,crm,0.000636,0.7558
TUN,CHN,2021,crm,0.045804,0.7558
TUN,DEU,2021,crm,0.101951,0.7558
TUN,DNK,2021,crm,0.000512,0.7558
TUN,EGY,2021,crm,0.00782,0.7558
TUN,ESP,2021,crm,0.077586,0.7558
TUN,FIN,2021,crm,0.001266,0.7558
TUN,FRA,2021,crm,0.046185,0.7558
TUN,GBR,2021,crm,0.011105,0.7558
TUN,HKG,2021,crm,0.000144,0.7558
TUN,HUN,2021,crm,0.003899,0.7558
TUN,IDN,2021,crm,0.000364,0.7558
TUN,IND,2021,crm,0.001533,0.7558
TUN,ITA,2021,crm,0.330522,0.7558
TUN,JPN,2021,crm,0.00084,0.7558
TUN,KOR,2021,crm,7.4e-05,0.7558
TUN,MEX,2021,crm,0.013182,0.7558
TUN,MYS,2021,crm,3.2e-05,0.7558
TUN,NLD,2021,crm,0.001117,0.7558
TUN,NOR,2021,crm,0.00027,0.7558
TUN,PER,2021,crm,0.001684,0.7558
TUN,POL,2021,crm,0.000434,0.7558
TUN,PRT,2021,crm,0.001459,0.7558
TUN,RUS,2021,crm,0.038025,0.7558
TUN,SAU,2021,crm,0.009676,0.7558
TUN,SWE,2021,crm,6.6e-05,0.7558
TUN,THA,2021,crm,0.00095,0.7558
TUN,TUR,2021,crm,0.027234,0.7558
TUN,UKR,2021,crm,0.005831,0.7558
TUN,USA,2021,crm,0.007504,0.7558
TUN,VNM,2021,crm,1.2e-05,0.7558
TUN,ZAF,2021,crm,0.002168,0.7558
TUN,TWN,2021,crm,0.000887,0.7558
TUN,BEL,2023,energy,0.006414,0.4876
TUN,BRA,2023,energy,1e-06,0.4876
TUN,CAN,2023,energy,7e-06,0.4876
TUN,CHE,2023,energy,1.9e-05,0.4876
TUN,CHN,2023,energy,0.000114,0.4876
TUN,DEU,2023,energy,0.001183,0.4876
TUN,DNK,2023,energy,2e-06,0.4876
TUN,EGY,2023,energy,0.00274,0.4876
TUN,ESP,2023,energy,0.024816,0.4876
TUN,FIN,2023,energy,1.9e-05,0.4876
TUN,FRA,2023,energy,0.017931,0.4876
TUN,GBR,2023,energy,0.001867,0.4876
TUN,HUN,2023,energy,0.0,0.4876
TUN,IND,2023,energy,9.4e-05,0.4876
TUN,ITA,2023,energy,0.059889,0.4876
TUN,JPN,2023,energy,4.2e-05,0.4876
TUN,KOR,2023,energy,2.6e-05,0.4876
TUN,MYS,2023,energy,0.0,0.4876
TUN,NLD,2023,energy,0.006689,0.4876
TUN,POL,2023,energy,0.000273,0.4876
TUN,PRT,2023,energy,0.001628,0.4876
TUN,RUS,2023,energy,0.337481,0.4876
TUN,SAU,2023,energy,0.007188,0.4876
TUN,SWE,2023,energy,0.000199,0.4876
TUN,THA,2023,energy,1.1e-05,0.4876
TUN,TUR,2023,energy,0.004909,0.4876
TUN,USA,2023,energy,0.01183,0.4876
TUN,VEN,2023,energy,0.0022,0.4876
TUN,ZAF,2023,energy,4e-06,0.4876
TUN,TWN,2023,energy,0.0,0.4876
TUN,ARG,2023,crm,0.0,0.7929
TUN,AUS,2023,crm,2.6e-05,0.7929
TUN,BEL,2023,crm,0.011474,0.7929
TUN,BRA,2023,crm,0.00127,0.7929
TUN,CAN,2023,crm,3.1e-05,0.7929
TUN,CHE,2023,crm,0.000625,0.7929
TUN,CHN,2023,crm,0.036598,0.7929
TUN,DEU,2023,crm,0.133953,0.7929
TUN,DNK,2023,crm,0.000771,0.7929
TUN,EGY,2023,crm,0.007675,0.7929
TUN,ESP,2023,crm,0.059543,0.7929
TUN,FIN,2023,crm,0.000232,0.7929
TUN,FRA,2023,crm,0.048813,0.7929
TUN,GBR,2023,crm,0.011167,0.7929
TUN,HKG,2023,crm,2.6e-05,0.7929
TUN,HUN,2023,crm,0.004063,0.7929
TUN,IDN,2023,crm,5.9e-05,0.7929
TUN,IND,2023,crm,0.013516,0.7929
TUN,ITA,2023,crm,0.358733,0.7929
TUN,JPN,2023,crm,0.000923,0.7929
TUN,KOR,2023,crm,0.000416,0.7929
TUN,MEX,2023,crm,0.012984,0.7929
TUN,MYS,2023,crm,6.2e-05,0.7929
TUN,NLD,2023,crm,0.000775,0.7929
TUN,NOR,2023,crm,0.000122,0.7929
TUN,PER,2023,crm,0.005217,0.7929
TUN,PHL,2023,crm,6e-06,0.7929
TUN,POL,2023,crm,0.0005,0.7929
TUN,PRT,2023,crm,0.000992,0.7929
TUN,RUS,2023,crm,0.003282,0.7929
TUN,SAU,2023,crm,0.004975,0.7929
TUN,SWE,2023,crm,0.000131,0.7929
TUN,THA,2023,crm,0.000517,0.7929
TUN,TUR,2023,crm,0.045697,0.7929
TUN,UKR,2023,crm,0.007024,0.7929
TUN,USA,2023,crm,0.014354,0.7929
TUN,VNM,2023,crm,3e-06,0.7929
TUN,ZAF,2023,crm,0.005447,0.7929
TUN,TWN,2023,crm,0.000875,0.7929
TUR,ARG,2019,energy,0.000432,0.8135
TUR,AUS,2019,energy,0.037306,0.8135
TUR,BEL,2019,energy,0.007134,0.8135
TUR,BRA,2019,energy,0.000345,0.8135
TUR,CAN,2019,energy,0.008596,0.8135
TUR,CHE,2019,energy,0.000135,0.8135
TUR,CHN,2019,energy,0.004352,0.8135
TUR,COL,2019,energy,0.086919,0.8135
TUR,DEU,2019,energy,0.005612,0.8135
TUR,DNK,2019,energy,0.000703,0.8135
TUR,EGY,2019,energy,0.009884,0.8135
TUR,ESP,2019,energy,0.00924,0.8135
TUR,FIN,2019,energy,0.000378,0.8135
TUR,FRA,2019,energy,0.003117,0.8135
TUR,GBR,2019,energy,0.006611,0.8135
TUR,HUN,2019,energy,0.0004,0.8135
TUR,IDN,2019,energy,0.000484,0.8135
TUR,IND,2019,energy,0.129543,0.8135
TUR,ISR,2019,energy,0.050478,0.8135
TUR,ITA,2019,energy,0.026217,0.8135
TUR,JPN,2019,energy,0.001587,0.8135
TUR,KOR,2019,energy,0.000795,0.8135
TUR,MEX,2019,energy,0.0,0.8135
TUR,MYS,2019,energy,0.002425,0.8135
TUR,NLD,2019,energy,0.004623,0.8135
TUR,NOR,2019,energy,0.009545,0.8135
TUR,PER,2019,energy,0.000261,0.8135
TUR,POL,2019,energy,0.00157,0.8135
TUR,PRT,2019,energy,0.00098,0.8135
TUR,RUS,2019,energy,0.340887,0.8135
TUR,SAU,2019,energy,0.000183,0.8135
TUR,SWE,2019,energy,0.00025,0.8135
TUR,THA,2019,energy,5.6e-05,0.8135
TUR,TUN,2019,energy,0.001308,0.8135
TUR,UKR,2019,energy,0.000396,0.8135
TUR,USA,2019,energy,0.05451,0.8135
TUR,ZAF,2019,energy,0.006038,0.8135
TUR,TWN,2019,energy,0.000181,0.8135
TUR,ARG,2019,crm,8.9e-05,0.6622
TUR,AUS,2019,crm,0.001641,0.6622
TUR,BEL,2019,crm,0.035416,0.6622
TUR,BRA,2019,crm,0.034717,0.6622
TUR,CAN,2019,crm,0.019927,0.6622
TUR,CHE,2019,crm,0.005047,0.6622
TUR,CHL,2019,crm,0.007062,0.6622
TUR,CHN,2019,crm,0.023529,0.6622
TUR,COL,2019,crm,0.000164,0.6622
TUR,DEU,2019,crm,0.041238,0.6622
TUR,DNK,2019,crm,0.01341,0.6622
TUR,EGY,2019,crm,0.003787,0.6622
TUR,ESP,2019,crm,0.018898,0.6622
TUR,FIN,2019,crm,0.002098,0.6622
TUR,FRA,2019,crm,0.022287,0.6622
TUR,GBR,2019,crm,0.04831,0.6622
TUR,HKG,2019,crm,0.000127,0.6622
TUR,HUN,2019,crm,0.000312,0.6622
TUR,IDN,2019,crm,0.002072,0.6622
TUR,IND,2019,crm,0.01178,0.6622
TUR,ISR,2019,crm,0.007633,0.6622
TUR,ITA,2019,crm,0.015116,0.6622
TUR,JPN,2019,crm,0.002432,0.6622
TUR,KOR,2019,crm,0.00449,0.6622
TUR,MEX,2019,crm,0.000952,0.6622
TUR,MYS,2019,crm,0.006389,0.6622
TUR,NLD,2019,crm,0.055189,0.6622
TUR,NOR,2019,crm,0.001805,0.6622
TUR,PER,2019,crm,0.002506,0.6622
TUR,PHL,2019,crm,2e-06,0.6622
TUR,POL,2019,crm,0.010334,0.6622
TUR,PRT,2019,crm,0.000122,0.6622
TUR,RUS,2019,crm,0.139775,0.6622
TUR,SAU,2019,crm,0.00239,0.6622
TUR,SWE,2019,crm,0.019774,0.6622
TUR,THA,2019,crm,0.001114,0.6622
TUR,TUN,2019,crm,0.000641,0.6622
TUR,UKR,2019,crm,0.007623,0.6622
TUR,USA,2019,crm,0.083023,0.6622
TUR,VEN,2019,crm,0.000635,0.6622
TUR,VNM,2019,crm,0.00037,0.6622
TUR,ZAF,2019,crm,0.007627,0.6622
TUR,TWN,2019,crm,0.000336,0.6622
TUR,AUS,2021,energy,0.044339,0.802
TUR,BEL,2021,energy,0.008109,0.802
TUR,BRA,2021,energy,0.000267,0.802
TUR,CAN,2021,energy,0.004627,0.802
TUR,CHE,2021,energy,0.000231,0.802
TUR,CHL,2021,energy,0.0,0.802
TUR,CHN,2021,energy,0.00436,0.802
TUR,COL,2021,energy,0.093792,0.802
TUR,DEU,2021,energy,0.005943,0.802
TUR,DNK,2021,energy,0.000373,0.802
TUR,EGY,2021,energy,0.00426,0.802
TUR,ESP,2021,energy,0.00605,0.802
TUR,FIN,2021,energy,0.000637,0.802
TUR,FRA,2021,energy,0.002712,0.802
TUR,GBR,2021,energy,0.003089,0.802
TUR,HKG,2021,energy,0.0,0.802
TUR,HUN,2021,energy,0.001839,0.802
TUR,IDN,2021,energy,0.000237,0.802
TUR,IND,2021,energy,0.100577,0.802
TUR,ISR,2021,energy,0.065485,0.802
TUR,ITA,2021,energy,0.04384,0.802
TUR,JPN,2021,energy,0.001075,0.802
TUR,KOR,2021,energy,0.002454,0.802
TUR,MEX,2021,energy,0.000332,0.802
TUR,MYS,2021,energy,0.000492,0.802
TUR,NLD,2021,energy,0.008849,0.802
TUR,NOR,2021,energy,0.005572,0.802
TUR,POL,2021,energy,0.001649,0.802
TUR,PRT,2021,energy,5.8e-05,0.802
TUR,RUS,2021,energy,0.308043,0.802
TUR,SAU,2021,energy,0.001744,0.802
TUR,SWE,2021,energy,0.000737,0.802
TUR,THA,2021,energy,7.6e-05,0.802
TUR,UKR,2021,energy,0.001115,0.802
TUR,USA,2021,energy,0.076559,0.802
TUR,VEN,2021,energy,0.000625,0.802
TUR,ZAF,2021,energy,0.001721,0.802
TUR,TWN,2021,energy,0.000152,0.802
TUR,ARG,2021,crm,0.0,0.6648
TUR,AUS,2021,crm,0.00068,0.6648
TUR,BEL,2021,crm,0.033114,0.6648
TUR,BRA,2021,crm,0.033359,0.6648
TUR,CAN,2021,crm,0.009095,0.6648
TUR,CHE,2021,crm,0.009368,0.6648
TUR,CHL,2021,crm,0.007998,0.6648
TUR,CHN,2021,crm,0.014589,0.6648
TUR,COL,2021,crm,7.8e-05,0.6648
TUR,DEU,2021,crm,0.027007,0.6648
TUR,DNK,2021,crm,0.015147,0.6648
TUR,EGY,2021,crm,0.005212,0.6648
TUR,ESP,2021,crm,0.016965,0.6648
TUR,FIN,2021,crm,0.010978,0.6648
TUR,FRA,2021,crm,0.017217,0.6648
TUR,GBR,2021,crm,0.040379,0.6648
TUR,HKG,2021,crm,6.6e-05,0.6648
TUR,HUN,2021,crm,0.000521,0.6648
TUR,IDN,2021,crm,0.002649,0.6648
TUR,IND,2021,crm,0.033337,0.6648
TUR,ISR,2021,crm,0.009928,0.6648
TUR,ITA,2021,crm,0.013944,0.6648
TUR,JPN,2021,crm,0.002207,0.6648
TUR,KOR,2021,crm,0.003914,0.6648
TUR,MEX,2021,crm,0.001264,0.6648
TUR,MYS,2021,crm,0.019815,0.6648
TUR,NLD,2021,crm,0.055614,0.6648
TUR,NOR,2021,crm,0.001562,0.6648
TUR,PER,2021,crm,0.001013,0.6648
TUR,PHL,2021,crm,0.000118,0.6648
TUR,POL,2021,crm,0.010004,0.6648
TUR,PRT,2021,crm,0.000107,0.6648
TUR,RUS,2021,crm,0.13149,0.6648
TUR,SAU,2021,crm,0.002537,0.6648
TUR,SWE,2021,crm,0.017345,0.6648
TUR,THA,2021,crm,0.001508,0.6648
TUR,TUN,2021,crm,0.001637,0.6648
TUR,UKR,2021,crm,0.020338,0.6648
TUR,USA,2021,crm,0.066334,0.6648
TUR,VEN,2021,crm,0.017224,0.6648
TUR,VNM,2021,crm,0.002067,0.6648
TUR,ZAF,2021,crm,0.006902,0.6648
TUR,TWN,2021,crm,0.000129,0.6648
TUR,AUS,2023,energy,0.025479,0.7421
TUR,BEL,2023,energy,0.00322,0.7421
TUR,BRA,2023,energy,0.000279,0.7421
TUR,CAN,2023,energy,0.001733,0.7421
TUR,CHE,2023,energy,0.000263,0.7421
TUR,CHL,2023,energy,0.0,0.7421
TUR,CHN,2023,energy,0.000806,0.7421
TUR,COL,2023,energy,0.026421,0.7421
TUR,DEU,2023,energy,0.005045,0.7421
TUR,DNK,2023,energy,0.000105,0.7421
TUR,EGY,2023,energy,0.015911,0.7421
TUR,ESP,2023,energy,0.006976,0.7421
TUR,FIN,2023,energy,0.001099,0.7421
TUR,FRA,2023,energy,0.003187,0.7421
TUR,GBR,2023,energy,0.001957,0.7421
TUR,HKG,2023,energy,0.0,0.7421
TUR,HUN,2023,energy,0.000316,0.7421
TUR,IDN,2023,energy,0.000639,0.7421
TUR,IND,2023,energy,0.029845,0.7421
TUR,ISR,2023,energy,0.020795,0.7421
TUR,ITA,2023,energy,0.016534,0.7421
TUR,JPN,2023,energy,0.001089,0.7421
TUR,KOR,2023,energy,0.001768,0.7421
TUR,MEX,2023,energy,1e-06,0.7421
TUR,MYS,2023,energy,0.000157,0.7421
TUR,NLD,2023,energy,0.00716,0.7421
TUR,NOR,2023,energy,0.000143,0.7421
TUR,POL,2023,energy,9.9e-05,0.7421
TUR,PRT,2023,energy,0.001746,0.7421
TUR,RUS,2023,energy,0.51713,0.7421
TUR,SAU,2023,energy,0.004414,0.7421
TUR,SWE,2023,energy,0.002299,0.7421
TUR,THA,2023,energy,3.6e-05,0.7421
TUR,TUN,2023,energy,0.0,0.7421
TUR,UKR,2023,energy,8e-06,0.7421
TUR,USA,2023,energy,0.043753,0.7421
TUR,VEN,2023,energy,0.000554,0.7421
TUR,VNM,2023,energy,6e-06,0.7421
TUR,ZAF,2023,energy,0.000951,0.7421
TUR,TWN,2023,energy,0.000156,0.7421
TUR,ARG,2023,crm,0.0,0.6498
TUR,AUS,2023,crm,0.001167,0.6498
TUR,BEL,2023,crm,0.031297,0.6498
TUR,BRA,2023,crm,0.027386,0.6498
TUR,CAN,2023,crm,0.004247,0.6498
TUR,CHE,2023,crm,0.01649,0.6498
TUR,CHL,2023,crm,0.000398,0.6498
TUR,CHN,2023,crm,0.031472,0.6498
TUR,COL,2023,crm,3.2e-05,0.6498
TUR,DEU,2023,crm,0.030172,0.6498
TUR,DNK,2023,crm,0.017677,0.6498
TUR,EGY,2023,crm,0.006292,0.6498
TUR,ESP,2023,crm,0.010451,0.6498
TUR,FIN,2023,crm,0.007191,0.6498
TUR,FRA,2023,crm,0.016848,0.6498
TUR,GBR,2023,crm,0.027139,0.6498
TUR,HKG,2023,crm,0.00013,0.6498
TUR,HUN,2023,crm,0.00054,0.6498
TUR,IDN,2023,crm,0.004631,0.6498
TUR,IND,2023,crm,0.017722,0.6498
TUR,ISR,2023,crm,0.007766,0.6498
TUR,ITA,2023,crm,0.014636,0.6498
TUR,JPN,2023,crm,0.00439,0.6498
TUR,KOR,2023,crm,0.009429,0.6498
TUR,MEX,2023,crm,0.001292,0.6498
TUR,MYS,2023,crm,0.022691,0.6498
TUR,NLD,2023,crm,0.040366,0.6498
TUR,NOR,2023,crm,0.001691,0.6498
TUR,PER,2023,crm,0.002097,0.6498
TUR,PHL,2023,crm,6.1e-05,0.6498
TUR,POL,2023,crm,0.008616,0.6498
TUR,PRT,2023,crm,0.000241,0.6498
TUR,RUS,2023,crm,0.147132,0.6498
TUR,SAU,2023,crm,0.001807,0.6498
TUR,SWE,2023,crm,0.017771,0.6498
TUR,THA,2023,crm,0.002089,0.6498
TUR,TUN,2023,crm,0.00112,0.6498
TUR,UKR,2023,crm,0.005025,0.6498
TUR,USA,2023,crm,0.086075,0.6498
TUR,VEN,2023,crm,0.011559,0.6498
TUR,VNM,2023,crm,0.005087,0.6498
TUR,ZAF,2023,crm,0.005109,0.6498
TUR,TWN,2023,crm,0.002487,0.6498
UKR,ARG,2019,energy,0.0,0.6504
UKR,AUS,2019,energy,0.005851,0.6504
UKR,BEL,2019,energy,0.001983,0.6504
UKR,CAN,2019,energy,0.000123,0.6504
UKR,CHE,2019,energy,0.083297,0.6504
UKR,CHN,2019,energy,0.00019,0.6504
UKR,COL,2019,energy,0.004308,0.6504
UKR,DEU,2019,energy,0.059439,0.6504
UKR,DNK,2019,energy,2e-06,0.6504
UKR,EGY,2019,energy,0.000631,0.6504
UKR,ESP,2019,energy,0.000922,0.6504
UKR,FIN,2019,energy,0.002032,0.6504
UKR,FRA,2019,energy,0.007788,0.6504
UKR,GBR,2019,energy,0.007294,0.6504
UKR,HUN,2019,energy,0.012085,0.6504
UKR,IDN,2019,energy,0.000727,0.6504
UKR,IND,2019,energy,0.007152,0.6504
UKR,ISR,2019,energy,0.002334,0.6504
UKR,ITA,2019,energy,0.011201,0.6504
UKR,JPN,2019,energy,0.001139,0.6504
UKR,KOR,2019,energy,0.00036,0.6504
UKR,MYS,2019,energy,1.9e-05,0.6504
UKR,NLD,2019,energy,0.00183,0.6504
UKR,NOR,2019,energy,0.0,0.6504
UKR,POL,2019,energy,0.020044,0.6504
UKR,PRT,2019,energy,1e-06,0.6504
UKR,RUS,2019,energy,0.331357,0.6504
UKR,SWE,2019,energy,0.000235,0.6504
UKR,THA,2019,energy,2.3e-05,0.6504
UKR,TUR,2019,energy,0.00587,0.6504
UKR,USA,2019,energy,0.08202,0.6504
UKR,ZAF,2019,energy,0.000104,0.6504
UKR,TWN,2019,energy,4.8e-05,0.6504
UKR,ARG,2019,crm,0.0,0.5392
UKR,AUS,2019,crm,2.7e-05,0.5392
UKR,BEL,2019,crm,0.003852,0.5392
UKR,BRA,2019,crm,0.002976,0.5392
UKR,CAN,2019,crm,0.00142,0.5392
UKR,CHE,2019,crm,0.002564,0.5392
UKR,CHL,2019,crm,0.000464,0.5392
UKR,CHN,2019,crm,0.075371,0.5392
UKR,COL,2019,crm,0.0,0.5392
UKR,DEU,2019,crm,0.045348,0.5392
UKR,DNK,2019,crm,0.000256,0.5392
UKR,EGY,2019,crm,0.000204,0.5392
UKR,ESP,2019,crm,0.00319,0.5392
UKR,FIN,2019,crm,0.002632,0.5392
UKR,FRA,2019,crm,0.00482,0.5392
UKR,GBR,2019,crm,0.001733,0.5392
UKR,HKG,2019,crm,2.2e-05,0.5392
UKR,HUN,2019,crm,0.004209,0.5392
UKR,IDN,2019,crm,0.030382,0.5392
UKR,IND,2019,crm,0.000601,0.5392
UKR,ISR,2019,crm,0.000942,0.5392
UKR,ITA,2019,crm,0.010483,0.5392
UKR,JPN,2019,crm,0.000379,0.5392
UKR,KOR,2019,crm,0.000742,0.5392
UKR,MEX,2019,crm,0.005683,0.5392
UKR,MYS,2019,crm,7e-05,0.5392
UKR,NLD,2019,crm,0.008017,0.5392
UKR,NOR,2019,crm,0.004834,0.5392
UKR,PER,2019,crm,0.000137,0.5392
UKR,POL,2019,crm,0.06045,0.5392
UKR,PRT,2019,crm,1.5e-05,0.5392
UKR,RUS,2019,crm,0.196406,0.5392
UKR,SWE,2019,crm,0.0001,0.5392
UKR,THA,2019,crm,4.5e-05,0.5392
UKR,TUN,2019,crm,8e-06,0.5392
UKR,TUR,2019,crm,0.059181,0.5392
UKR,USA,2019,crm,0.002921,0.5392
UKR,VNM,2019,crm,1e-06,0.5392
UKR,ZAF,2019,crm,0.008581,0.5392
UKR,TWN,2019,crm,8.9e-05,0.5392
UKR,AUS,2021,energy,0.007374,0.5342
UKR,BEL,2021,energy,0.002286,0.5342
UKR,CAN,2021,energy,9.2e-05,0.5342
UKR,CHE,2021,energy,0.08168,0.5342
UKR,CHN,2021,energy,0.000157,0.5342
UKR,COL,2021,energy,0.001854,0.5342
UKR,DEU,2021,energy,0.017971,0.5342
UKR,DNK,2021,energy,7e-06,0.5342
UKR,EGY,2021,energy,0.003317,0.5342
UKR,ESP,2021,energy,0.004164,0.5342
UKR,FIN,2021,energy,0.00249,0.5342
UKR,FRA,2021,energy,0.004008,0.5342
UKR,GBR,2021,energy,0.006335,0.5342
UKR,HKG,2021,energy,0.0,0.5342
UKR,HUN,2021,energy,0.015428,0.5342
UKR,IDN,2021,energy,0.0,0.5342
UKR,IND,2021,energy,0.012098,0.5342
UKR,ISR,2021,energy,0.002691,0.5342
UKR,ITA,2021,energy,0.009417,0.5342
UKR,JPN,2021,energy,0.000203,0.5342
UKR,KOR,2021,energy,0.000362,0.5342
UKR,MEX,2021,energy,6.6e-05,0.5342
UKR,MYS,2021,energy,0.000638,0.5342
UKR,NLD,2021,energy,0.008236,0.5342
UKR,POL,2021,energy,0.01745,0.5342
UKR,PRT,2021,energy,3e-06,0.5342
UKR,RUS,2021,energy,0.264754,0.5342
UKR,SWE,2021,energy,0.000106,0.5342
UKR,THA,2021,energy,3.7e-05,0.5342
UKR,TUN,2021,energy,0.002016,0.5342
UKR,TUR,2021,energy,0.018439,0.5342
UKR,USA,2021,energy,0.050161,0.5342
UKR,VNM,2021,energy,0.0,0.5342
UKR,ZAF,2021,energy,0.000302,0.5342
UKR,TWN,2021,energy,6.4e-05,0.5342
UKR,ARG,2021,crm,0.0,0.571
UKR,AUS,2021,crm,0.000318,0.571
UKR,BEL,2021,crm,0.002515,0.571
UKR,BRA,2021,crm,0.034869,0.571
UKR,CAN,2021,crm,0.00051,0.571
UKR,CHE,2021,crm,0.006356,0.571
UKR,CHL,2021,crm,2e-06,0.571
UKR,CHN,2021,crm,0.084687,0.571
UKR,DEU,2021,crm,0.040743,0.571
UKR,DNK,2021,crm,0.000554,0.571
UKR,EGY,2021,crm,0.000758,0.571
UKR,ESP,2021,crm,0.003024,0.571
UKR,FIN,2021,crm,0.001432,0.571
UKR,FRA,2021,crm,0.007249,0.571
UKR,GBR,2021,crm,0.002319,0.571
UKR,HKG,2021,crm,6e-06,0.571
UKR,HUN,2021,crm,0.003546,0.571
UKR,IDN,2021,crm,0.001558,0.571
UKR,IND,2021,crm,0.000831,0.571
UKR,ISR,2021,crm,0.000295,0.571
UKR,ITA,2021,crm,0.015332,0.571
UKR,JPN,2021,crm,0.000361,0.571
UKR,KOR,2021,crm,0.000241,0.571
UKR,MEX,2021,crm,0.004959,0.571
UKR,MYS,2021,crm,3e-05,0.571
UKR,NLD,2021,crm,0.011136,0.571
UKR,NOR,2021,crm,0.009037,0.571
UKR,PER,2021,crm,0.0,0.571
UKR,POL,2021,crm,0.080091,0.571
UKR,PRT,2021,crm,3.3e-05,0.571
UKR,RUS,2021,crm,0.179914,0.571
UKR,SAU,2021,crm,9e-06,0.571
UKR,SWE,2021,crm,0.000137,0.571
UKR,THA,2021,crm,0.000101,0.571
UKR,TUN,2021,crm,1e-06,0.571
UKR,TUR,2021,crm,0.064971,0.571
UKR,USA,2021,crm,0.005085,0.571
UKR,VNM,2021,crm,0.000108,0.571
UKR,ZAF,2021,crm,0.007849,0.571
UKR,TWN,2021,crm,6.5e-05,0.571
UKR,ARG,2023,energy,6e-06,0.5773
UKR,AUS,2023,energy,0.006036,0.5773
UKR,BEL,2023,energy,0.008702,0.5773
UKR,BRA,2023,energy,0.000387,0.5773
UKR,CAN,2023,energy,0.00013,0.5773
UKR,CHE,2023,energy,0.043768,0.5773
UKR,CHN,2023,energy,0.002769,0.5773
UKR,COL,2023,energy,0.001334,0.5773
UKR,DEU,2023,energy,0.04912,0.5773
UKR,DNK,2023,energy,0.000682,0.5773
UKR,EGY,2023,energy,0.004008,0.5773
UKR,ESP,2023,energy,0.001347,0.5773
UKR,FIN,2023,energy,0.007073,0.5773
UKR,FRA,2023,energy,0.004856,0.5773
UKR,GBR,2023,energy,0.002186,0.5773
UKR,HKG,2023,energy,0.0,0.5773
UKR,HUN,2023,energy,0.019251,0.5773
UKR,IDN,2023,energy,0.0,0.5773
UKR,IND,2023,energy,0.097889,0.5773
UKR,ISR,2023,energy,0.012918,0.5773
UKR,ITA,2023,energy,0.011296,0.5773
UKR,JPN,2023,energy,0.000175,0.5773
UKR,KOR,2023,energy,0.000489,0.5773
UKR,MEX,2023,energy,0.0,0.5773
UKR,MYS,2023,energy,1.3e-05,0.5773
UKR,NLD,2023,energy,0.026624,0.5773
UKR,NOR,2023,energy,0.00074,0.5773
UKR,POL,2023,energy,0.129235,0.5773
UKR,PRT,2023,energy,3e-06,0.5773
UKR,RUS,2023,energy,5.3e-05,0.5773
UKR,SAU,2023,energy,0.020273,0.5773
UKR,SWE,2023,energy,0.017249,0.5773
UKR,THA,2023,energy,1.3e-05,0.5773
UKR,TUN,2023,energy,0.000342,0.5773
UKR,TUR,2023,energy,0.060514,0.5773
UKR,USA,2023,energy,0.046557,0.5773
UKR,VEN,2023,energy,6.7e-05,0.5773
UKR,ZAF,2023,energy,0.000729,0.5773
UKR,TWN,2023,energy,0.000515,0.5773
UKR,AUS,2023,crm,0.000112,0.7288
UKR,BEL,2023,crm,0.001479,0.7288
UKR,BRA,2023,crm,0.003102,0.7288
UKR,CAN,2023,crm,0.001264,0.7288
UKR,CHE,2023,crm,0.000969,0.7288
UKR,CHN,2023,crm,0.170216,0.7288
UKR,DEU,2023,crm,0.083823,0.7288
UKR,DNK,2023,crm,0.000941,0.7288
UKR,EGY,2023,crm,0.068259,0.7288
UKR,ESP,2023,crm,0.005674,0.7288
UKR,FIN,2023,crm,0.001091,0.7288
UKR,FRA,2023,crm,0.008097,0.7288
UKR,GBR,2023,crm,0.003153,0.7288
UKR,HKG,2023,crm,0.0,0.7288
UKR,HUN,2023,crm,0.006406,0.7288
UKR,IDN,2023,crm,0.000759,0.7288
UKR,IND,2023,crm,0.003057,0.7288
UKR,ISR,2023,crm,2.4e-05,0.7288
UKR,ITA,2023,crm,0.021139,0.7288
UKR,JPN,2023,crm,0.000308,0.7288
UKR,KOR,2023,crm,0.000645,0.7288
UKR,MEX,2023,crm,0.012377,0.7288
UKR,MYS,2023,crm,0.016119,0.7288
UKR,NLD,2023,crm,0.005689,0.7288
UKR,NOR,2023,crm,0.008463,0.7288
UKR,POL,2023,crm,0.156156,0.7288
UKR,PRT,2023,crm,5.8e-05,0.7288
UKR,RUS,2023,crm,0.0,0.7288
UKR,SAU,2023,crm,0.00015,0.7288
UKR,SWE,2023,crm,0.0001,0.7288
UKR,THA,2023,crm,0.000305,0.7288
UKR,TUN,2023,crm,0.000454,0.7288
UKR,TUR,2023,crm,0.136731,0.7288
UKR,USA,2023,crm,0.003675,0.7288
UKR,VNM,2023,crm,0.000623,0.7288
UKR,ZAF,2023,crm,0.007184,0.7288
UKR,TWN,2023,crm,0.000231,0.7288
USA,ARG,2019,energy,0.006259,0.8522
USA,AUS,2019,energy,0.00021,0.8522
USA,BEL,2019,energy,0.010481,0.8522
USA,BRA,2019,energy,0.025721,0.8522
USA,CAN,2019,energy,0.431235,0.8522
USA,CHE,2019,energy,7.2e-05,0.8522
USA,CHL,2019,energy,0.000113,0.8522
USA,CHN,2019,energy,0.001437,0.8522
USA,COL,2019,energy,0.041998,0.8522
USA,DEU,2019,energy,0.001846,0.8522
USA,DNK,2019,energy,0.000822,0.8522
USA,EGY,2019,energy,0.005835,0.8522
USA,ESP,2019,energy,0.00754,0.8522
USA,FIN,2019,energy,0.004249,0.8522
USA,FRA,2019,energy,0.004304,0.8522
USA,GBR,2019,energy,0.019379,0.8522
USA,HKG,2019,energy,4e-06,0.8522
USA,HUN,2019,energy,7e-06,0.8522
USA,IDN,2019,energy,0.001023,0.8522
USA,IND,2019,energy,0.017809,0.8522
USA,ISR,2019,energy,0.000216,0.8522
USA,ITA,2019,energy,0.006185,0.8522
USA,JPN,2019,energy,0.006331,0.8522
USA,KOR,2019,energy,0.021003,0.8522
USA,MEX,2019,energy,0.063754,0.8522
USA,MYS,2019,energy,0.000537,0.8522
USA,NLD,2019,energy,0.015711,0.8522
USA,NOR,2019,energy,0.012573,0.8522
USA,PER,2019,energy,0.002616,0.8522
USA,PHL,2019,energy,5.6e-05,0.8522
USA,POL,2019,energy,9e-05,0.8522
USA,PRT,2019,energy,0.003938,0.8522
USA,RUS,2019,energy,0.065457,0.8522
USA,SAU,2019,energy,0.059121,0.8522
USA,SWE,2019,energy,0.001865,0.8522
USA,THA,2019,energy,9.3e-05,0.8522
USA,TUR,2019,energy,0.002685,0.8522
USA,UKR,2019,energy,2.9e-05,0.8522
USA,VEN,2019,energy,0.008107,0.8522
USA,VNM,2019,energy,4e-06,0.8522
USA,ZAF,2019,energy,0.000386,0.8522
USA,TWN,2019,energy,0.001096,0.8522
USA,ARG,2019,crm,0.010339,0.9006
USA,AUS,2019,crm,0.0228,0.9006
USA,BEL,2019,crm,0.011113,0.9006
USA,BRA,2019,crm,0.025274,0.9006
USA,CAN,2019,crm,0.274056,0.9006
USA,CHE,2019,crm,0.005347,0.9006
USA,CHL,2019,crm,0.055233,0.9006
USA,CHN,2019,crm,0.035846,0.9006
USA,COL,2019,crm,0.001012,0.9006
USA,DEU,2019,crm,0.06366,0.9006
USA,DNK,2019,crm,0.000126,0.9006
USA,EGY,2019,crm,0.002552,0.9006
USA,ESP,2019,crm,0.004982,0.9006
USA,FIN,2019,crm,0.004979,0.9006
USA,FRA,2019,crm,0.008754,0.9006
USA,GBR,2019,crm,0.025367,0.9006
USA,HKG,2019,crm,0.000807,0.9006
USA,HUN,2019,crm,0.000252,0.9006
USA,IDN,2019,crm,0.006179,0.9006
USA,IND,2019,crm,0.014746,0.9006
USA,ISR,2019,crm,0.001852,0.9006
USA,ITA,2019,crm,0.013522,0.9006
USA,JPN,2019,crm,0.024869,0.9006
USA,KOR,2019,crm,0.016177,0.9006
USA,MEX,2019,crm,0.086357,0.9006
USA,MYS,2019,crm,0.004347,0.9006
USA,NLD,2019,crm,0.003209,0.9006
USA,NOR,2019,crm,0.0076,0.9006
USA,PER,2019,crm,0.018637,0.9006
USA,PHL,2019,crm,0.000127,0.9006
USA,POL,2019,crm,0.003213,0.9006
USA,PRT,2019,crm,0.000564,0.9006
USA,RUS,2019,crm,0.049245,0.9006
USA,SAU,2019,crm,0.00621,0.9006
USA,SWE,2019,crm,0.005893,0.9006
USA,THA,2019,crm,0.003586,0.9006
USA,TUN,2019,crm,6.9e-05,0.9006
USA,TUR,2019,crm,0.007329,0.9006
USA,UKR,2019,crm,0.000365,0.9006
USA,VEN,2019,crm,0.000418,0.9006
USA,VNM,2019,crm,0.005331,0.9006
USA,ZAF,2019,crm,0.059896,0.9006
USA,TWN,2019,crm,0.008315,0.9006
USA,ARG,2021,energy,0.004692,0.8699
USA,AUS,2021,energy,1e-06,0.8699
USA,BEL,2021,energy,0.0058,0.8699
USA,BRA,2021,energy,0.02122,0.8699
USA,CAN,2021,energy,0.485769,0.8699
USA,CHE,2021,energy,0.000165,0.8699
USA,CHL,2021,energy,0.000151,0.8699
USA,CHN,2021,energy,0.000737,0.8699
USA,COL,2021,energy,0.02457,0.8699
USA,DEU,2021,energy,0.001815,0.8699
USA,DNK,2021,energy,0.000354,0.8699
USA,EGY,2021,energy,0.003564,0.8699
USA,ESP,2021,energy,0.005317,0.8699
USA,FIN,2021,energy,0.003446,0.8699
USA,FRA,2021,energy,0.004033,0.8699
USA,GBR,2021,energy,0.014886,0.8699
USA,HKG,2021,energy,1e-06,0.8699
USA,HUN,2021,energy,2e-06,0.8699
USA,IDN,2021,energy,0.001422,0.8699
USA,IND,2021,energy,0.014388,0.8699
USA,ISR,2021,energy,0.000281,0.8699
USA,ITA,2021,energy,0.007251,0.8699
USA,JPN,2021,energy,0.002888,0.8699
USA,KOR,2021,energy,0.018023,0.8699
USA,MEX,2021,energy,0.072399,0.8699
USA,MYS,2021,energy,0.00089,0.8699
USA,NLD,2021,energy,0.019885,0.8699
USA,NOR,2021,energy,0.008415,0.8699
USA,PER,2021,energy,0.001452,0.8699
USA,PHL,2021,energy,0.0,0.8699
USA,POL,2021,energy,0.000254,0.8699
USA,PRT,2021,energy,0.003896,0.8699
USA,RUS,2021,energy,0.080894,0.8699
USA,SAU,2021,energy,0.050876,0.8699
USA,SWE,2021,energy,0.002806,0.8699
USA,THA,2021,energy,6.9e-05,0.8699
USA,TUR,2021,energy,0.005803,0.8699
USA,UKR,2021,energy,1.3e-05,0.8699
USA,VEN,2021,energy,4e-06,0.8699
USA,VNM,2021,energy,5e-06,0.8699
USA,ZAF,2021,energy,0.000352,0.8699
USA,TWN,2021,energy,0.001139,0.8699
USA,ARG,2021,crm,0.004296,0.9261
USA,AUS,2021,crm,0.013531,0.9261
USA,BEL,2021,crm,0.021406,0.9261
USA,BRA,2021,crm,0.018222,0.9261
USA,CAN,2021,crm,0.263459,0.9261
USA,CHE,2021,crm,0.013999,0.9261
USA,CHL,2021,crm,0.074344,0.9261
USA,CHN,2021,crm,0.025154,0.9261
USA,COL,2021,crm,0.001255,0.9261
USA,DEU,2021,crm,0.068839,0.9261
USA,DNK,2021,crm,0.00023,0.9261
USA,EGY,2021,crm,0.001028,0.9261
USA,ESP,2021,crm,0.004079,0.9261
USA,FIN,2021,crm,0.001881,0.9261
USA,FRA,2021,crm,0.005353,0.9261
USA,GBR,2021,crm,0.033094,0.9261
USA,HKG,2021,crm,0.002031,0.9261
USA,HUN,2021,crm,0.000665,0.9261
USA,IDN,2021,crm,0.004622,0.9261
USA,IND,2021,crm,0.007999,0.9261
USA,ISR,2021,crm,0.001492,0.9261
USA,ITA,2021,crm,0.016644,0.9261
USA,JPN,2021,crm,0.014822,0.9261
USA,KOR,2021,crm,0.022708,0.9261
USA,MEX,2021,crm,0.07983,0.9261
USA,MYS,2021,crm,0.003203,0.9261
USA,NLD,2021,crm,0.003649,0.9261
USA,NOR,2021,crm,0.005475,0.9261
USA,PER,2021,crm,0.01776,0.9261
USA,PHL,2021,crm,4e-05,0.9261
USA,POL,2021,crm,0.007895,0.9261
USA,PRT,2021,crm,0.000265,0.9261
USA,RUS,2021,crm,0.044733,0.9261
USA,SAU,2021,crm,0.004264,0.9261
USA,SWE,2021,crm,0.004729,0.9261
USA,THA,2021,crm,0.00879,0.9261
USA,TUN,2021,crm,4.3e-05,0.9261
USA,TUR,2021,crm,0.00871,0.9261
USA,UKR,2021,crm,0.001023,0.9261
USA,VEN,2021,crm,8.8e-05,0.9261
USA,VNM,2021,crm,0.0031,0.9261
USA,ZAF,2021,crm,0.104206,0.9261
USA,TWN,2021,crm,0.007186,0.9261
USA,ARG,2023,energy,0.006608,0.848
USA,AUS,2023,energy,0.000168,0.848
USA,BEL,2023,energy,0.006175,0.848
USA,BRA,2023,energy,0.031184,0.848
USA,CAN,2023,energy,0.494703,0.848
USA,CHE,2023,energy,4.6e-05,0.848
USA,CHL,2023,energy,0.002012,0.848
USA,CHN,2023,energy,0.000907,0.848
USA,COL,2023,energy,0.026782,0.848
USA,DEU,2023,energy,0.001766,0.848
USA,DNK,2023,energy,0.000392,0.848
USA,EGY,2023,energy,0.000351,0.848
USA,ESP,2023,energy,0.007767,0.848
USA,FIN,2023,energy,0.004352,0.848
USA,FRA,2023,energy,0.005336,0.848
USA,GBR,2023,energy,0.012989,0.848
USA,HKG,2023,energy,5e-06,0.848
USA,HUN,2023,energy,2e-06,0.848
USA,IDN,2023,energy,0.001024,0.848
USA,IND,2023,energy,0.019251,0.848
USA,ISR,2023,energy,0.000944,0.848
USA,ITA,2023,energy,0.008119,0.848
USA,JPN,2023,energy,0.002874,0.848
USA,KOR,2023,energy,0.018385,0.848
USA,MEX,2023,energy,0.093771,0.848
USA,MYS,2023,energy,0.002039,0.848
USA,NLD,2023,energy,0.014392,0.848
USA,NOR,2023,energy,0.005506,0.848
USA,PER,2023,energy,0.002303,0.848
USA,PHL,2023,energy,4.9e-05,0.848
USA,POL,2023,energy,0.000295,0.848
USA,PRT,2023,energy,0.00405,0.848
USA,RUS,2023,energy,3e-06,0.848
USA,SAU,2023,energy,0.052948,0.848
USA,SWE,2023,energy,0.002109,0.848
USA,THA,2023,energy,6.7e-05,0.848
USA,TUN,2023,energy,4.1e-05,0.848
USA,TUR,2023,energy,0.002514,0.848
USA,UKR,2023,energy,1e-05,0.848
USA,VEN,2023,energy,0.012999,0.848
USA,VNM,2023,energy,4e-06,0.848
USA,ZAF,2023,energy,0.000466,0.848
USA,TWN,2023,energy,0.002265,0.848
USA,ARG,2023,crm,0.007079,0.9124
USA,AUS,2023,crm,0.023953,0.9124
USA,BEL,2023,crm,0.015156,0.9124
USA,BRA,2023,crm,0.023357,0.9124
USA,CAN,2023,crm,0.299131,0.9124
USA,CHE,2023,crm,0.005716,0.9124
USA,CHL,2023,crm,0.073157,0.9124
USA,CHN,2023,crm,0.026743,0.9124
USA,COL,2023,crm,0.001753,0.9124
USA,DEU,2023,crm,0.050375,0.9124
USA,DNK,2023,crm,0.000239,0.9124
USA,EGY,2023,crm,0.00087,0.9124
USA,ESP,2023,crm,0.005352,0.9124
USA,FIN,2023,crm,0.002849,0.9124
USA,FRA,2023,crm,0.009166,0.9124
USA,GBR,2023,crm,0.018742,0.9124
USA,HKG,2023,crm,0.000864,0.9124
USA,HUN,2023,crm,0.000874,0.9124
USA,IDN,2023,crm,0.003036,0.9124
USA,IND,2023,crm,0.01162,0.9124
USA,ISR,2023,crm,0.004148,0.9124
USA,ITA,2023,crm,0.012482,0.9124
USA,JPN,2023,crm,0.020827,0.9124
USA,KOR,2023,crm,0.035844,0.9124
USA,MEX,2023,crm,0.082611,0.9124
USA,MYS,2023,crm,0.002793,0.9124
USA,NLD,2023,crm,0.00301,0.9124
USA,NOR,2023,crm,0.007556,0.9124
USA,PER,2023,crm,0.033453,0.9124
USA,PHL,2023,crm,0.000117,0.9124
USA,POL,2023,crm,0.005808,0.9124
USA,PRT,2023,crm,0.000329,0.9124
USA,RUS,2023,crm,0.017781,0.9124
USA,SAU,2023,crm,0.001766,0.9124
USA,SWE,2023,crm,0.005755,0.9124
USA,THA,2023,crm,0.006619,0.9124
USA,TUN,2023,crm,6.1e-05,0.9124
USA,TUR,2023,crm,0.009593,0.9124
USA,UKR,2023,crm,0.000187,0.9124
USA,VEN,2023,crm,6.3e-05,0.9124
USA,VNM,2023,crm,0.003735,0.9124
USA,ZAF,2023,crm,0.068587,0.9124
USA,TWN,2023,crm,0.009225,0.9124
VNM,ARG,2019,energy,1.1e-05,0.6463
VNM,AUS,2019,energy,0.104313,0.6463
VNM,BEL,2019,energy,0.001041,0.6463
VNM,BRA,2019,energy,1e-06,0.6463
VNM,CAN,2019,energy,0.013414,0.6463
VNM,CHE,2019,energy,5e-05,0.6463
VNM,CHN,2019,energy,0.115072,0.6463
VNM,DEU,2019,energy,0.000998,0.6463
VNM,DNK,2019,energy,1e-06,0.6463
VNM,EGY,2019,energy,7e-06,0.6463
VNM,ESP,2019,energy,0.000189,0.6463
VNM,FIN,2019,energy,4e-06,0.6463
VNM,FRA,2019,energy,0.000551,0.6463
VNM,GBR,2019,energy,0.000163,0.6463
VNM,HKG,2019,energy,0.000191,0.6463
VNM,HUN,2019,energy,0.0,0.6463
VNM,IDN,2019,energy,0.058036,0.6463
VNM,IND,2019,energy,0.00061,0.6463
VNM,ISR,2019,energy,2e-06,0.6463
VNM,ITA,2019,energy,0.000126,0.6463
VNM,JPN,2019,energy,0.006965,0.6463
VNM,KOR,2019,energy,0.133041,0.6463
VNM,MEX,2019,energy,0.0,0.6463
VNM,MYS,2019,energy,0.097678,0.6463
VNM,NLD,2019,energy,0.000214,0.6463
VNM,NOR,2019,energy,1.2e-05,0.6463
VNM,PHL,2019,energy,0.001678,0.6463
VNM,POL,2019,energy,1.9e-05,0.6463
VNM,PRT,2019,energy,1e-06,0.6463
VNM,RUS,2019,energy,0.044101,0.6463
VNM,SAU,2019,energy,0.001875,0.6463
VNM,SWE,2019,energy,9.9e-05,0.6463
VNM,THA,2019,energy,0.03342,0.6463
VNM,TUR,2019,energy,2.3e-05,0.6463
VNM,UKR,2019,energy,2e-05,0.6463
VNM,USA,2019,energy,0.012637,0.6463
VNM,ZAF,2019,energy,0.011037,0.6463
VNM,TWN,2019,energy,0.00873,0.6463
VNM,AUS,2019,crm,0.124033,0.9186
VNM,BEL,2019,crm,0.002198,0.9186
VNM,BRA,2019,crm,0.041834,0.9186
VNM,CAN,2019,crm,0.003308,0.9186
VNM,CHE,2019,crm,0.000246,0.9186
VNM,CHL,2019,crm,0.006375,0.9186
VNM,CHN,2019,crm,0.186751,0.9186
VNM,COL,2019,crm,2e-06,0.9186
VNM,DEU,2019,crm,0.002876,0.9186
VNM,DNK,2019,crm,7.6e-05,0.9186
VNM,EGY,2019,crm,0.000759,0.9186
VNM,ESP,2019,crm,0.001995,0.9186
VNM,FIN,2019,crm,0.000841,0.9186
VNM,FRA,2019,crm,0.000742,0.9186
VNM,GBR,2019,crm,0.005641,0.9186
VNM,HKG,2019,crm,0.014444,0.9186
VNM,HUN,2019,crm,4e-06,0.9186
VNM,IDN,2019,crm,0.023967,0.9186
VNM,IND,2019,crm,0.016607,0.9186
VNM,ISR,2019,crm,3.1e-05,0.9186
VNM,ITA,2019,crm,0.001273,0.9186
VNM,JPN,2019,crm,0.113191,0.9186
VNM,KOR,2019,crm,0.158434,0.9186
VNM,MEX,2019,crm,0.004746,0.9186
VNM,MYS,2019,crm,0.046098,0.9186
VNM,NLD,2019,crm,0.002118,0.9186
VNM,NOR,2019,crm,0.000561,0.9186
VNM,PER,2019,crm,0.001278,0.9186
VNM,PHL,2019,crm,0.008262,0.9186
VNM,POL,2019,crm,0.000337,0.9186
VNM,PRT,2019,crm,2e-05,0.9186
VNM,RUS,2019,crm,0.017099,0.9186
VNM,SAU,2019,crm,0.002281,0.9186
VNM,SWE,2019,crm,0.000345,0.9186
VNM,THA,2019,crm,0.045772,0.9186
VNM,TUR,2019,crm,0.001392,0.9186
VNM,UKR,2019,crm,0.005295,0.9186
VNM,USA,2019,crm,0.049889,0.9186
VNM,VEN,2019,crm,4e-05,0.9186
VNM,ZAF,2019,crm,0.002468,0.9186
VNM,TWN,2019,crm,0.025004,0.9186
VNM,ARG,2021,energy,5e-06,0.5998
VNM,AUS,2021,energy,0.131746,0.5998
VNM,BEL,2021,energy,0.00084,0.5998
VNM,BRA,2021,energy,0.0,0.5998
VNM,CAN,2021,energy,7.9e-05,0.5998
VNM,CHE,2021,energy,5.1e-05,0.5998
VNM,CHN,2021,energy,0.053728,0.5998
VNM,COL,2021,energy,0.000184,0.5998
VNM,DEU,2021,energy,0.00124,0.5998
VNM,DNK,2021,energy,3e-06,0.5998
VNM,EGY,2021,energy,1.1e-05,0.5998
VNM,ESP,2021,energy,0.000212,0.5998
VNM,FIN,2021,energy,9e-06,0.5998
VNM,FRA,2021,energy,0.000371,0.5998
VNM,GBR,2021,energy,0.000246,0.5998
VNM,HKG,2021,energy,0.000217,0.5998
VNM,HUN,2021,energy,1e-06,0.5998
VNM,IDN,2021,energy,0.087544,0.5998
VNM,IND,2021,energy,0.005996,0.5998
VNM,ISR,2021,energy,4e-06,0.5998
VNM,ITA,2021,energy,0.000129,0.5998
VNM,JPN,2021,energy,0.012978,0.5998
VNM,KOR,2021,energy,0.079234,0.5998
VNM,MEX,2021,energy,5e-06,0.5998
VNM,MYS,2021,energy,0.083365,0.5998
VNM,NLD,2021,energy,0.000326,0.5998
VNM,NOR,2021,energy,1.2e-05,0.5998
VNM,PHL,2021,energy,3e-06,0.5998
VNM,POL,2021,energy,3.3e-05,0.5998
VNM,PRT,2021,energy,1e-06,0.5998
VNM,RUS,2021,energy,0.035858,0.5998
VNM,SAU,2021,energy,0.004637,0.5998
VNM,SWE,2021,energy,0.000101,0.5998
VNM,THA,2021,energy,0.054469,0.5998
VNM,TUR,2021,energy,1.5e-05,0.5998
VNM,UKR,2021,energy,1.7e-05,0.5998
VNM,USA,2021,energy,0.035022,0.5998
VNM,ZAF,2021,energy,0.005043,0.5998
VNM,TWN,2021,energy,0.006103,0.5998
VNM,ARG,2021,crm,1e-06,0.9316
VNM,AUS,2021,crm,0.177179,0.9316
VNM,BEL,2021,crm,0.001775,0.9316
VNM,BRA,2021,crm,0.067795,0.9316
VNM,CAN,2021,crm,0.002727,0.9316
VNM,CHE,2021,crm,0.000416,0.9316
VNM,CHL,2021,crm,0.004053,0.9316
VNM,CHN,2021,crm,0.141201,0.9316
VNM,COL,2021,crm,2.8e-05,0.9316
VNM,DEU,2021,crm,0.001802,0.9316
VNM,DNK,2021,crm,9.5e-05,0.9316
VNM,EGY,2021,crm,0.001963,0.9316
VNM,ESP,2021,crm,0.001305,0.9316
VNM,FIN,2021,crm,0.004907,0.9316
VNM,FRA,2021,crm,0.00066,0.9316
VNM,GBR,2021,crm,0.003547,0.9316
VNM,HKG,2021,crm,0.016871,0.9316
VNM,HUN,2021,crm,5e-06,0.9316
VNM,IDN,2021,crm,0.026102,0.9316
VNM,IND,2021,crm,0.034115,0.9316
VNM,ISR,2021,crm,3.5e-05,0.9316
VNM,ITA,2021,crm,0.000776,0.9316
VNM,JPN,2021,crm,0.110991,0.9316
VNM,KOR,2021,crm,0.125652,0.9316
VNM,MEX,2021,crm,0.000636,0.9316
VNM,MYS,2021,crm,0.037908,0.9316
VNM,NLD,2021,crm,0.000973,0.9316
VNM,NOR,2021,crm,0.000641,0.9316
VNM,PER,2021,crm,0.000685,0.9316
VNM,PHL,2021,crm,0.010829,0.9316
VNM,POL,2021,crm,0.006642,0.9316
VNM,PRT,2021,crm,0.00011,0.9316
VNM,RUS,2021,crm,0.006214,0.9316
VNM,SAU,2021,crm,0.001291,0.9316
VNM,SWE,2021,crm,0.000176,0.9316
VNM,THA,2021,crm,0.03956,0.9316
VNM,TUN,2021,crm,2e-06,0.9316
VNM,TUR,2021,crm,0.001954,0.9316
VNM,UKR,2021,crm,0.01506,0.9316
VNM,USA,2021,crm,0.054957,0.9316
VNM,ZAF,2021,crm,0.011366,0.9316
VNM,TWN,2021,crm,0.018626,0.9316
VNM,ARG,2023,energy,2e-06,0.6122
VNM,AUS,2023,energy,0.128724,0.6122
VNM,BEL,2023,energy,0.000237,0.6122
VNM,BRA,2023,energy,2e-06,0.6122
VNM,CAN,2023,energy,0.000569,0.6122
VNM,CHE,2023,energy,4.3e-05,0.6122
VNM,CHL,2023,energy,1e-05,0.6122
VNM,CHN,2023,energy,0.055727,0.6122
VNM,COL,2023,energy,2e-06,0.6122
VNM,DEU,2023,energy,0.000694,0.6122
VNM,DNK,2023,energy,1.7e-05,0.6122
VNM,EGY,2023,energy,3e-06,0.6122
VNM,ESP,2023,energy,0.000117,0.6122
VNM,FIN,2023,energy,1e-06,0.6122
VNM,FRA,2023,energy,0.000154,0.6122
VNM,GBR,2023,energy,0.000166,0.6122
VNM,HKG,2023,energy,0.001413,0.6122
VNM,HUN,2023,energy,0.0,0.6122
VNM,IDN,2023,energy,0.08309,0.6122
VNM,IND,2023,energy,0.00059,0.6122
VNM,ISR,2023,energy,2e-06,0.6122
VNM,ITA,2023,energy,7.6e-05,0.6122
VNM,JPN,2023,energy,0.005764,0.6122
VNM,KOR,2023,energy,0.137647,0.6122
VNM,MYS,2023,energy,0.073254,0.6122
VNM,NLD,2023,energy,0.000143,0.6122
VNM,NOR,2023,energy,6e-06,0.6122
VNM,PHL,2023,energy,0.000325,0.6122
VNM,POL,2023,energy,2e-05,0.6122
VNM,PRT,2023,energy,1e-06,0.6122
VNM,RUS,2023,energy,0.033054,0.6122
VNM,SAU,2023,energy,0.012963,0.6122
VNM,SWE,2023,energy,0.00012,0.6122
VNM,THA,2023,energy,0.043375,0.6122
VNM,TUN,2023,energy,2e-06,0.6122
VNM,TUR,2023,energy,1.8e-05,0.6122
VNM,UKR,2023,energy,0.000362,0.6122
VNM,USA,2023,energy,0.021912,0.6122
VNM,ZAF,2023,energy,0.00729,0.6122
VNM,TWN,2023,energy,0.004293,0.6122
VNM,ARG,2023,crm,3e-05,0.932
VNM,AUS,2023,crm,0.145315,0.932
VNM,BEL,2023,crm,0.001466,0.932
VNM,BRA,2023,crm,0.053468,0.932
VNM,CAN,2023,crm,0.001816,0.932
VNM,CHE,2023,crm,0.000514,0.932
VNM,CHL,2023,crm,0.008397,0.932
VNM,CHN,2023,crm,0.213098,0.932
VNM,COL,2023,crm,5e-05,0.932
VNM,DEU,2023,crm,0.004706,0.932
VNM,DNK,2023,crm,8.9e-05,0.932
VNM,EGY,2023,crm,8.1e-05,0.932
VNM,ESP,2023,crm,0.00121,0.932
VNM,FIN,2023,crm,0.001805,0.932
VNM,FRA,2023,crm,0.00048,0.932
VNM,GBR,2023,crm,0.002051,0.932
VNM,HKG,2023,crm,0.015205,0.932
VNM,HUN,2023,crm,1.7e-05,0.932
VNM,IDN,2023,crm,0.043296,0.932
VNM,IND,2023,crm,0.033355,0.932
VNM,ISR,2023,crm,4.2e-05,0.932
VNM,ITA,2023,crm,0.000758,0.932
VNM,JPN,2023,crm,0.100852,0.932
VNM,KOR,2023,crm,0.11383,0.932
VNM,MEX,2023,crm,0.005065,0.932
VNM,MYS,2023,crm,0.035686,0.932
VNM,NLD,2023,crm,0.002982,0.932
VNM,NOR,2023,crm,0.000857,0.932
VNM,PER,2023,crm,0.000442,0.932
VNM,PHL,2023,crm,0.015254,0.932
VNM,POL,2023,crm,0.000638,0.932
VNM,PRT,2023,crm,0.00014,0.932
VNM,RUS,2023,crm,0.005717,0.932
VNM,SAU,2023,crm,0.001632,0.932
VNM,SWE,2023,crm,0.000401,0.932
VNM,THA,2023,crm,0.055347,0.932
VNM,TUN,2023,crm,7e-06,0.932
VNM,TUR,2023,crm,0.002235,0.932
VNM,UKR,2023,crm,1.2e-05,0.932
VNM,USA,2023,crm,0.043471,0.932
VNM,VEN,2023,crm,0.000197,0.932
VNM,ZAF,2023,crm,0.001103,0.932
VNM,TWN,2023,crm,0.0189,0.932
ZAF,ARG,2019,energy,0.000949,0.3963
ZAF,AUS,2019,energy,0.016974,0.3963
ZAF,BEL,2019,energy,0.001561,0.3963
ZAF,BRA,2019,energy,0.002061,0.3963
ZAF,CAN,2019,energy,0.000163,0.3963
ZAF,CHE,2019,energy,0.000143,0.3963
ZAF,CHL,2019,energy,9.5e-05,0.3963
ZAF,CHN,2019,energy,0.00972,0.3963
ZAF,COL,2019,energy,0.000262,0.3963
ZAF,DEU,2019,energy,0.002577,0.3963
ZAF,DNK,2019,energy,0.000138,0.3963
ZAF,EGY,2019,energy,0.000304,0.3963
ZAF,ESP,2019,energy,0.000708,0.3963
ZAF,FIN,2019,energy,0.003392,0.3963
ZAF,FRA,2019,energy,0.001008,0.3963
ZAF,GBR,2019,energy,0.001693,0.3963
ZAF,HKG,2019,energy,0.000517,0.3963
ZAF,HUN,2019,energy,2e-06,0.3963
ZAF,IDN,2019,energy,0.000188,0.3963
ZAF,IND,2019,energy,0.057426,0.3963
ZAF,ISR,2019,energy,5.6e-05,0.3963
ZAF,ITA,2019,energy,0.015157,0.3963
ZAF,JPN,2019,energy,0.000482,0.3963
ZAF,KOR,2019,energy,0.002164,0.3963
ZAF,MEX,2019,energy,1e-06,0.3963
ZAF,MYS,2019,energy,0.010571,0.3963
ZAF,NLD,2019,energy,0.00988,0.3963
ZAF,NOR,2019,energy,0.005818,0.3963
ZAF,PER,2019,energy,0.0,0.3963
ZAF,PHL,2019,energy,0.0,0.3963
ZAF,POL,2019,energy,0.002208,0.3963
ZAF,PRT,2019,energy,0.000177,0.3963
ZAF,RUS,2019,energy,0.003537,0.3963
ZAF,SAU,2019,energy,0.214112,0.3963
ZAF,SWE,2019,energy,0.00239,0.3963
ZAF,THA,2019,energy,0.00034,0.3963
ZAF,TUN,2019,energy,0.000167,0.3963
ZAF,TUR,2019,energy,0.005654,0.3963
ZAF,UKR,2019,energy,2.3e-05,0.3963
ZAF,USA,2019,energy,0.023053,0.3963
ZAF,VNM,2019,energy,0.000598,0.3963
ZAF,TWN,2019,energy,1.5e-05,0.3963
ZAF,ARG,2019,crm,1e-05,0.7294
ZAF,AUS,2019,crm,0.22024,0.7294
ZAF,BEL,2019,crm,0.031689,0.7294
ZAF,BRA,2019,crm,0.053546,0.7294
ZAF,CAN,2019,crm,0.003359,0.7294
ZAF,CHE,2019,crm,0.004572,0.7294
ZAF,CHL,2019,crm,0.002653,0.7294
ZAF,CHN,2019,crm,0.122766,0.7294
ZAF,COL,2019,crm,2e-06,0.7294
ZAF,DEU,2019,crm,0.059664,0.7294
ZAF,DNK,2019,crm,0.000832,0.7294
ZAF,EGY,2019,crm,0.000261,0.7294
ZAF,ESP,2019,crm,0.010248,0.7294
ZAF,FIN,2019,crm,7.6e-05,0.7294
ZAF,FRA,2019,crm,0.012931,0.7294
ZAF,GBR,2019,crm,0.007376,0.7294
ZAF,HKG,2019,crm,0.001024,0.7294
ZAF,HUN,2019,crm,2.1e-05,0.7294
ZAF,IDN,2019,crm,0.000101,0.7294
ZAF,IND,2019,crm,0.0144,0.7294
ZAF,ISR,2019,crm,0.000296,0.7294
ZAF,ITA,2019,crm,0.006513,0.7294
ZAF,JPN,2019,crm,0.003484,0.7294
ZAF,KOR,2019,crm,0.005929,0.7294
ZAF,MEX,2019,crm,0.006509,0.7294
ZAF,MYS,2019,crm,0.016701,0.7294
ZAF,NLD,2019,crm,0.003654,0.7294
ZAF,NOR,2019,crm,0.000189,0.7294
ZAF,PER,2019,crm,0.006829,0.7294
ZAF,POL,2019,crm,0.000753,0.7294
ZAF,PRT,2019,crm,0.000172,0.7294
ZAF,RUS,2019,crm,0.080391,0.7294
ZAF,SAU,2019,crm,0.019895,0.7294
ZAF,SWE,2019,crm,0.000669,0.7294
ZAF,THA,2019,crm,0.00427,0.7294
ZAF,TUR,2019,crm,0.01011,0.7294
ZAF,UKR,2019,crm,0.000173,0.7294
ZAF,USA,2019,crm,0.014705,0.7294
ZAF,VNM,2019,crm,0.000827,0.7294
ZAF,TWN,2019,crm,0.001567,0.7294
ZAF,ARG,2021,energy,0.000375,0.5102
ZAF,AUS,2021,energy,0.011038,0.5102
ZAF,BEL,2021,energy,0.012027,0.5102
ZAF,BRA,2021,energy,0.002513,0.5102
ZAF,CAN,2021,energy,0.000574,0.5102
ZAF,CHE,2021,energy,0.000478,0.5102
ZAF,CHL,2021,energy,0.006304,0.5102
ZAF,CHN,2021,energy,0.008944,0.5102
ZAF,COL,2021,energy,0.001951,0.5102
ZAF,DEU,2021,energy,0.002678,0.5102
ZAF,DNK,2021,energy,1.1e-05,0.5102
ZAF,EGY,2021,energy,0.000229,0.5102
ZAF,ESP,2021,energy,0.001101,0.5102
ZAF,FIN,2021,energy,0.000444,0.5102
ZAF,FRA,2021,energy,0.000924,0.5102
ZAF,GBR,2021,energy,0.007544,0.5102
ZAF,HKG,2021,energy,0.000248,0.5102
ZAF,HUN,2021,energy,0.000436,0.5102
ZAF,IDN,2021,energy,2.8e-05,0.5102
ZAF,IND,2021,energy,0.084307,0.5102
ZAF,ISR,2021,energy,9.8e-05,0.5102
ZAF,ITA,2021,energy,0.032481,0.5102
ZAF,JPN,2021,energy,0.00024,0.5102
ZAF,KOR,2021,energy,0.008729,0.5102
ZAF,MEX,2021,energy,1e-06,0.5102
ZAF,MYS,2021,energy,0.017303,0.5102
ZAF,NLD,2021,energy,0.031563,0.5102
ZAF,NOR,2021,energy,2e-06,0.5102
ZAF,PHL,2021,energy,2e-06,0.5102
ZAF,POL,2021,energy,3e-06,0.5102
ZAF,PRT,2021,energy,1e-06,0.5102
ZAF,RUS,2021,energy,0.005696,0.5102
ZAF,SAU,2021,energy,0.214102,0.5102
ZAF,SWE,2021,energy,0.001372,0.5102
ZAF,THA,2021,energy,0.00067,0.5102
ZAF,TUN,2021,energy,0.00189,0.5102
ZAF,TUR,2021,energy,0.015659,0.5102
ZAF,UKR,2021,energy,2.3e-05,0.5102
ZAF,USA,2021,energy,0.037674,0.5102
ZAF,VNM,2021,energy,0.000517,0.5102
ZAF,TWN,2021,energy,6e-05,0.5102
ZAF,ARG,2021,crm,0.0,0.6906
ZAF,AUS,2021,crm,0.180547,0.6906
ZAF,BEL,2021,crm,0.027458,0.6906
ZAF,BRA,2021,crm,0.039467,0.6906
ZAF,CAN,2021,crm,0.004452,0.6906
ZAF,CHE,2021,crm,0.001786,0.6906
ZAF,CHL,2021,crm,0.001069,0.6906
ZAF,CHN,2021,crm,0.117549,0.6906
ZAF,COL,2021,crm,3e-06,0.6906
ZAF,DEU,2021,crm,0.041363,0.6906
ZAF,DNK,2021,crm,0.000613,0.6906
ZAF,EGY,2021,crm,0.000423,0.6906
ZAF,ESP,2021,crm,0.022134,0.6906
ZAF,FIN,2021,crm,0.000106,0.6906
ZAF,FRA,2021,crm,0.009118,0.6906
ZAF,GBR,2021,crm,0.005677,0.6906
ZAF,HKG,2021,crm,0.001052,0.6906
ZAF,HUN,2021,crm,1.5e-05,0.6906
ZAF,IDN,2021,crm,0.002885,0.6906
ZAF,IND,2021,crm,0.018469,0.6906
ZAF,ISR,2021,crm,0.006763,0.6906
ZAF,ITA,2021,crm,0.008734,0.6906
ZAF,JPN,2021,crm,0.001922,0.6906
ZAF,KOR,2021,crm,0.013861,0.6906
ZAF,MEX,2021,crm,0.000911,0.6906
ZAF,MYS,2021,crm,0.009441,0.6906
ZAF,NLD,2021,crm,0.003606,0.6906
ZAF,NOR,2021,crm,0.000246,0.6906
ZAF,PER,2021,crm,0.007781,0.6906
ZAF,PHL,2021,crm,0.0,0.6906
ZAF,POL,2021,crm,0.000589,0.6906
ZAF,PRT,2021,crm,2.1e-05,0.6906
ZAF,RUS,2021,crm,0.077166,0.6906
ZAF,SAU,2021,crm,0.03072,0.6906
ZAF,SWE,2021,crm,0.00051,0.6906
ZAF,THA,2021,crm,0.004732,0.6906
ZAF,TUR,2021,crm,0.012564,0.6906
ZAF,UKR,2021,crm,0.000413,0.6906
ZAF,USA,2021,crm,0.033678,0.6906
ZAF,VNM,2021,crm,0.001809,0.6906
ZAF,TWN,2021,crm,0.000995,0.6906
ZAF,ARG,2023,energy,0.000403,0.4258
ZAF,AUS,2023,energy,0.007827,0.4258
ZAF,BEL,2023,energy,0.007986,0.4258
ZAF,BRA,2023,energy,0.003215,0.4258
ZAF,CAN,2023,energy,0.000109,0.4258
ZAF,CHE,2023,energy,0.000233,0.4258
ZAF,CHL,2023,energy,3e-06,0.4258
ZAF,CHN,2023,energy,0.019669,0.4258
ZAF,COL,2023,energy,0.003294,0.4258
ZAF,DEU,2023,energy,0.002392,0.4258
ZAF,DNK,2023,energy,5.5e-05,0.4258
ZAF,EGY,2023,energy,0.000285,0.4258
ZAF,ESP,2023,energy,0.003807,0.4258
ZAF,FIN,2023,energy,7.8e-05,0.4258
ZAF,FRA,2023,energy,0.00165,0.4258
ZAF,GBR,2023,energy,0.002096,0.4258
ZAF,HKG,2023,energy,0.000132,0.4258
ZAF,HUN,2023,energy,6.7e-05,0.4258
ZAF,IDN,2023,energy,0.003362,0.4258
ZAF,IND,2023,energy,0.116976,0.4258
ZAF,ISR,2023,energy,0.000215,0.4258
ZAF,ITA,2023,energy,0.013249,0.4258
ZAF,JPN,2023,energy,0.000993,0.4258
ZAF,KOR,2023,energy,0.005439,0.4258
ZAF,MEX,2023,energy,0.0,0.4258
ZAF,MYS,2023,energy,0.026621,0.4258
ZAF,NLD,2023,energy,0.021698,0.4258
ZAF,NOR,2023,energy,5.8e-05,0.4258
ZAF,PER,2023,energy,0.0,0.4258
ZAF,PHL,2023,energy,0.0,0.4258
ZAF,POL,2023,energy,0.00116,0.4258
ZAF,PRT,2023,energy,1e-06,0.4258
ZAF,RUS,2023,energy,0.005982,0.4258
ZAF,SAU,2023,energy,0.113328,0.4258
ZAF,SWE,2023,energy,0.005115,0.4258
ZAF,THA,2023,energy,0.001417,0.4258
ZAF,TUN,2023,energy,3e-06,0.4258
ZAF,TUR,2023,energy,0.010386,0.4258
ZAF,UKR,2023,energy,0.0,0.4258
ZAF,USA,2023,energy,0.045579,0.4258
ZAF,VNM,2023,energy,0.000887,0.4258
ZAF,TWN,2023,energy,2.7e-05,0.4258
ZAF,ARG,2023,crm,1e-06,0.6081
ZAF,AUS,2023,crm,0.211874,0.6081
ZAF,BEL,2023,crm,0.030152,0.6081
ZAF,BRA,2023,crm,0.043544,0.6081
ZAF,CAN,2023,crm,0.00057,0.6081
ZAF,CHE,2023,crm,0.000603,0.6081
ZAF,CHL,2023,crm,0.001073,0.6081
ZAF,CHN,2023,crm,0.12163,0.6081
ZAF,COL,2023,crm,0.0,0.6081
ZAF,DEU,2023,crm,0.030308,0.6081
ZAF,DNK,2023,crm,0.000542,0.6081
ZAF,EGY,2023,crm,0.000946,0.6081
ZAF,ESP,2023,crm,0.004567,0.6081
ZAF,FIN,2023,crm,0.000178,0.6081
ZAF,FRA,2023,crm,0.011816,0.6081
ZAF,GBR,2023,crm,0.00563,0.6081
ZAF,HKG,2023,crm,0.00043,0.6081
ZAF,HUN,2023,crm,5e-05,0.6081
ZAF,IDN,2023,crm,0.002575,0.6081
ZAF,IND,2023,crm,0.02353,0.6081
ZAF,ISR,2023,crm,0.001338,0.6081
ZAF,ITA,2023,crm,0.004219,0.6081
ZAF,JPN,2023,crm,0.003689,0.6081
ZAF,KOR,2023,crm,0.027296,0.6081
ZAF,MEX,2023,crm,0.000353,0.6081
ZAF,MYS,2023,crm,0.012323,0.6081
ZAF,NLD,2023,crm,0.002223,0.6081
ZAF,NOR,2023,crm,0.00026,0.6081
ZAF,PER,2023,crm,0.000203,0.6081
ZAF,PHL,2023,crm,0.0,0.6081
ZAF,POL,2023,crm,0.000751,0.6081
ZAF,PRT,2023,crm,5.9e-05,0.6081
ZAF,RUS,2023,crm,0.006441,0.6081
ZAF,SAU,2023,crm,0.010213,0.6081
ZAF,SWE,2023,crm,0.000238,0.6081
ZAF,THA,2023,crm,0.011971,0.6081
ZAF,TUN,2023,crm,4e-06,0.6081
ZAF,TUR,2023,crm,0.012819,0.6081
ZAF,UKR,2023,crm,3e-06,0.6081
ZAF,USA,2023,crm,0.01505,0.6081
ZAF,VNM,2023,crm,0.007937,0.6081
ZAF,TWN,2023,crm,0.000706,0.6081
