exposed_iso3,source_iso3,year,w_trade,covered_share
ARG,KOR,2019,0.011773,0.8329
ARG,AUS,2019,0.006724,0.8329
ARG,FRA,2019,0.010808,0.8329
ARG,NOR,2019,0.000578,0.8329
ARG,PER,2019,0.015023,0.8329
ARG,USA,2019,0.090889,0.8329
ARG,IND,2019,0.02595,0.8329
ARG,CAN,2019,0.008629,0.8329
ARG,TWN,2019,0.00392,0.8329
ARG,EGY,2019,0.009786,0.8329
ARG,CHN,2019,0.140726,0.8329
ARG,CHE,2019,0.018334,0.8329
ARG,TUR,2019,0.006491,0.8329
ARG,COL,2019,0.00978,0.8329
ARG,NLD,2019,0.019726,0.8329
ARG,MEX,2019,0.015712,0.8329
ARG,ZAF,2019,0.006448,0.8329
ARG,HKG,2019,0.002124,0.8329
ARG,SAU,2019,0.009862,0.8329
ARG,TUN,2019,0.001131,0.8329
ARG,ITA,2019,0.018634,0.8329
ARG,BEL,2019,0.005655,0.8329
ARG,ISR,2019,0.003225,0.8329
ARG,SWE,2019,0.003067,0.8329
ARG,PHL,2019,0.003611,0.8329
ARG,DNK,2019,0.003537,0.8329
ARG,JPN,2019,0.011801,0.8329
ARG,HUN,2019,0.001879,0.8329
ARG,FIN,2019,0.001141,0.8329
ARG,BRA,2019,0.179266,0.8329
ARG,VNM,2019,0.030328,0.8329
ARG,IDN,2019,0.016763,0.8329
ARG,GBR,2019,0.011516,0.8329
ARG,PRT,2019,0.001518,0.8329
ARG,VEN,2019,0.001114,0.8329
ARG,MYS,2019,0.010049,0.8329
ARG,DEU,2019,0.032454,0.8329
ARG,CHL,2019,0.031564,0.8329
ARG,UKR,2019,0.00048,0.8329
ARG,ESP,2019,0.021087,0.8329
ARG,THA,2019,0.015626,0.8329
ARG,RUS,2019,0.007799,0.8329
ARG,POL,2019,0.006407,0.8329
ARG,KOR,2021,0.016783,0.8257
ARG,AUS,2021,0.007296,0.8257
ARG,FRA,2021,0.010166,0.8257
ARG,NOR,2021,0.000651,0.8257
ARG,PER,2021,0.015585,0.8257
ARG,USA,2021,0.077363,0.8257
ARG,IND,2021,0.0403,0.8257
ARG,CAN,2021,0.008,0.8257
ARG,TWN,2021,0.00609,0.8257
ARG,EGY,2021,0.014957,0.8257
ARG,CHN,2021,0.139465,0.8257
ARG,CHE,2021,0.010536,0.8257
ARG,TUR,2021,0.006168,0.8257
ARG,COL,2021,0.010516,0.8257
ARG,NLD,2021,0.0263,0.8257
ARG,MEX,2021,0.014876,0.8257
ARG,ZAF,2021,0.004716,0.8257
ARG,HKG,2021,0.001067,0.8257
ARG,SAU,2021,0.008277,0.8257
ARG,TUN,2021,0.001264,0.8257
ARG,ITA,2021,0.016199,0.8257
ARG,BEL,2021,0.006288,0.8257
ARG,ISR,2021,0.003678,0.8257
ARG,SWE,2021,0.001918,0.8257
ARG,PHL,2021,0.003358,0.8257
ARG,DNK,2021,0.00234,0.8257
ARG,JPN,2021,0.013196,0.8257
ARG,HUN,2021,0.00202,0.8257
ARG,FIN,2021,0.001106,0.8257
ARG,BRA,2021,0.171196,0.8257
ARG,VNM,2021,0.031221,0.8257
ARG,IDN,2021,0.015884,0.8257
ARG,GBR,2021,0.009218,0.8257
ARG,PRT,2021,0.002194,0.8257
ARG,VEN,2021,0.001288,0.8257
ARG,MYS,2021,0.013855,0.8257
ARG,DEU,2021,0.023653,0.8257
ARG,CHL,2021,0.034727,0.8257
ARG,UKR,2021,0.000436,0.8257
ARG,ESP,2021,0.020779,0.8257
ARG,THA,2021,0.014068,0.8257
ARG,RUS,2021,0.00943,0.8257
ARG,POL,2021,0.007259,0.8257
ARG,KOR,2023,0.01319,0.8385
ARG,AUS,2023,0.006413,0.8385
ARG,FRA,2023,0.01024,0.8385
ARG,NOR,2023,0.000551,0.8385
ARG,PER,2023,0.019836,0.8385
ARG,USA,2023,0.10162,0.8385
ARG,IND,2023,0.027636,0.8385
ARG,CAN,2023,0.008607,0.8385
ARG,TWN,2023,0.00413,0.8385
ARG,EGY,2023,0.007707,0.8385
ARG,CHN,2023,0.139863,0.8385
ARG,CHE,2023,0.012392,0.8385
ARG,TUR,2023,0.006329,0.8385
ARG,COL,2023,0.011903,0.8385
ARG,NLD,2023,0.016097,0.8385
ARG,MEX,2023,0.017106,0.8385
ARG,ZAF,2023,0.002563,0.8385
ARG,HKG,2023,0.000819,0.8385
ARG,SAU,2023,0.007286,0.8385
ARG,TUN,2023,0.000687,0.8385
ARG,ITA,2023,0.018607,0.8385
ARG,BEL,2023,0.004713,0.8385
ARG,ISR,2023,0.003738,0.8385
ARG,SWE,2023,0.002653,0.8385
ARG,PHL,2023,0.003322,0.8385
ARG,DNK,2023,0.002028,0.8385
ARG,JPN,2023,0.013387,0.8385
ARG,HUN,2023,0.002141,0.8385
ARG,FIN,2023,0.001181,0.8385
ARG,BRA,2023,0.207485,0.8385
ARG,VNM,2023,0.024814,0.8385
ARG,IDN,2023,0.009312,0.8385
ARG,GBR,2023,0.008581,0.8385
ARG,PRT,2023,0.001523,0.8385
ARG,VEN,2023,0.001845,0.8385
ARG,MYS,2023,0.011071,0.8385
ARG,DEU,2023,0.02525,0.8385
ARG,CHL,2023,0.04038,0.8385
ARG,UKR,2023,0.000235,0.8385
ARG,ESP,2023,0.019232,0.8385
ARG,THA,2023,0.014711,0.8385
ARG,RUS,2023,0.002907,0.8385
ARG,POL,2023,0.004445,0.8385
AUS,KOR,2019,0.045686,0.7853
AUS,FRA,2019,0.010899,0.7853
AUS,NOR,2019,0.000977,0.7853
AUS,PER,2019,0.000354,0.7853
AUS,USA,2019,0.073,0.7853
AUS,IND,2019,0.025043,0.7853
AUS,CAN,2019,0.005642,0.7853
AUS,TWN,2019,0.020978,0.7853
AUS,EGY,2019,0.000634,0.7853
AUS,CHN,2019,0.295539,0.7853
AUS,CHE,2019,0.00776,0.7853
AUS,TUR,2019,0.002136,0.7853
AUS,COL,2019,0.000223,0.7853
AUS,NLD,2019,0.009169,0.7853
AUS,MEX,2019,0.004782,0.7853
AUS,ZAF,2019,0.003743,0.7853
AUS,HKG,2019,0.011359,0.7853
AUS,SAU,2019,0.001716,0.7853
AUS,TUN,2019,6.6e-05,0.7853
AUS,ITA,2019,0.011282,0.7853
AUS,BEL,2019,0.004571,0.7853
AUS,ISR,2019,0.001548,0.7853
AUS,SWE,2019,0.003699,0.7853
AUS,PHL,2019,0.004924,0.7853
AUS,DNK,2019,0.00215,0.7853
AUS,ARG,2019,0.001341,0.7853
AUS,JPN,2019,0.080975,0.7853
AUS,HUN,2019,0.001206,0.7853
AUS,FIN,2019,0.002022,0.7853
AUS,BRA,2019,0.002676,0.7853
AUS,VNM,2019,0.017151,0.7853
AUS,IDN,2019,0.014795,0.7853
AUS,GBR,2019,0.031888,0.7853
AUS,PRT,2019,0.000437,0.7853
AUS,VEN,2019,1e-05,0.7853
AUS,MYS,2019,0.024985,0.7853
AUS,DEU,2019,0.024713,0.7853
AUS,CHL,2019,0.001276,0.7853
AUS,UKR,2019,0.000236,0.7853
AUS,ESP,2019,0.003812,0.7853
AUS,THA,2019,0.026374,0.7853
AUS,RUS,2019,0.000925,0.7853
AUS,POL,2019,0.002557,0.7853
AUS,KOR,2021,0.053126,0.7889
AUS,FRA,2021,0.00994,0.7889
AUS,NOR,2021,0.000714,0.7889
AUS,PER,2021,0.000434,0.7889
AUS,USA,2021,0.062351,0.7889
AUS,IND,2021,0.033122,0.7889
AUS,CAN,2021,0.004905,0.7889
AUS,TWN,2021,0.022875,0.7889
AUS,EGY,2021,0.000748,0.7889
AUS,CHN,2021,0.314231,0.7889
AUS,CHE,2021,0.006923,0.7889
AUS,TUR,2021,0.003097,0.7889
AUS,COL,2021,0.000263,0.7889
AUS,NLD,2021,0.008966,0.7889
AUS,MEX,2021,0.004857,0.7889
AUS,ZAF,2021,0.002901,0.7889
AUS,HKG,2021,0.00869,0.7889
AUS,SAU,2021,0.003219,0.7889
AUS,TUN,2021,7.4e-05,0.7889
AUS,ITA,2021,0.01096,0.7889
AUS,BEL,2021,0.00574,0.7889
AUS,ISR,2021,0.001323,0.7889
AUS,SWE,2021,0.003302,0.7889
AUS,PHL,2021,0.004047,0.7889
AUS,DNK,2021,0.002123,0.7889
AUS,ARG,2021,0.001357,0.7889
AUS,JPN,2021,0.076369,0.7889
AUS,HUN,2021,0.001129,0.7889
AUS,FIN,2021,0.002126,0.7889
AUS,BRA,2021,0.003352,0.7889
AUS,VNM,2021,0.020514,0.7889
AUS,IDN,2021,0.017812,0.7889
AUS,GBR,2021,0.014929,0.7889
AUS,PRT,2021,0.000567,0.7889
AUS,VEN,2021,1.5e-05,0.7889
AUS,MYS,2021,0.024051,0.7889
AUS,DEU,2021,0.021428,0.7889
AUS,CHL,2021,0.001482,0.7889
AUS,UKR,2021,0.000349,0.7889
AUS,ESP,2021,0.0047,0.7889
AUS,THA,2021,0.026169,0.7889
AUS,RUS,2021,0.000936,0.7889
AUS,POL,2021,0.002639,0.7889
AUS,KOR,2023,0.059354,0.795
AUS,FRA,2023,0.010096,0.795
AUS,NOR,2023,0.000751,0.795
AUS,PER,2023,0.000336,0.795
AUS,USA,2023,0.068598,0.795
AUS,IND,2023,0.034126,0.795
AUS,CAN,2023,0.006706,0.795
AUS,TWN,2023,0.024495,0.795
AUS,EGY,2023,0.000801,0.795
AUS,CHN,2023,0.292256,0.795
AUS,CHE,2023,0.006871,0.795
AUS,TUR,2023,0.002814,0.795
AUS,COL,2023,0.000223,0.795
AUS,NLD,2023,0.008627,0.795
AUS,MEX,2023,0.005526,0.795
AUS,ZAF,2023,0.003375,0.795
AUS,HKG,2023,0.010811,0.795
AUS,SAU,2023,0.002271,0.795
AUS,TUN,2023,0.000102,0.795
AUS,ITA,2023,0.01101,0.795
AUS,BEL,2023,0.005141,0.795
AUS,ISR,2023,0.001117,0.795
AUS,SWE,2023,0.003454,0.795
AUS,PHL,2023,0.004506,0.795
AUS,DNK,2023,0.002245,0.795
AUS,ARG,2023,0.001211,0.795
AUS,JPN,2023,0.082635,0.795
AUS,HUN,2023,0.001152,0.795
AUS,FIN,2023,0.002037,0.795
AUS,BRA,2023,0.003503,0.795
AUS,VNM,2023,0.021887,0.795
AUS,IDN,2023,0.017202,0.795
AUS,GBR,2023,0.014259,0.795
AUS,PRT,2023,0.000674,0.795
AUS,VEN,2023,9e-06,0.795
AUS,MYS,2023,0.028195,0.795
AUS,DEU,2023,0.021956,0.795
AUS,CHL,2023,0.001069,0.795
AUS,UKR,2023,0.000137,0.795
AUS,ESP,2023,0.004204,0.795
AUS,THA,2023,0.026678,0.795
AUS,RUS,2023,1.7e-05,0.795
AUS,POL,2023,0.002607,0.795
BEL,KOR,2019,0.004642,0.8712
BEL,AUS,2019,0.00315,0.8712
BEL,FRA,2019,0.125349,0.8712
BEL,NOR,2019,0.006805,0.8712
BEL,PER,2019,0.000621,0.8712
BEL,USA,2019,0.065599,0.8712
BEL,IND,2019,0.016168,0.8712
BEL,CAN,2019,0.009666,0.8712
BEL,TWN,2019,0.002759,0.8712
BEL,EGY,2019,0.001927,0.8712
BEL,CHN,2019,0.023287,0.8712
BEL,CHE,2019,0.021186,0.8712
BEL,TUR,2019,0.010463,0.8712
BEL,COL,2019,0.000859,0.8712
BEL,NLD,2019,0.159735,0.8712
BEL,MEX,2019,0.005436,0.8712
BEL,ZAF,2019,0.00573,0.8712
BEL,HKG,2019,0.004261,0.8712
BEL,SAU,2019,0.004637,0.8712
BEL,TUN,2019,0.000795,0.8712
BEL,ITA,2019,0.044311,0.8712
BEL,ISR,2019,0.003972,0.8712
BEL,SWE,2019,0.018206,0.8712
BEL,PHL,2019,0.000874,0.8712
BEL,DNK,2019,0.005665,0.8712
BEL,ARG,2019,0.000844,0.8712
BEL,JPN,2019,0.021264,0.8712
BEL,HUN,2019,0.006833,0.8712
BEL,FIN,2019,0.004573,0.8712
BEL,BRA,2019,0.005711,0.8712
BEL,VNM,2019,0.002004,0.8712
BEL,IDN,2019,0.001554,0.8712
BEL,GBR,2019,0.050466,0.8712
BEL,PRT,2019,0.004767,0.8712
BEL,VEN,2019,0.000179,0.8712
BEL,MYS,2019,0.002251,0.8712
BEL,DEU,2019,0.158498,0.8712
BEL,CHL,2019,0.001263,0.8712
BEL,UKR,2019,0.001581,0.8712
BEL,ESP,2019,0.024673,0.8712
BEL,THA,2019,0.003088,0.8712
BEL,RUS,2019,0.015781,0.8712
BEL,POL,2019,0.01981,0.8712
BEL,KOR,2021,0.007404,0.8672
BEL,AUS,2021,0.004077,0.8672
BEL,FRA,2021,0.120193,0.8672
BEL,NOR,2021,0.012693,0.8672
BEL,PER,2021,0.000515,0.8672
BEL,USA,2021,0.058739,0.8672
BEL,IND,2021,0.014969,0.8672
BEL,CAN,2021,0.008796,0.8672
BEL,TWN,2021,0.003213,0.8672
BEL,EGY,2021,0.002608,0.8672
BEL,CHN,2021,0.025161,0.8672
BEL,CHE,2021,0.017134,0.8672
BEL,TUR,2021,0.011078,0.8672
BEL,COL,2021,0.000712,0.8672
BEL,NLD,2021,0.167913,0.8672
BEL,MEX,2021,0.006432,0.8672
BEL,ZAF,2021,0.005428,0.8672
BEL,HKG,2021,0.002287,0.8672
BEL,SAU,2021,0.004003,0.8672
BEL,TUN,2021,0.000733,0.8672
BEL,ITA,2021,0.042033,0.8672
BEL,ISR,2021,0.004362,0.8672
BEL,SWE,2021,0.015956,0.8672
BEL,PHL,2021,0.001111,0.8672
BEL,DNK,2021,0.00577,0.8672
BEL,ARG,2021,0.000919,0.8672
BEL,JPN,2021,0.021938,0.8672
BEL,HUN,2021,0.006077,0.8672
BEL,FIN,2021,0.003929,0.8672
BEL,BRA,2021,0.005425,0.8672
BEL,VNM,2021,0.002225,0.8672
BEL,IDN,2021,0.001755,0.8672
BEL,GBR,2021,0.045,0.8672
BEL,PRT,2021,0.004261,0.8672
BEL,VEN,2021,8e-05,0.8672
BEL,MYS,2021,0.002964,0.8672
BEL,DEU,2021,0.165415,0.8672
BEL,CHL,2021,0.000973,0.8672
BEL,UKR,2021,0.00166,0.8672
BEL,ESP,2021,0.023872,0.8672
BEL,THA,2021,0.002654,0.8672
BEL,RUS,2021,0.014441,0.8672
BEL,POL,2021,0.020322,0.8672
BEL,KOR,2023,0.006435,0.8569
BEL,AUS,2023,0.003806,0.8569
BEL,FRA,2023,0.121026,0.8569
BEL,NOR,2023,0.015866,0.8569
BEL,PER,2023,0.000504,0.8569
BEL,USA,2023,0.06891,0.8569
BEL,IND,2023,0.011387,0.8569
BEL,CAN,2023,0.007563,0.8569
BEL,TWN,2023,0.00396,0.8569
BEL,EGY,2023,0.001928,0.8569
BEL,CHN,2023,0.026033,0.8569
BEL,CHE,2023,0.019089,0.8569
BEL,TUR,2023,0.010564,0.8569
BEL,COL,2023,0.000863,0.8569
BEL,NLD,2023,0.174293,0.8569
BEL,MEX,2023,0.005987,0.8569
BEL,ZAF,2023,0.003923,0.8569
BEL,HKG,2023,0.002355,0.8569
BEL,SAU,2023,0.004517,0.8569
BEL,TUN,2023,0.000735,0.8569
BEL,ITA,2023,0.042614,0.8569
BEL,ISR,2023,0.003282,0.8569
BEL,SWE,2023,0.018378,0.8569
BEL,PHL,2023,0.000745,0.8569
BEL,DNK,2023,0.005807,0.8569
BEL,ARG,2023,0.001283,0.8569
BEL,JPN,2023,0.016387,0.8569
BEL,HUN,2023,0.007413,0.8569
BEL,FIN,2023,0.004272,0.8569
BEL,BRA,2023,0.005231,0.8569
BEL,VNM,2023,0.002177,0.8569
BEL,IDN,2023,0.001685,0.8569
BEL,GBR,2023,0.046971,0.8569
BEL,PRT,2023,0.004734,0.8569
BEL,VEN,2023,6.4e-05,0.8569
BEL,MYS,2023,0.002671,0.8569
BEL,DEU,2023,0.143599,0.8569
BEL,CHL,2023,0.001225,0.8569
BEL,UKR,2023,0.001222,0.8569
BEL,ESP,2023,0.026122,0.8569
BEL,THA,2023,0.002167,0.8569
BEL,RUS,2023,0.00719,0.8569
BEL,POL,2023,0.021886,0.8569
BRA,KOR,2019,0.020912,0.8792
BRA,AUS,2019,0.003524,0.8792
BRA,FRA,2019,0.018362,0.8792
BRA,NOR,2019,0.004128,0.8792
BRA,PER,2019,0.009221,0.8792
BRA,USA,2019,0.160503,0.8792
BRA,IND,2019,0.01804,0.8792
BRA,CAN,2019,0.01439,0.8792
BRA,TWN,2019,0.009127,0.8792
BRA,EGY,2019,0.005259,0.8792
BRA,CHN,2019,0.24336,0.8792
BRA,CHE,2019,0.009414,0.8792
BRA,TUR,2019,0.007245,0.8792
BRA,COL,2019,0.011196,0.8792
BRA,NLD,2019,0.022753,0.8792
BRA,MEX,2019,0.024528,0.8792
BRA,ZAF,2019,0.004599,0.8792
BRA,HKG,2019,0.007415,0.8792
BRA,SAU,2019,0.010687,0.8792
BRA,TUN,2019,0.000688,0.8792
BRA,ITA,2019,0.019245,0.8792
BRA,BEL,2019,0.012126,0.8792
BRA,ISR,2019,0.003954,0.8792
BRA,SWE,2019,0.004451,0.8792
BRA,PHL,2019,0.002292,0.8792
BRA,DNK,2019,0.002998,0.8792
BRA,ARG,2019,0.050294,0.8792
BRA,JPN,2019,0.024913,0.8792
BRA,HUN,2019,0.00104,0.8792
BRA,FIN,2019,0.001708,0.8792
BRA,VNM,2019,0.011286,0.8792
BRA,IDN,2019,0.007464,0.8792
BRA,GBR,2019,0.013505,0.8792
BRA,PRT,2019,0.004991,0.8792
BRA,VEN,2019,0.001239,0.8792
BRA,MYS,2019,0.010275,0.8792
BRA,DEU,2019,0.038277,0.8792
BRA,CHL,2019,0.02046,0.8792
BRA,UKR,2019,0.00054,0.8792
BRA,ESP,2019,0.017291,0.8792
BRA,THA,2019,0.008237,0.8792
BRA,RUS,2019,0.013501,0.8792
BRA,POL,2019,0.003721,0.8792
BRA,KOR,2021,0.021589,0.8794
BRA,AUS,2021,0.003555,0.8794
BRA,FRA,2021,0.014573,0.8794
BRA,NOR,2021,0.003615,0.8794
BRA,PER,2021,0.008385,0.8794
BRA,USA,2021,0.141299,0.8794
BRA,IND,2021,0.023342,0.8794
BRA,CAN,2021,0.014968,0.8794
BRA,TWN,2021,0.008269,0.8794
BRA,EGY,2021,0.005096,0.8794
BRA,CHN,2021,0.27424,0.8794
BRA,CHE,2021,0.008403,0.8794
BRA,TUR,2021,0.008824,0.8794
BRA,COL,2021,0.010705,0.8794
BRA,NLD,2021,0.022374,0.8794
BRA,MEX,2021,0.020041,0.8794
BRA,ZAF,2021,0.0043,0.8794
BRA,HKG,2021,0.005422,0.8794
BRA,SAU,2021,0.009849,0.8794
BRA,TUN,2021,0.000754,0.8794
BRA,ITA,2021,0.018645,0.8794
BRA,BEL,2021,0.011516,0.8794
BRA,ISR,2021,0.003525,0.8794
BRA,SWE,2021,0.004914,0.8794
BRA,PHL,2021,0.003288,0.8794
BRA,DNK,2021,0.002524,0.8794
BRA,ARG,2021,0.047121,0.8794
BRA,JPN,2021,0.021275,0.8794
BRA,HUN,2021,0.001052,0.8794
BRA,FIN,2021,0.002074,0.8794
BRA,VNM,2021,0.010932,0.8794
BRA,IDN,2021,0.007736,0.8794
BRA,GBR,2021,0.011214,0.8794
BRA,PRT,2021,0.006841,0.8794
BRA,VEN,2021,0.002464,0.8794
BRA,MYS,2021,0.012679,0.8794
BRA,DEU,2021,0.032908,0.8794
BRA,CHL,2021,0.022446,0.8794
BRA,UKR,2021,0.000876,0.8794
BRA,ESP,2021,0.017401,0.8794
BRA,THA,2021,0.009647,0.8794
BRA,RUS,2021,0.015161,0.8794
BRA,POL,2021,0.003599,0.8794
BRA,KOR,2023,0.018048,0.8712
BRA,AUS,2023,0.004776,0.8712
BRA,FRA,2023,0.014616,0.8712
BRA,NOR,2023,0.003524,0.8712
BRA,PER,2023,0.008196,0.8712
BRA,USA,2023,0.131063,0.8712
BRA,IND,2023,0.020032,0.8712
BRA,CAN,2023,0.015865,0.8712
BRA,TWN,2023,0.007581,0.8712
BRA,EGY,2023,0.004823,0.8712
BRA,CHN,2023,0.2706,0.8712
BRA,CHE,2023,0.007093,0.8712
BRA,TUR,2023,0.007754,0.8712
BRA,COL,2023,0.010539,0.8712
BRA,NLD,2023,0.025518,0.8712
BRA,MEX,2023,0.024221,0.8712
BRA,ZAF,2023,0.003795,0.8712
BRA,HKG,2023,0.003751,0.8712
BRA,SAU,2023,0.011609,0.8712
BRA,TUN,2023,0.000753,0.8712
BRA,ITA,2023,0.017181,0.8712
BRA,BEL,2023,0.011221,0.8712
BRA,ISR,2023,0.003516,0.8712
BRA,SWE,2023,0.005047,0.8712
BRA,PHL,2023,0.003168,0.8712
BRA,DNK,2023,0.003084,0.8712
BRA,ARG,2023,0.049175,0.8712
BRA,JPN,2023,0.020289,0.8712
BRA,HUN,2023,0.001059,0.8712
BRA,FIN,2023,0.002432,0.8712
BRA,VNM,2023,0.011606,0.8712
BRA,IDN,2023,0.009648,0.8712
BRA,GBR,2023,0.010606,0.8712
BRA,PRT,2023,0.008153,0.8712
BRA,VEN,2023,0.002736,0.8712
BRA,MYS,2023,0.009472,0.8712
BRA,DEU,2023,0.03253,0.8712
BRA,CHL,2023,0.020935,0.8712
BRA,UKR,2023,0.000101,0.8712
BRA,ESP,2023,0.020354,0.8712
BRA,THA,2023,0.009221,0.8712
BRA,RUS,2023,0.021063,0.8712
BRA,POL,2023,0.004464,0.8712
CAN,KOR,2019,0.012615,0.9607
CAN,AUS,2019,0.003852,0.9607
CAN,FRA,2019,0.010434,0.9607
CAN,NOR,2019,0.003075,0.9607
CAN,PER,2019,0.003654,0.9607
CAN,USA,2019,0.629209,0.9607
CAN,IND,2019,0.008486,0.9607
CAN,TWN,2019,0.006704,0.9607
CAN,EGY,2019,0.001505,0.9607
CAN,CHN,2019,0.0824,0.9607
CAN,CHE,2019,0.005391,0.9607
CAN,TUR,2019,0.003001,0.9607
CAN,COL,2019,0.001481,0.9607
CAN,NLD,2019,0.008255,0.9607
CAN,MEX,2019,0.037145,0.9607
CAN,ZAF,2019,0.001157,0.9607
CAN,HKG,2019,0.003659,0.9607
CAN,SAU,2019,0.005116,0.9607
CAN,TUN,2019,0.000201,0.9607
CAN,ITA,2019,0.010659,0.9607
CAN,BEL,2019,0.006864,0.9607
CAN,ISR,2019,0.001408,0.9607
CAN,SWE,2019,0.002316,0.9607
CAN,PHL,2019,0.001945,0.9607
CAN,DNK,2019,0.001522,0.9607
CAN,ARG,2019,0.001001,0.9607
CAN,JPN,2019,0.024388,0.9607
CAN,HUN,2019,0.000849,0.9607
CAN,FIN,2019,0.001479,0.9607
CAN,BRA,2019,0.006427,0.9607
CAN,VNM,2019,0.006691,0.9607
CAN,IDN,2019,0.003128,0.9607
CAN,GBR,2019,0.02433,0.9607
CAN,PRT,2019,0.000792,0.9607
CAN,VEN,2019,6.2e-05,0.9607
CAN,MYS,2019,0.00306,0.9607
CAN,DEU,2019,0.021293,0.9607
CAN,CHL,2019,0.002115,0.9607
CAN,UKR,2019,0.000251,0.9607
CAN,ESP,2019,0.004201,0.9607
CAN,THA,2019,0.003876,0.9607
CAN,RUS,2019,0.002115,0.9607
CAN,POL,2019,0.002593,0.9607
CAN,KOR,2021,0.013433,0.9587
CAN,AUS,2021,0.003659,0.9587
CAN,FRA,2021,0.008958,0.9587
CAN,NOR,2021,0.003295,0.9587
CAN,PER,2021,0.004068,0.9587
CAN,USA,2021,0.621205,0.9587
CAN,IND,2021,0.007247,0.9587
CAN,TWN,2021,0.00825,0.9587
CAN,EGY,2021,0.001534,0.9587
CAN,CHN,2021,0.091733,0.9587
CAN,CHE,2021,0.007012,0.9587
CAN,TUR,2021,0.003163,0.9587
CAN,COL,2021,0.001857,0.9587
CAN,NLD,2021,0.007004,0.9587
CAN,MEX,2021,0.033799,0.9587
CAN,ZAF,2021,0.001655,0.9587
CAN,HKG,2021,0.003184,0.9587
CAN,SAU,2021,0.003702,0.9587
CAN,TUN,2021,0.000226,0.9587
CAN,ITA,2021,0.01055,0.9587
CAN,BEL,2021,0.007087,0.9587
CAN,ISR,2021,0.001442,0.9587
CAN,SWE,2021,0.002298,0.9587
CAN,PHL,2021,0.002232,0.9587
CAN,DNK,2021,0.001401,0.9587
CAN,ARG,2021,0.001063,0.9587
CAN,JPN,2021,0.024079,0.9587
CAN,HUN,2021,0.000759,0.9587
CAN,FIN,2021,0.001666,0.9587
CAN,BRA,2021,0.00783,0.9587
CAN,VNM,2021,0.00843,0.9587
CAN,IDN,2021,0.003391,0.9587
CAN,GBR,2021,0.019662,0.9587
CAN,PRT,2021,0.000835,0.9587
CAN,VEN,2021,0.000147,0.9587
CAN,MYS,2021,0.003874,0.9587
CAN,DEU,2021,0.020523,0.9587
CAN,CHL,2021,0.00243,0.9587
CAN,UKR,2021,0.000359,0.9587
CAN,ESP,2021,0.004933,0.9587
CAN,THA,2021,0.004009,0.9587
CAN,RUS,2021,0.002249,0.9587
CAN,POL,2021,0.002472,0.9587
CAN,KOR,2023,0.013729,0.9592
CAN,AUS,2023,0.004221,0.9592
CAN,FRA,2023,0.008504,0.9592
CAN,NOR,2023,0.002508,0.9592
CAN,PER,2023,0.004,0.9592
CAN,USA,2023,0.635469,0.9592
CAN,IND,2023,0.008326,0.9592
CAN,TWN,2023,0.006645,0.9592
CAN,EGY,2023,0.000824,0.9592
CAN,CHN,2023,0.078783,0.9592
CAN,CHE,2023,0.00869,0.9592
CAN,TUR,2023,0.002684,0.9592
CAN,COL,2023,0.001723,0.9592
CAN,NLD,2023,0.00777,0.9592
CAN,MEX,2023,0.036235,0.9592
CAN,ZAF,2023,0.002115,0.9592
CAN,HKG,2023,0.003497,0.9592
CAN,SAU,2023,0.002836,0.9592
CAN,TUN,2023,0.000273,0.9592
CAN,ITA,2023,0.010254,0.9592
CAN,BEL,2023,0.005872,0.9592
CAN,ISR,2023,0.001234,0.9592
CAN,SWE,2023,0.003139,0.9592
CAN,PHL,2023,0.002249,0.9592
CAN,DNK,2023,0.001987,0.9592
CAN,ARG,2023,0.00116,0.9592
CAN,JPN,2023,0.024042,0.9592
CAN,HUN,2023,0.000748,0.9592
CAN,FIN,2023,0.001602,0.9592
CAN,BRA,2023,0.008738,0.9592
CAN,VNM,2023,0.00924,0.9592
CAN,IDN,2023,0.003385,0.9592
CAN,GBR,2023,0.016217,0.9592
CAN,PRT,2023,0.002513,0.9592
CAN,VEN,2023,0.000192,0.9592
CAN,MYS,2023,0.003102,0.9592
CAN,DEU,2023,0.021124,0.9592
CAN,CHL,2023,0.002231,0.9592
CAN,UKR,2023,0.000459,0.9592
CAN,ESP,2023,0.004124,0.9592
CAN,THA,2023,0.003908,0.9592
CAN,RUS,2023,7.8e-05,0.9592
CAN,POL,2023,0.00273,0.9592
CHE,KOR,2019,0.007709,0.8352
CHE,AUS,2019,0.006725,0.8352
CHE,FRA,2019,0.064694,0.8352
CHE,NOR,2019,0.001903,0.8352
CHE,PER,2019,0.004186,0.8352
CHE,USA,2019,0.10621,0.8352
CHE,IND,2019,0.034286,0.8352
CHE,CAN,2019,0.009619,0.8352
CHE,TWN,2019,0.005707,0.8352
CHE,EGY,2019,0.002192,0.8352
CHE,CHN,2019,0.06216,0.8352
CHE,TUR,2019,0.008509,0.8352
CHE,COL,2019,0.001546,0.8352
CHE,NLD,2019,0.019719,0.8352
CHE,MEX,2019,0.004037,0.8352
CHE,ZAF,2019,0.005892,0.8352
CHE,HKG,2019,0.023306,0.8352
CHE,SAU,2019,0.003951,0.8352
CHE,TUN,2019,0.000723,0.8352
CHE,ITA,2019,0.065297,0.8352
CHE,BEL,2019,0.018547,0.8352
CHE,ISR,2019,0.00311,0.8352
CHE,SWE,2019,0.0056,0.8352
CHE,PHL,2019,0.001571,0.8352
CHE,DNK,2019,0.003532,0.8352
CHE,ARG,2019,0.003977,0.8352
CHE,JPN,2019,0.021336,0.8352
CHE,HUN,2019,0.004176,0.8352
CHE,FIN,2019,0.002832,0.8352
CHE,BRA,2019,0.006614,0.8352
CHE,VNM,2019,0.00621,0.8352
CHE,IDN,2019,0.002502,0.8352
CHE,GBR,2019,0.075536,0.8352
CHE,PRT,2019,0.003912,0.8352
CHE,VEN,2019,5.5e-05,0.8352
CHE,MYS,2019,0.003647,0.8352
CHE,DEU,2019,0.17851,0.8352
CHE,CHL,2019,0.001898,0.8352
CHE,UKR,2019,0.00105,0.8352
CHE,ESP,2019,0.024208,0.8352
CHE,THA,2019,0.013057,0.8352
CHE,RUS,2019,0.006081,0.8352
CHE,POL,2019,0.008856,0.8352
CHE,KOR,2021,0.008386,0.8424
CHE,AUS,2021,0.005791,0.8424
CHE,FRA,2021,0.05418,0.8424
CHE,NOR,2021,0.001772,0.8424
CHE,PER,2021,0.003444,0.8424
CHE,USA,2021,0.123686,0.8424
CHE,IND,2021,0.04799,0.8424
CHE,CAN,2021,0.010793,0.8424
CHE,TWN,2021,0.006292,0.8424
CHE,EGY,2021,0.002025,0.8424
CHE,CHN,2021,0.075175,0.8424
CHE,TUR,2021,0.00711,0.8424
CHE,COL,2021,0.001521,0.8424
CHE,NLD,2021,0.018878,0.8424
CHE,MEX,2021,0.004488,0.8424
CHE,ZAF,2021,0.006944,0.8424
CHE,HKG,2021,0.021103,0.8424
CHE,SAU,2021,0.004877,0.8424
CHE,TUN,2021,0.000644,0.8424
CHE,ITA,2021,0.062928,0.8424
CHE,BEL,2021,0.013466,0.8424
CHE,ISR,2021,0.002481,0.8424
CHE,SWE,2021,0.005243,0.8424
CHE,PHL,2021,0.00149,0.8424
CHE,DNK,2021,0.00323,0.8424
CHE,ARG,2021,0.002388,0.8424
CHE,JPN,2021,0.019621,0.8424
CHE,HUN,2021,0.004176,0.8424
CHE,FIN,2021,0.003254,0.8424
CHE,BRA,2021,0.005864,0.8424
CHE,VNM,2021,0.003424,0.8424
CHE,IDN,2021,0.002933,0.8424
CHE,GBR,2021,0.071704,0.8424
CHE,PRT,2021,0.003535,0.8424
CHE,VEN,2021,5e-05,0.8424
CHE,MYS,2021,0.003375,0.8424
CHE,DEU,2021,0.167254,0.8424
CHE,CHL,2021,0.001833,0.8424
CHE,UKR,2021,0.001341,0.8424
CHE,ESP,2021,0.03254,0.8424
CHE,THA,2021,0.008827,0.8424
CHE,RUS,2021,0.007378,0.8424
CHE,POL,2021,0.009011,0.8424
CHE,KOR,2023,0.008168,0.7992
CHE,AUS,2023,0.010792,0.7992
CHE,FRA,2023,0.053246,0.7992
CHE,NOR,2023,0.001711,0.7992
CHE,PER,2023,0.003263,0.7992
CHE,USA,2023,0.12211,0.7992
CHE,IND,2023,0.025092,0.7992
CHE,CAN,2023,0.014049,0.7992
CHE,TWN,2023,0.004761,0.7992
CHE,EGY,2023,0.002333,0.7992
CHE,CHN,2023,0.083589,0.7992
CHE,TUR,2023,0.023879,0.7992
CHE,COL,2023,0.001385,0.7992
CHE,NLD,2023,0.017459,0.7992
CHE,MEX,2023,0.006478,0.7992
CHE,ZAF,2023,0.006212,0.7992
CHE,HKG,2023,0.02554,0.7992
CHE,SAU,2023,0.009651,0.7992
CHE,TUN,2023,0.000616,0.7992
CHE,ITA,2023,0.070587,0.7992
CHE,BEL,2023,0.012975,0.7992
CHE,ISR,2023,0.002373,0.7992
CHE,SWE,2023,0.005068,0.7992
CHE,PHL,2023,0.002706,0.7992
CHE,DNK,2023,0.003524,0.7992
CHE,ARG,2023,0.002577,0.7992
CHE,JPN,2023,0.020642,0.7992
CHE,HUN,2023,0.003812,0.7992
CHE,FIN,2023,0.00305,0.7992
CHE,BRA,2023,0.006284,0.7992
CHE,VNM,2023,0.003145,0.7992
CHE,IDN,2023,0.003983,0.7992
CHE,GBR,2023,0.027619,0.7992
CHE,PRT,2023,0.003499,0.7992
CHE,VEN,2023,6.9e-05,0.7992
CHE,MYS,2023,0.003033,0.7992
CHE,DEU,2023,0.149569,0.7992
CHE,CHL,2023,0.001381,0.7992
CHE,UKR,2023,0.000799,0.7992
CHE,ESP,2023,0.024129,0.7992
CHE,THA,2023,0.010523,0.7992
CHE,RUS,2023,0.008718,0.7992
CHE,POL,2023,0.008843,0.7992
CHL,KOR,2019,0.042647,0.9201
CHL,AUS,2019,0.003644,0.9201
CHL,FRA,2019,0.018975,0.9201
CHL,NOR,2019,0.001231,0.9201
CHL,PER,2019,0.021752,0.9201
CHL,USA,2019,0.167897,0.9201
CHL,IND,2019,0.015625,0.9201
CHL,CAN,2019,0.012493,0.9201
CHL,TWN,2019,0.012824,0.9201
CHL,EGY,2019,0.000236,0.9201
CHL,CHN,2019,0.278428,0.9201
CHL,CHE,2019,0.006409,0.9201
CHL,TUR,2019,0.004677,0.9201
CHL,COL,2019,0.013718,0.9201
CHL,NLD,2019,0.014455,0.9201
CHL,MEX,2019,0.023942,0.9201
CHL,ZAF,2019,0.001081,0.9201
CHL,HKG,2019,0.001083,0.9201
CHL,SAU,2019,0.000962,0.9201
CHL,TUN,2019,6.7e-05,0.9201
CHL,ITA,2019,0.01492,0.9201
CHL,BEL,2019,0.00625,0.9201
CHL,ISR,2019,0.001792,0.9201
CHL,SWE,2019,0.004145,0.9201
CHL,PHL,2019,0.001575,0.9201
CHL,DNK,2019,0.002153,0.9201
CHL,ARG,2019,0.029679,0.9201
CHL,JPN,2019,0.062088,0.9201
CHL,HUN,2019,0.000633,0.9201
CHL,FIN,2019,0.004263,0.9201
CHL,BRA,2019,0.063543,0.9201
CHL,VNM,2019,0.007479,0.9201
CHL,IDN,2019,0.002344,0.9201
CHL,GBR,2019,0.008727,0.9201
CHL,PRT,2019,0.001329,0.9201
CHL,VEN,2019,0.000408,0.9201
CHL,MYS,2019,0.003277,0.9201
CHL,DEU,2019,0.02621,0.9201
CHL,UKR,2019,0.000222,0.9201
CHL,ESP,2019,0.021274,0.9201
CHL,THA,2019,0.007623,0.9201
CHL,RUS,2019,0.006299,0.9201
CHL,POL,2019,0.001703,0.9201
CHL,KOR,2021,0.035875,0.9327
CHL,AUS,2021,0.004123,0.9327
CHL,FRA,2021,0.01505,0.9327
CHL,NOR,2021,0.001231,0.9327
CHL,PER,2021,0.018505,0.9327
CHL,USA,2021,0.165678,0.9327
CHL,IND,2021,0.013754,0.9327
CHL,CAN,2021,0.012449,0.9327
CHL,TWN,2021,0.012971,0.9327
CHL,EGY,2021,0.000202,0.9327
CHL,CHN,2021,0.342696,0.9327
CHL,CHE,2021,0.006604,0.9327
CHL,TUR,2021,0.005093,0.9327
CHL,COL,2021,0.011177,0.9327
CHL,NLD,2021,0.011317,0.9327
CHL,MEX,2021,0.020986,0.9327
CHL,ZAF,2021,0.001549,0.9327
CHL,HKG,2021,0.0007,0.9327
CHL,SAU,2021,0.000652,0.9327
CHL,TUN,2021,4e-05,0.9327
CHL,ITA,2021,0.012044,0.9327
CHL,BEL,2021,0.005392,0.9327
CHL,ISR,2021,0.001209,0.9327
CHL,SWE,2021,0.003399,0.9327
CHL,PHL,2021,0.001799,0.9327
CHL,DNK,2021,0.001872,0.9327
CHL,ARG,2021,0.030508,0.9327
CHL,JPN,2021,0.050188,0.9327
CHL,HUN,2021,0.000451,0.9327
CHL,FIN,2021,0.003074,0.9327
CHL,BRA,2021,0.065917,0.9327
CHL,VNM,2021,0.008575,0.9327
CHL,IDN,2021,0.002346,0.9327
CHL,GBR,2021,0.006461,0.9327
CHL,PRT,2021,0.00108,0.9327
CHL,VEN,2021,0.000355,0.9327
CHL,MYS,2021,0.002866,0.9327
CHL,DEU,2021,0.021527,0.9327
CHL,UKR,2021,0.00025,0.9327
CHL,ESP,2021,0.019702,0.9327
CHL,THA,2021,0.006802,0.9327
CHL,RUS,2021,0.004365,0.9327
CHL,POL,2021,0.001831,0.9327
CHL,KOR,2023,0.041611,0.9234
CHL,AUS,2023,0.004368,0.9234
CHL,FRA,2023,0.011963,0.9234
CHL,NOR,2023,0.001604,0.9234
CHL,PER,2023,0.018788,0.9234
CHL,USA,2023,0.174396,0.9234
CHL,IND,2023,0.015776,0.9234
CHL,CAN,2023,0.011897,0.9234
CHL,TWN,2023,0.008085,0.9234
CHL,EGY,2023,0.000226,0.9234
CHL,CHN,2023,0.317441,0.9234
CHL,CHE,2023,0.005469,0.9234
CHL,TUR,2023,0.002808,0.9234
CHL,COL,2023,0.010494,0.9234
CHL,NLD,2023,0.011955,0.9234
CHL,MEX,2023,0.019037,0.9234
CHL,ZAF,2023,0.001025,0.9234
CHL,HKG,2023,0.000586,0.9234
CHL,SAU,2023,0.001548,0.9234
CHL,TUN,2023,2.2e-05,0.9234
CHL,ITA,2023,0.012686,0.9234
CHL,BEL,2023,0.008253,0.9234
CHL,ISR,2023,0.001282,0.9234
CHL,SWE,2023,0.003611,0.9234
CHL,PHL,2023,0.001796,0.9234
CHL,DNK,2023,0.002614,0.9234
CHL,ARG,2023,0.036636,0.9234
CHL,JPN,2023,0.051343,0.9234
CHL,HUN,2023,0.000524,0.9234
CHL,FIN,2023,0.002529,0.9234
CHL,BRA,2023,0.072325,0.9234
CHL,VNM,2023,0.00846,0.9234
CHL,IDN,2023,0.002811,0.9234
CHL,GBR,2023,0.0054,0.9234
CHL,PRT,2023,0.000932,0.9234
CHL,VEN,2023,0.000528,0.9234
CHL,MYS,2023,0.002666,0.9234
CHL,DEU,2023,0.021216,0.9234
CHL,UKR,2023,0.000124,0.9234
CHL,ESP,2023,0.01685,0.9234
CHL,THA,2023,0.006904,0.9234
CHL,RUS,2023,0.002826,0.9234
CHL,POL,2023,0.001944,0.9234
CHN,KOR,2019,0.062146,0.8157
CHN,AUS,2019,0.037025,0.8157
CHN,FRA,2019,0.014399,0.8157
CHN,NOR,2019,0.001607,0.8157
CHN,PER,2019,0.005178,0.8157
CHN,USA,2019,0.118623,0.8157
CHN,IND,2019,0.020271,0.8157
CHN,CAN,2019,0.014215,0.8157
CHN,TWN,2019,0.049835,0.8157
CHN,EGY,2019,0.002883,0.8157
CHN,CHE,2019,0.006989,0.8157
CHN,TUR,2019,0.004547,0.8157
CHN,COL,2019,0.003417,0.8157
CHN,NLD,2019,0.018605,0.8157
CHN,MEX,2019,0.013261,0.8157
CHN,ZAF,2019,0.009281,0.8157
CHN,HKG,2019,0.062879,0.8157
CHN,SAU,2019,0.017052,0.8157
CHN,TUN,2019,0.000344,0.8157
CHN,ITA,2019,0.012,0.8157
CHN,BEL,2019,0.005482,0.8157
CHN,ISR,2019,0.003226,0.8157
CHN,SWE,2019,0.003862,0.8157
CHN,PHL,2019,0.013315,0.8157
CHN,DNK,2019,0.002557,0.8157
CHN,ARG,2019,0.003118,0.8157
CHN,JPN,2019,0.068803,0.8157
CHN,HUN,2019,0.002232,0.8157
CHN,FIN,2019,0.001682,0.8157
CHN,BRA,2019,0.025227,0.8157
CHN,VNM,2019,0.03538,0.8157
CHN,IDN,2019,0.017421,0.8157
CHN,GBR,2019,0.018861,0.8157
CHN,PRT,2019,0.001461,0.8157
CHN,VEN,2019,0.001398,0.8157
CHN,MYS,2019,0.027094,0.8157
CHN,DEU,2019,0.040379,0.8157
CHN,CHL,2019,0.008942,0.8157
CHN,UKR,2019,0.002601,0.8157
CHN,ESP,2019,0.007754,0.8157
CHN,THA,2019,0.020039,0.8157
CHN,RUS,2019,0.02423,0.8157
CHN,POL,2019,0.006077,0.8157
CHN,KOR,2021,0.059904,0.8315
CHN,AUS,2021,0.038092,0.8315
CHN,FRA,2021,0.014126,0.8315
CHN,NOR,2021,0.002534,0.8315
CHN,PER,2021,0.006204,0.8315
CHN,USA,2021,0.12475,0.8315
CHN,IND,2021,0.020764,0.8315
CHN,CAN,2021,0.013492,0.8315
CHN,TWN,2021,0.054433,0.8315
CHN,EGY,2021,0.003285,0.8315
CHN,CHE,2021,0.007399,0.8315
CHN,TUR,2021,0.005662,0.8315
CHN,COL,2021,0.003306,0.8315
CHN,NLD,2021,0.019258,0.8315
CHN,MEX,2021,0.014355,0.8315
CHN,ZAF,2021,0.008964,0.8315
CHN,HKG,2021,0.059393,0.8315
CHN,SAU,2021,0.01437,0.8315
CHN,TUN,2021,0.000353,0.8315
CHN,ITA,2021,0.012276,0.8315
CHN,BEL,2021,0.006397,0.8315
CHN,ISR,2021,0.00377,0.8315
CHN,SWE,2021,0.003482,0.8315
CHN,PHL,2021,0.013453,0.8315
CHN,DNK,2021,0.002972,0.8315
CHN,ARG,2021,0.002953,0.8315
CHN,JPN,2021,0.061645,0.8315
CHN,HUN,2021,0.002616,0.8315
CHN,FIN,2021,0.001522,0.8315
CHN,BRA,2021,0.027221,0.8315
CHN,VNM,2021,0.038106,0.8315
CHN,IDN,2021,0.020642,0.8315
CHN,GBR,2021,0.018528,0.8315
CHN,PRT,2021,0.001463,0.8315
CHN,VEN,2021,0.000522,0.8315
CHN,MYS,2021,0.029087,0.8315
CHN,DEU,2021,0.038969,0.8315
CHN,CHL,2021,0.010914,0.8315
CHN,UKR,2021,0.003179,0.8315
CHN,ESP,2021,0.008008,0.8315
CHN,THA,2021,0.021675,0.8315
CHN,RUS,2021,0.024484,0.8315
CHN,POL,2021,0.006977,0.8315
CHN,KOR,2023,0.052341,0.8112
CHN,AUS,2023,0.038652,0.8112
CHN,FRA,2023,0.013381,0.8112
CHN,NOR,2023,0.001302,0.8112
CHN,PER,2023,0.006338,0.8112
CHN,USA,2023,0.112251,0.8112
CHN,IND,2023,0.022946,0.8112
CHN,CAN,2023,0.014991,0.8112
CHN,TWN,2023,0.045119,0.8112
CHN,EGY,2023,0.002664,0.8112
CHN,CHE,2023,0.010065,0.8112
CHN,TUR,2023,0.00731,0.8112
CHN,COL,2023,0.003167,0.8112
CHN,NLD,2023,0.019725,0.8112
CHN,MEX,2023,0.016878,0.8112
CHN,ZAF,2023,0.00937,0.8112
CHN,HKG,2023,0.048545,0.8112
CHN,SAU,2023,0.01806,0.8112
CHN,TUN,2023,0.000382,0.8112
CHN,ITA,2023,0.012086,0.8112
CHN,BEL,2023,0.006765,0.8112
CHN,ISR,2023,0.003938,0.8112
CHN,SWE,2023,0.003174,0.8112
CHN,PHL,2023,0.012109,0.8112
CHN,DNK,2023,0.002309,0.8112
CHN,ARG,2023,0.002929,0.8112
CHN,JPN,2023,0.053563,0.8112
CHN,HUN,2023,0.002447,0.8112
CHN,FIN,2023,0.001382,0.8112
CHN,BRA,2023,0.03059,0.8112
CHN,VNM,2023,0.0387,0.8112
CHN,IDN,2023,0.023475,0.8112
CHN,GBR,2023,0.016503,0.8112
CHN,PRT,2023,0.001466,0.8112
CHN,VEN,2023,0.000706,0.8112
CHN,MYS,2023,0.032052,0.8112
CHN,DEU,2023,0.034831,0.8112
CHN,CHL,2023,0.01053,0.8112
CHN,UKR,2023,0.001147,0.8112
CHN,ESP,2023,0.008182,0.8112
CHN,THA,2023,0.021272,0.8112
CHN,RUS,2023,0.040452,0.8112
CHN,POL,2023,0.007079,0.8112
COL,KOR,2019,0.012682,0.8594
COL,AUS,2019,0.001384,0.8594
COL,FRA,2019,0.016981,0.8594
COL,NOR,2019,0.000807,0.8594
COL,PER,2019,0.020561,0.8594
COL,USA,2019,0.278146,0.8594
COL,IND,2019,0.016419,0.8594
COL,CAN,2019,0.014476,0.8594
COL,TWN,2019,0.005241,0.8594
COL,EGY,2019,0.000318,0.8594
COL,CHN,2019,0.168483,0.8594
COL,CHE,2019,0.006734,0.8594
COL,TUR,2019,0.016581,0.8594
COL,NLD,2019,0.016074,0.8594
COL,MEX,2019,0.057369,0.8594
COL,ZAF,2019,0.000469,0.8594
COL,HKG,2019,0.002089,0.8594
COL,SAU,2019,0.000563,0.8594
COL,TUN,2019,8.3e-05,0.8594
COL,ITA,2019,0.017339,0.8594
COL,BEL,2019,0.008388,0.8594
COL,ISR,2019,0.004925,0.8594
COL,SWE,2019,0.001998,0.8594
COL,PHL,2019,0.000631,0.8594
COL,DNK,2019,0.001597,0.8594
COL,ARG,2019,0.013489,0.8594
COL,JPN,2019,0.018455,0.8594
COL,HUN,2019,0.001502,0.8594
COL,FIN,2019,0.002013,0.8594
COL,BRA,2019,0.050331,0.8594
COL,VNM,2019,0.007431,0.8594
COL,IDN,2019,0.002376,0.8594
COL,GBR,2019,0.011581,0.8594
COL,PRT,2019,0.002708,0.8594
COL,VEN,2019,0.002613,0.8594
COL,MYS,2019,0.002885,0.8594
COL,DEU,2019,0.028804,0.8594
COL,CHL,2019,0.01759,0.8594
COL,UKR,2019,0.000775,0.8594
COL,ESP,2019,0.016601,0.8594
COL,THA,2019,0.003609,0.8594
COL,RUS,2019,0.003601,0.8594
COL,POL,2019,0.002691,0.8594
COL,KOR,2021,0.015169,0.874
COL,AUS,2021,0.002425,0.874
COL,FRA,2021,0.016247,0.874
COL,NOR,2021,0.000898,0.874
COL,PER,2021,0.018906,0.874
COL,USA,2021,0.251891,0.874
COL,IND,2021,0.035294,0.874
COL,CAN,2021,0.016378,0.874
COL,TWN,2021,0.005914,0.874
COL,EGY,2021,0.001492,0.874
COL,CHN,2021,0.180088,0.874
COL,CHE,2021,0.005784,0.874
COL,TUR,2021,0.016914,0.874
COL,NLD,2021,0.014341,0.874
COL,MEX,2021,0.048817,0.874
COL,ZAF,2021,0.000805,0.874
COL,HKG,2021,0.004548,0.874
COL,SAU,2021,0.001441,0.874
COL,TUN,2021,0.000114,0.874
COL,ITA,2021,0.01733,0.874
COL,BEL,2021,0.009728,0.874
COL,ISR,2021,0.004198,0.874
COL,SWE,2021,0.002259,0.874
COL,PHL,2021,0.000517,0.874
COL,DNK,2021,0.001583,0.874
COL,ARG,2021,0.01557,0.874
COL,JPN,2021,0.016946,0.874
COL,HUN,2021,0.00161,0.874
COL,FIN,2021,0.002283,0.874
COL,BRA,2021,0.054166,0.874
COL,VNM,2021,0.009143,0.874
COL,IDN,2021,0.003711,0.874
COL,GBR,2021,0.009391,0.874
COL,PRT,2021,0.001064,0.874
COL,VEN,2021,0.003908,0.874
COL,MYS,2021,0.003234,0.874
COL,DEU,2021,0.027208,0.874
COL,CHL,2021,0.017969,0.874
COL,UKR,2021,0.002582,0.874
COL,ESP,2021,0.019508,0.874
COL,THA,2021,0.003902,0.874
COL,RUS,2021,0.006569,0.874
COL,POL,2021,0.002149,0.874
COL,KOR,2023,0.014942,0.8535
COL,AUS,2023,0.001325,0.8535
COL,FRA,2023,0.020749,0.8535
COL,NOR,2023,0.001065,0.8535
COL,PER,2023,0.017156,0.8535
COL,USA,2023,0.269166,0.8535
COL,IND,2023,0.033819,0.8535
COL,CAN,2023,0.0153,0.8535
COL,TWN,2023,0.00517,0.8535
COL,EGY,2023,0.003348,0.8535
COL,CHN,2023,0.142481,0.8535
COL,CHE,2023,0.00511,0.8535
COL,TUR,2023,0.009814,0.8535
COL,NLD,2023,0.023539,0.8535
COL,MEX,2023,0.044149,0.8535
COL,ZAF,2023,0.001033,0.8535
COL,HKG,2023,0.003585,0.8535
COL,SAU,2023,0.00132,0.8535
COL,TUN,2023,6.3e-05,0.8535
COL,ITA,2023,0.017094,0.8535
COL,BEL,2023,0.009951,0.8535
COL,ISR,2023,0.005282,0.8535
COL,SWE,2023,0.002918,0.8535
COL,PHL,2023,0.00054,0.8535
COL,DNK,2023,0.00191,0.8535
COL,ARG,2023,0.015709,0.8535
COL,JPN,2023,0.018104,0.8535
COL,HUN,2023,0.001046,0.8535
COL,FIN,2023,0.002255,0.8535
COL,BRA,2023,0.052691,0.8535
COL,VNM,2023,0.007531,0.8535
COL,IDN,2023,0.002358,0.8535
COL,GBR,2023,0.010288,0.8535
COL,PRT,2023,0.000981,0.8535
COL,VEN,2023,0.007146,0.8535
COL,MYS,2023,0.00441,0.8535
COL,DEU,2023,0.026063,0.8535
COL,CHL,2023,0.015814,0.8535
COL,UKR,2023,0.000332,0.8535
COL,ESP,2023,0.021421,0.8535
COL,THA,2023,0.003172,0.8535
COL,RUS,2023,0.003507,0.8535
COL,POL,2023,0.009852,0.8535
DEU,KOR,2019,0.012092,0.7978
DEU,AUS,2019,0.004901,0.7978
DEU,FRA,2019,0.070724,0.7978
DEU,NOR,2019,0.006946,0.7978
DEU,PER,2019,0.000905,0.7978
DEU,USA,2019,0.078671,0.7978
DEU,IND,2019,0.00882,0.7978
DEU,CAN,2019,0.006684,0.7978
DEU,TWN,2019,0.007421,0.7978
DEU,EGY,2019,0.002098,0.7978
DEU,CHN,2019,0.085134,0.7978
DEU,CHE,2019,0.042983,0.7978
DEU,TUR,2019,0.014575,0.7978
DEU,COL,2019,0.000986,0.7978
DEU,NLD,2019,0.069576,0.7978
DEU,MEX,2019,0.009303,0.7978
DEU,ZAF,2019,0.007645,0.7978
DEU,HKG,2019,0.002997,0.7978
DEU,SAU,2019,0.002953,0.7978
DEU,TUN,2019,0.00138,0.7978
DEU,ITA,2019,0.051119,0.7978
DEU,BEL,2019,0.035548,0.7978
DEU,ISR,2019,0.002829,0.7978
DEU,SWE,2019,0.016499,0.7978
DEU,PHL,2019,0.002671,0.7978
DEU,DNK,2019,0.012683,0.7978
DEU,ARG,2019,0.001439,0.7978
DEU,JPN,2019,0.018588,0.7978
DEU,HUN,2019,0.022708,0.7978
DEU,FIN,2019,0.008233,0.7978
DEU,BRA,2019,0.007034,0.7978
DEU,VNM,2019,0.00576,0.7978
DEU,IDN,2019,0.002606,0.7978
DEU,GBR,2019,0.04787,0.7978
DEU,PRT,2019,0.007391,0.7978
DEU,VEN,2019,0.000129,0.7978
DEU,MYS,2019,0.005885,0.7978
DEU,CHL,2019,0.001626,0.7978
DEU,UKR,2019,0.003197,0.7978
DEU,ESP,2019,0.031674,0.7978
DEU,THA,2019,0.004572,0.7978
DEU,RUS,2019,0.020417,0.7978
DEU,POL,2019,0.050512,0.7978
DEU,KOR,2021,0.012137,0.7951
DEU,AUS,2021,0.004886,0.7951
DEU,FRA,2021,0.063423,0.7951
DEU,NOR,2021,0.006511,0.7951
DEU,PER,2021,0.000865,0.7951
DEU,USA,2021,0.075615,0.7951
DEU,IND,2021,0.00911,0.7951
DEU,CAN,2021,0.006113,0.7951
DEU,TWN,2021,0.008395,0.7951
DEU,EGY,2021,0.002006,0.7951
DEU,CHN,2021,0.096143,0.7951
DEU,CHE,2021,0.043911,0.7951
DEU,TUR,2021,0.01541,0.7951
DEU,COL,2021,0.001038,0.7951
DEU,NLD,2021,0.070458,0.7951
DEU,MEX,2021,0.008166,0.7951
DEU,ZAF,2021,0.007487,0.7951
DEU,HKG,2021,0.002707,0.7951
DEU,SAU,2021,0.002604,0.7951
DEU,TUN,2021,0.001321,0.7951
DEU,ITA,2021,0.054234,0.7951
DEU,BEL,2021,0.038637,0.7951
DEU,ISR,2021,0.003012,0.7951
DEU,SWE,2021,0.016777,0.7951
DEU,PHL,2021,0.00226,0.7951
DEU,DNK,2021,0.012827,0.7951
DEU,ARG,2021,0.001264,0.7951
DEU,JPN,2021,0.016343,0.7951
DEU,HUN,2021,0.022443,0.7951
DEU,FIN,2021,0.007874,0.7951
DEU,BRA,2021,0.006937,0.7951
DEU,VNM,2021,0.00555,0.7951
DEU,IDN,2021,0.002555,0.7951
DEU,GBR,2021,0.037737,0.7951
DEU,PRT,2021,0.006603,0.7951
DEU,VEN,2021,3.8e-05,0.7951
DEU,MYS,2021,0.005866,0.7951
DEU,CHL,2021,0.001477,0.7951
DEU,UKR,2021,0.003316,0.7951
DEU,ESP,2021,0.030131,0.7951
DEU,THA,2021,0.004649,0.7951
DEU,RUS,2021,0.019448,0.7951
DEU,POL,2021,0.056802,0.7951
DEU,KOR,2023,0.011645,0.7936
DEU,AUS,2023,0.005643,0.7936
DEU,FRA,2023,0.064299,0.7936
DEU,NOR,2023,0.007689,0.7936
DEU,PER,2023,0.000841,0.7936
DEU,USA,2023,0.085647,0.7936
DEU,IND,2023,0.010576,0.7936
DEU,CAN,2023,0.00661,0.7936
DEU,TWN,2023,0.008832,0.7936
DEU,EGY,2023,0.002301,0.7936
DEU,CHN,2023,0.087936,0.7936
DEU,CHE,2023,0.041661,0.7936
DEU,TUR,2023,0.018777,0.7936
DEU,COL,2023,0.001218,0.7936
DEU,NLD,2023,0.070935,0.7936
DEU,MEX,2023,0.00999,0.7936
DEU,ZAF,2023,0.007358,0.7936
DEU,HKG,2023,0.002558,0.7936
DEU,SAU,2023,0.003631,0.7936
DEU,TUN,2023,0.001601,0.7936
DEU,ITA,2023,0.053123,0.7936
DEU,BEL,2023,0.037514,0.7936
DEU,ISR,2023,0.002751,0.7936
DEU,SWE,2023,0.016367,0.7936
DEU,PHL,2023,0.002321,0.7936
DEU,DNK,2023,0.012565,0.7936
DEU,ARG,2023,0.001186,0.7936
DEU,JPN,2023,0.015773,0.7936
DEU,HUN,2023,0.023556,0.7936
DEU,FIN,2023,0.007112,0.7936
DEU,BRA,2023,0.007125,0.7936
DEU,VNM,2023,0.005748,0.7936
DEU,IDN,2023,0.00268,0.7936
DEU,GBR,2023,0.039251,0.7936
DEU,PRT,2023,0.006807,0.7936
DEU,VEN,2023,3.5e-05,0.7936
DEU,MYS,2023,0.00606,0.7936
DEU,CHL,2023,0.001659,0.7936
DEU,UKR,2023,0.003436,0.7936
DEU,ESP,2023,0.031445,0.7936
DEU,THA,2023,0.004781,0.7936
DEU,RUS,2023,0.004424,0.7936
DEU,POL,2023,0.058104,0.7936
DNK,KOR,2019,0.006245,0.7899
DNK,AUS,2019,0.005164,0.7899
DNK,FRA,2019,0.029686,0.7899
DNK,NOR,2019,0.050738,0.7899
DNK,PER,2019,0.000683,0.7899
DNK,USA,2019,0.041215,0.7899
DNK,IND,2019,0.006044,0.7899
DNK,CAN,2019,0.003718,0.7899
DNK,TWN,2019,0.003545,0.7899
DNK,EGY,2019,0.000985,0.7899
DNK,CHN,2019,0.052394,0.7899
DNK,CHE,2019,0.007935,0.7899
DNK,TUR,2019,0.009483,0.7899
DNK,COL,2019,0.00031,0.7899
DNK,NLD,2019,0.062319,0.7899
DNK,MEX,2019,0.002327,0.7899
DNK,ZAF,2019,0.002058,0.7899
DNK,HKG,2019,0.002772,0.7899
DNK,SAU,2019,0.002772,0.7899
DNK,TUN,2019,0.000204,0.7899
DNK,ITA,2019,0.026564,0.7899
DNK,BEL,2019,0.023282,0.7899
DNK,ISR,2019,0.001202,0.7899
DNK,SWE,2019,0.108326,0.7899
DNK,PHL,2019,0.001027,0.7899
DNK,ARG,2019,0.001767,0.7899
DNK,JPN,2019,0.009574,0.7899
DNK,HUN,2019,0.00641,0.7899
DNK,FIN,2019,0.01524,0.7899
DNK,BRA,2019,0.002765,0.7899
DNK,VNM,2019,0.002894,0.7899
DNK,IDN,2019,0.001805,0.7899
DNK,GBR,2019,0.047238,0.7899
DNK,PRT,2019,0.003321,0.7899
DNK,VEN,2019,1.6e-05,0.7899
DNK,MYS,2019,0.002221,0.7899
DNK,DEU,2019,0.172273,0.7899
DNK,CHL,2019,0.001593,0.7899
DNK,UKR,2019,0.002754,0.7899
DNK,ESP,2019,0.018035,0.7899
DNK,THA,2019,0.00413,0.7899
DNK,RUS,2019,0.011171,0.7899
DNK,POL,2019,0.035687,0.7899
DNK,KOR,2021,0.006368,0.7942
DNK,AUS,2021,0.004869,0.7942
DNK,FRA,2021,0.029658,0.7942
DNK,NOR,2021,0.047539,0.7942
DNK,PER,2021,0.000729,0.7942
DNK,USA,2021,0.04082,0.7942
DNK,IND,2021,0.006196,0.7942
DNK,CAN,2021,0.003239,0.7942
DNK,TWN,2021,0.006987,0.7942
DNK,EGY,2021,0.000893,0.7942
DNK,CHN,2021,0.064538,0.7942
DNK,CHE,2021,0.007647,0.7942
DNK,TUR,2021,0.009863,0.7942
DNK,COL,2021,0.000335,0.7942
DNK,NLD,2021,0.067718,0.7942
DNK,MEX,2021,0.002223,0.7942
DNK,ZAF,2021,0.001259,0.7942
DNK,HKG,2021,0.002409,0.7942
DNK,SAU,2021,0.001964,0.7942
DNK,TUN,2021,0.000154,0.7942
DNK,ITA,2021,0.027722,0.7942
DNK,BEL,2021,0.023744,0.7942
DNK,ISR,2021,0.001358,0.7942
DNK,SWE,2021,0.109712,0.7942
DNK,PHL,2021,0.001419,0.7942
DNK,ARG,2021,0.001194,0.7942
DNK,JPN,2021,0.007999,0.7942
DNK,HUN,2021,0.005742,0.7942
DNK,FIN,2021,0.016,0.7942
DNK,BRA,2021,0.002943,0.7942
DNK,VNM,2021,0.002861,0.7942
DNK,IDN,2021,0.001528,0.7942
DNK,GBR,2021,0.036279,0.7942
DNK,PRT,2021,0.003179,0.7942
DNK,VEN,2021,4.3e-05,0.7942
DNK,MYS,2021,0.002731,0.7942
DNK,DEU,2021,0.168562,0.7942
DNK,CHL,2021,0.001265,0.7942
DNK,UKR,2021,0.002644,0.7942
DNK,ESP,2021,0.017243,0.7942
DNK,THA,2021,0.003567,0.7942
DNK,RUS,2021,0.012236,0.7942
DNK,POL,2021,0.038853,0.7942
DNK,KOR,2023,0.007238,0.7858
DNK,AUS,2023,0.00524,0.7858
DNK,FRA,2023,0.031551,0.7858
DNK,NOR,2023,0.049225,0.7858
DNK,PER,2023,0.000387,0.7858
DNK,USA,2023,0.048348,0.7858
DNK,IND,2023,0.006471,0.7858
DNK,CAN,2023,0.003704,0.7858
DNK,TWN,2023,0.005303,0.7858
DNK,EGY,2023,0.00089,0.7858
DNK,CHN,2023,0.045098,0.7858
DNK,CHE,2023,0.007564,0.7858
DNK,TUR,2023,0.010044,0.7858
DNK,COL,2023,0.000402,0.7858
DNK,NLD,2023,0.075505,0.7858
DNK,MEX,2023,0.002876,0.7858
DNK,ZAF,2023,0.001364,0.7858
DNK,HKG,2023,0.004729,0.7858
DNK,SAU,2023,0.003179,0.7858
DNK,TUN,2023,0.000148,0.7858
DNK,ITA,2023,0.027814,0.7858
DNK,BEL,2023,0.024004,0.7858
DNK,ISR,2023,0.0014,0.7858
DNK,SWE,2023,0.103118,0.7858
DNK,PHL,2023,0.00139,0.7858
DNK,ARG,2023,0.000836,0.7858
DNK,JPN,2023,0.007196,0.7858
DNK,HUN,2023,0.005935,0.7858
DNK,FIN,2023,0.014978,0.7858
DNK,BRA,2023,0.004257,0.7858
DNK,VNM,2023,0.002657,0.7858
DNK,IDN,2023,0.001511,0.7858
DNK,GBR,2023,0.034729,0.7858
DNK,PRT,2023,0.003498,0.7858
DNK,VEN,2023,4.5e-05,0.7858
DNK,MYS,2023,0.002116,0.7858
DNK,DEU,2023,0.169203,0.7858
DNK,CHL,2023,0.001776,0.7858
DNK,UKR,2023,0.002335,0.7858
DNK,ESP,2023,0.018292,0.7858
DNK,THA,2023,0.003126,0.7858
DNK,RUS,2023,0.001807,0.7858
DNK,POL,2023,0.04446,0.7858
EGY,KOR,2019,0.016542,0.7694
EGY,AUS,2019,0.004156,0.7694
EGY,FRA,2019,0.02246,0.7694
EGY,NOR,2019,0.00241,0.7694
EGY,PER,2019,0.000135,0.7694
EGY,USA,2019,0.067558,0.7694
EGY,IND,2019,0.0406,0.7694
EGY,CAN,2019,0.010344,0.7694
EGY,TWN,2019,0.004753,0.7694
EGY,CHN,2019,0.114354,0.7694
EGY,CHE,2019,0.008724,0.7694
EGY,TUR,2019,0.049833,0.7694
EGY,COL,2019,0.000363,0.7694
EGY,NLD,2019,0.015493,0.7694
EGY,MEX,2019,0.001607,0.7694
EGY,ZAF,2019,0.001705,0.7694
EGY,HKG,2019,0.001086,0.7694
EGY,SAU,2019,0.063294,0.7694
EGY,TUN,2019,0.007858,0.7694
EGY,ITA,2019,0.045845,0.7694
EGY,BEL,2019,0.012578,0.7694
EGY,ISR,2019,0.00133,0.7694
EGY,SWE,2019,0.006925,0.7694
EGY,PHL,2019,0.000332,0.7694
EGY,DNK,2019,0.002211,0.7694
EGY,ARG,2019,0.011702,0.7694
EGY,JPN,2019,0.01232,0.7694
EGY,HUN,2019,0.003241,0.7694
EGY,FIN,2019,0.004951,0.7694
EGY,BRA,2019,0.027549,0.7694
EGY,VNM,2019,0.009586,0.7694
EGY,IDN,2019,0.011491,0.7694
EGY,GBR,2019,0.029363,0.7694
EGY,PRT,2019,0.004103,0.7694
EGY,VEN,2019,0.000119,0.7694
EGY,MYS,2019,0.006204,0.7694
EGY,DEU,2019,0.04519,0.7694
EGY,CHL,2019,0.000387,0.7694
EGY,UKR,2019,0.022067,0.7694
EGY,ESP,2019,0.026186,0.7694
EGY,THA,2019,0.009321,0.7694
EGY,RUS,2019,0.036429,0.7694
EGY,POL,2019,0.006709,0.7694
EGY,KOR,2021,0.017833,0.7517
EGY,AUS,2021,0.005361,0.7517
EGY,FRA,2021,0.021873,0.7517
EGY,NOR,2021,0.002516,0.7517
EGY,PER,2021,0.000261,0.7517
EGY,USA,2021,0.067374,0.7517
EGY,IND,2021,0.03974,0.7517
EGY,CAN,2021,0.009263,0.7517
EGY,TWN,2021,0.005979,0.7517
EGY,CHN,2021,0.119687,0.7517
EGY,CHE,2021,0.008617,0.7517
EGY,TUR,2021,0.050706,0.7517
EGY,COL,2021,0.001243,0.7517
EGY,NLD,2021,0.015372,0.7517
EGY,MEX,2021,0.001752,0.7517
EGY,ZAF,2021,0.001661,0.7517
EGY,HKG,2021,0.000822,0.7517
EGY,SAU,2021,0.068629,0.7517
EGY,TUN,2021,0.002553,0.7517
EGY,ITA,2021,0.045303,0.7517
EGY,BEL,2021,0.017391,0.7517
EGY,ISR,2021,0.001436,0.7517
EGY,SWE,2021,0.006857,0.7517
EGY,PHL,2021,0.000245,0.7517
EGY,DNK,2021,0.002567,0.7517
EGY,ARG,2021,0.016267,0.7517
EGY,JPN,2021,0.011742,0.7517
EGY,HUN,2021,0.003188,0.7517
EGY,FIN,2021,0.004544,0.7517
EGY,BRA,2021,0.021018,0.7517
EGY,VNM,2021,0.007506,0.7517
EGY,IDN,2021,0.014151,0.7517
EGY,GBR,2021,0.022358,0.7517
EGY,PRT,2021,0.002864,0.7517
EGY,VEN,2021,0.000709,0.7517
EGY,MYS,2021,0.005454,0.7517
EGY,DEU,2021,0.0381,0.7517
EGY,CHL,2021,0.00037,0.7517
EGY,UKR,2021,0.016449,0.7517
EGY,ESP,2021,0.027413,0.7517
EGY,THA,2021,0.008249,0.7517
EGY,RUS,2021,0.030621,0.7517
EGY,POL,2021,0.005613,0.7517
EGY,KOR,2023,0.015365,0.7483
EGY,AUS,2023,0.004402,0.7483
EGY,FRA,2023,0.019888,0.7483
EGY,NOR,2023,0.001897,0.7483
EGY,PER,2023,0.000281,0.7483
EGY,USA,2023,0.056778,0.7483
EGY,IND,2023,0.034262,0.7483
EGY,CAN,2023,0.007616,0.7483
EGY,TWN,2023,0.00387,0.7483
EGY,CHN,2023,0.11294,0.7483
EGY,CHE,2023,0.011902,0.7483
EGY,TUR,2023,0.050955,0.7483
EGY,COL,2023,0.001058,0.7483
EGY,NLD,2023,0.016223,0.7483
EGY,MEX,2023,0.001915,0.7483
EGY,ZAF,2023,0.001774,0.7483
EGY,HKG,2023,0.000719,0.7483
EGY,SAU,2023,0.064626,0.7483
EGY,TUN,2023,0.002604,0.7483
EGY,ITA,2023,0.051642,0.7483
EGY,BEL,2023,0.012679,0.7483
EGY,ISR,2023,0.020862,0.7483
EGY,SWE,2023,0.008275,0.7483
EGY,PHL,2023,0.000196,0.7483
EGY,DNK,2023,0.002322,0.7483
EGY,ARG,2023,0.010387,0.7483
EGY,JPN,2023,0.007123,0.7483
EGY,HUN,2023,0.002974,0.7483
EGY,FIN,2023,0.004272,0.7483
EGY,BRA,2023,0.028185,0.7483
EGY,VNM,2023,0.004782,0.7483
EGY,IDN,2023,0.013368,0.7483
EGY,GBR,2023,0.024257,0.7483
EGY,PRT,2023,0.002288,0.7483
EGY,VEN,2023,0.000198,0.7483
EGY,MYS,2023,0.006202,0.7483
EGY,DEU,2023,0.039332,0.7483
EGY,CHL,2023,0.000208,0.7483
EGY,UKR,2023,0.018443,0.7483
EGY,ESP,2023,0.024862,0.7483
EGY,THA,2023,0.006491,0.7483
EGY,RUS,2023,0.043852,0.7483
EGY,POL,2023,0.006066,0.7483
ESP,KOR,2019,0.008444,0.7828
ESP,AUS,2019,0.003222,0.7828
ESP,FRA,2019,0.121434,0.7828
ESP,NOR,2019,0.005366,0.7828
ESP,PER,2019,0.0033,0.7828
ESP,USA,2019,0.045994,0.7828
ESP,IND,2019,0.008759,0.7828
ESP,CAN,2019,0.005643,0.7828
ESP,TWN,2019,0.002898,0.7828
ESP,EGY,2019,0.003799,0.7828
ESP,CHN,2019,0.056479,0.7828
ESP,CHE,2019,0.01369,0.7828
ESP,TUR,2019,0.018938,0.7828
ESP,COL,2019,0.002305,0.7828
ESP,NLD,2019,0.037349,0.7828
ESP,MEX,2019,0.013993,0.7828
ESP,ZAF,2019,0.004003,0.7828
ESP,HKG,2019,0.001945,0.7828
ESP,SAU,2019,0.009573,0.7828
ESP,TUN,2019,0.00219,0.7828
ESP,ITA,2019,0.068772,0.7828
ESP,BEL,2019,0.024704,0.7828
ESP,ISR,2019,0.003557,0.7828
ESP,SWE,2019,0.008112,0.7828
ESP,PHL,2019,0.001365,0.7828
ESP,DNK,2019,0.005636,0.7828
ESP,ARG,2019,0.003825,0.7828
ESP,JPN,2019,0.011122,0.7828
ESP,HUN,2019,0.007496,0.7828
ESP,FIN,2019,0.003575,0.7828
ESP,BRA,2019,0.010081,0.7828
ESP,VNM,2019,0.005359,0.7828
ESP,IDN,2019,0.003721,0.7828
ESP,GBR,2019,0.049441,0.7828
ESP,PRT,2019,0.052354,0.7828
ESP,VEN,2019,0.001763,0.7828
ESP,MYS,2019,0.002807,0.7828
ESP,DEU,2019,0.111504,0.7828
ESP,CHL,2019,0.004515,0.7828
ESP,UKR,2019,0.003495,0.7828
ESP,THA,2019,0.002972,0.7828
ESP,RUS,2019,0.008633,0.7828
ESP,POL,2019,0.018651,0.7828
ESP,KOR,2021,0.006776,0.791
ESP,AUS,2021,0.003232,0.791
ESP,FRA,2021,0.122408,0.791
ESP,NOR,2021,0.00401,0.791
ESP,PER,2021,0.00303,0.791
ESP,USA,2021,0.046087,0.791
ESP,IND,2021,0.008241,0.791
ESP,CAN,2021,0.00583,0.791
ESP,TWN,2021,0.003419,0.791
ESP,EGY,2021,0.004027,0.791
ESP,CHN,2021,0.062919,0.791
ESP,CHE,2021,0.020711,0.791
ESP,TUR,2021,0.019986,0.791
ESP,COL,2021,0.002476,0.791
ESP,NLD,2021,0.040713,0.791
ESP,MEX,2021,0.012703,0.791
ESP,ZAF,2021,0.003543,0.791
ESP,HKG,2021,0.001694,0.791
ESP,SAU,2021,0.007061,0.791
ESP,TUN,2021,0.001984,0.791
ESP,ITA,2021,0.07115,0.791
ESP,BEL,2021,0.034288,0.791
ESP,ISR,2021,0.003796,0.791
ESP,SWE,2021,0.008839,0.791
ESP,PHL,2021,0.001536,0.791
ESP,DNK,2021,0.006168,0.791
ESP,ARG,2021,0.004353,0.791
ESP,JPN,2021,0.008543,0.791
ESP,HUN,2021,0.006351,0.791
ESP,FIN,2021,0.003524,0.791
ESP,BRA,2021,0.010451,0.791
ESP,VNM,2021,0.004724,0.791
ESP,IDN,2021,0.004125,0.791
ESP,GBR,2021,0.039031,0.791
ESP,PRT,2021,0.05565,0.791
ESP,VEN,2021,0.000248,0.791
ESP,MYS,2021,0.002634,0.791
ESP,DEU,2021,0.102234,0.791
ESP,CHL,2021,0.004413,0.791
ESP,UKR,2021,0.003225,0.791
ESP,THA,2021,0.002685,0.791
ESP,RUS,2021,0.01193,0.791
ESP,POL,2021,0.020266,0.791
ESP,KOR,2023,0.00669,0.7886
ESP,AUS,2023,0.003256,0.7886
ESP,FRA,2023,0.11747,0.7886
ESP,NOR,2023,0.003721,0.7886
ESP,PER,2023,0.00316,0.7886
ESP,USA,2023,0.056444,0.7886
ESP,IND,2023,0.009236,0.7886
ESP,CAN,2023,0.006062,0.7886
ESP,TWN,2023,0.003292,0.7886
ESP,EGY,2023,0.003584,0.7886
ESP,CHN,2023,0.062525,0.7886
ESP,CHE,2023,0.013764,0.7886
ESP,TUR,2023,0.021626,0.7886
ESP,COL,2023,0.002728,0.7886
ESP,NLD,2023,0.038209,0.7886
ESP,MEX,2023,0.013598,0.7886
ESP,ZAF,2023,0.003709,0.7886
ESP,HKG,2023,0.001287,0.7886
ESP,SAU,2023,0.007244,0.7886
ESP,TUN,2023,0.001955,0.7886
ESP,ITA,2023,0.072638,0.7886
ESP,BEL,2023,0.030016,0.7886
ESP,ISR,2023,0.00349,0.7886
ESP,SWE,2023,0.009389,0.7886
ESP,PHL,2023,0.001483,0.7886
ESP,DNK,2023,0.006033,0.7886
ESP,ARG,2023,0.003265,0.7886
ESP,JPN,2023,0.009023,0.7886
ESP,HUN,2023,0.006484,0.7886
ESP,FIN,2023,0.00321,0.7886
ESP,BRA,2023,0.012811,0.7886
ESP,VNM,2023,0.006021,0.7886
ESP,IDN,2023,0.004287,0.7886
ESP,GBR,2023,0.040286,0.7886
ESP,PRT,2023,0.057061,0.7886
ESP,VEN,2023,0.000921,0.7886
ESP,MYS,2023,0.002688,0.7886
ESP,DEU,2023,0.103284,0.7886
ESP,CHL,2023,0.003534,0.7886
ESP,UKR,2023,0.004406,0.7886
ESP,THA,2023,0.002511,0.7886
ESP,RUS,2023,0.004836,0.7886
ESP,POL,2023,0.021328,0.7886
FIN,KOR,2019,0.010998,0.8555
FIN,AUS,2019,0.005349,0.8555
FIN,FRA,2019,0.030568,0.8555
FIN,NOR,2019,0.023991,0.8555
FIN,PER,2019,0.00146,0.8555
FIN,USA,2019,0.052421,0.8555
FIN,IND,2019,0.006454,0.8555
FIN,CAN,2019,0.008507,0.8555
FIN,TWN,2019,0.004486,0.8555
FIN,EGY,2019,0.003245,0.8555
FIN,CHN,2019,0.063709,0.8555
FIN,CHE,2019,0.008962,0.8555
FIN,TUR,2019,0.009468,0.8555
FIN,COL,2019,0.001003,0.8555
FIN,NLD,2019,0.052013,0.8555
FIN,MEX,2019,0.005178,0.8555
FIN,ZAF,2019,0.003484,0.8555
FIN,HKG,2019,0.001997,0.8555
FIN,SAU,2019,0.002116,0.8555
FIN,TUN,2019,0.000431,0.8555
FIN,ITA,2019,0.031403,0.8555
FIN,BEL,2019,0.025833,0.8555
FIN,ISR,2019,0.001776,0.8555
FIN,SWE,2019,0.106634,0.8555
FIN,PHL,2019,0.001909,0.8555
FIN,DNK,2019,0.019596,0.8555
FIN,ARG,2019,0.000609,0.8555
FIN,JPN,2019,0.014597,0.8555
FIN,HUN,2019,0.00537,0.8555
FIN,BRA,2019,0.006089,0.8555
FIN,VNM,2019,0.003248,0.8555
FIN,IDN,2019,0.003029,0.8555
FIN,GBR,2019,0.032454,0.8555
FIN,PRT,2019,0.00411,0.8555
FIN,VEN,2019,1.1e-05,0.8555
FIN,MYS,2019,0.003617,0.8555
FIN,DEU,2019,0.149174,0.8555
FIN,CHL,2019,0.004436,0.8555
FIN,UKR,2019,0.00215,0.8555
FIN,ESP,2019,0.017078,0.8555
FIN,THA,2019,0.003347,0.8555
FIN,RUS,2019,0.095687,0.8555
FIN,POL,2019,0.027489,0.8555
FIN,KOR,2021,0.009553,0.8514
FIN,AUS,2021,0.006294,0.8514
FIN,FRA,2021,0.026992,0.8514
FIN,NOR,2021,0.023899,0.8514
FIN,PER,2021,0.001448,0.8514
FIN,USA,2021,0.048592,0.8514
FIN,IND,2021,0.006717,0.8514
FIN,CAN,2021,0.009226,0.8514
FIN,TWN,2021,0.005589,0.8514
FIN,EGY,2021,0.003115,0.8514
FIN,CHN,2021,0.071705,0.8514
FIN,CHE,2021,0.012821,0.8514
FIN,TUR,2021,0.011771,0.8514
FIN,COL,2021,0.001135,0.8514
FIN,NLD,2021,0.052608,0.8514
FIN,MEX,2021,0.004723,0.8514
FIN,ZAF,2021,0.0039,0.8514
FIN,HKG,2021,0.001377,0.8514
FIN,SAU,2021,0.002301,0.8514
FIN,TUN,2021,0.00048,0.8514
FIN,ITA,2021,0.034814,0.8514
FIN,BEL,2021,0.025494,0.8514
FIN,ISR,2021,0.001812,0.8514
FIN,SWE,2021,0.108626,0.8514
FIN,PHL,2021,0.00239,0.8514
FIN,DNK,2021,0.020744,0.8514
FIN,ARG,2021,0.00076,0.8514
FIN,JPN,2021,0.014057,0.8514
FIN,HUN,2021,0.004705,0.8514
FIN,BRA,2021,0.00658,0.8514
FIN,VNM,2021,0.005374,0.8514
FIN,IDN,2021,0.002964,0.8514
FIN,GBR,2021,0.027487,0.8514
FIN,PRT,2021,0.004702,0.8514
FIN,VEN,2021,9e-06,0.8514
FIN,MYS,2021,0.004323,0.8514
FIN,DEU,2021,0.138861,0.8514
FIN,CHL,2021,0.003609,0.8514
FIN,UKR,2021,0.002358,0.8514
FIN,ESP,2021,0.018072,0.8514
FIN,THA,2021,0.003832,0.8514
FIN,RUS,2021,0.085915,0.8514
FIN,POL,2021,0.029682,0.8514
FIN,KOR,2023,0.009723,0.8405
FIN,AUS,2023,0.007211,0.8405
FIN,FRA,2023,0.029125,0.8405
FIN,NOR,2023,0.053229,0.8405
FIN,PER,2023,0.002206,0.8405
FIN,USA,2023,0.081695,0.8405
FIN,IND,2023,0.009304,0.8405
FIN,CAN,2023,0.010419,0.8405
FIN,TWN,2023,0.008107,0.8405
FIN,EGY,2023,0.002895,0.8405
FIN,CHN,2023,0.069105,0.8405
FIN,CHE,2023,0.013988,0.8405
FIN,TUR,2023,0.014445,0.8405
FIN,COL,2023,0.001006,0.8405
FIN,NLD,2023,0.063596,0.8405
FIN,MEX,2023,0.004707,0.8405
FIN,ZAF,2023,0.003997,0.8405
FIN,HKG,2023,0.001099,0.8405
FIN,SAU,2023,0.002289,0.8405
FIN,TUN,2023,0.000369,0.8405
FIN,ITA,2023,0.028777,0.8405
FIN,BEL,2023,0.026772,0.8405
FIN,ISR,2023,0.001979,0.8405
FIN,SWE,2023,0.109212,0.8405
FIN,PHL,2023,0.001535,0.8405
FIN,DNK,2023,0.019328,0.8405
FIN,ARG,2023,0.000479,0.8405
FIN,JPN,2023,0.012527,0.8405
FIN,HUN,2023,0.004608,0.8405
FIN,BRA,2023,0.009019,0.8405
FIN,VNM,2023,0.005041,0.8405
FIN,IDN,2023,0.005014,0.8405
FIN,GBR,2023,0.029068,0.8405
FIN,PRT,2023,0.004308,0.8405
FIN,VEN,2023,8e-06,0.8405
FIN,MYS,2023,0.003298,0.8405
FIN,DEU,2023,0.119353,0.8405
FIN,CHL,2023,0.002156,0.8405
FIN,UKR,2023,0.001595,0.8405
FIN,ESP,2023,0.017024,0.8405
FIN,THA,2023,0.004828,0.8405
FIN,RUS,2023,0.012408,0.8405
FIN,POL,2023,0.033678,0.8405
FRA,KOR,2019,0.008717,0.8401
FRA,AUS,2019,0.003527,0.8401
FRA,NOR,2019,0.004885,0.8401
FRA,PER,2019,0.000734,0.8401
FRA,USA,2019,0.075765,0.8401
FRA,IND,2019,0.010879,0.8401
FRA,CAN,2019,0.006396,0.8401
FRA,TWN,2019,0.004629,0.8401
FRA,EGY,2019,0.002826,0.8401
FRA,CHN,2019,0.069193,0.8401
FRA,CHE,2019,0.030539,0.8401
FRA,TUR,2019,0.013729,0.8401
FRA,COL,2019,0.000995,0.8401
FRA,NLD,2019,0.039985,0.8401
FRA,MEX,2019,0.005638,0.8401
FRA,ZAF,2019,0.002861,0.8401
FRA,HKG,2019,0.006063,0.8401
FRA,SAU,2019,0.009022,0.8401
FRA,TUN,2019,0.00732,0.8401
FRA,ITA,2019,0.075558,0.8401
FRA,BEL,2019,0.067545,0.8401
FRA,ISR,2019,0.002692,0.8401
FRA,SWE,2019,0.010935,0.8401
FRA,PHL,2019,0.002078,0.8401
FRA,DNK,2019,0.005715,0.8401
FRA,ARG,2019,0.000963,0.8401
FRA,JPN,2019,0.016919,0.8401
FRA,HUN,2019,0.007606,0.8401
FRA,FIN,2019,0.004323,0.8401
FRA,BRA,2019,0.006718,0.8401
FRA,VNM,2019,0.006776,0.8401
FRA,IDN,2019,0.00321,0.8401
FRA,GBR,2019,0.052334,0.8401
FRA,PRT,2019,0.013188,0.8401
FRA,VEN,2019,9e-05,0.8401
FRA,MYS,2019,0.003628,0.8401
FRA,DEU,2019,0.144452,0.8401
FRA,CHL,2019,0.002433,0.8401
FRA,UKR,2019,0.001647,0.8401
FRA,ESP,2019,0.069328,0.8401
FRA,THA,2019,0.004353,0.8401
FRA,RUS,2019,0.013358,0.8401
FRA,POL,2019,0.020513,0.8401
FRA,KOR,2021,0.008504,0.8546
FRA,AUS,2021,0.00335,0.8546
FRA,NOR,2021,0.002854,0.8546
FRA,PER,2021,0.000511,0.8546
FRA,USA,2021,0.055867,0.8546
FRA,IND,2021,0.010361,0.8546
FRA,CAN,2021,0.006064,0.8546
FRA,TWN,2021,0.004248,0.8546
FRA,EGY,2021,0.002407,0.8546
FRA,CHN,2021,0.058832,0.8546
FRA,CHE,2021,0.03002,0.8546
FRA,TUR,2021,0.013929,0.8546
FRA,COL,2021,0.00081,0.8546
FRA,NLD,2021,0.066942,0.8546
FRA,MEX,2021,0.00435,0.8546
FRA,ZAF,2021,0.001982,0.8546
FRA,HKG,2021,0.005107,0.8546
FRA,SAU,2021,0.005436,0.8546
FRA,TUN,2021,0.006481,0.8546
FRA,ITA,2021,0.081255,0.8546
FRA,BEL,2021,0.09304,0.8546
FRA,ISR,2021,0.002502,0.8546
FRA,SWE,2021,0.012041,0.8546
FRA,PHL,2021,0.001281,0.8546
FRA,DNK,2021,0.00694,0.8546
FRA,ARG,2021,0.001127,0.8546
FRA,JPN,2021,0.011249,0.8546
FRA,HUN,2021,0.00729,0.8546
FRA,FIN,2021,0.00371,0.8546
FRA,BRA,2021,0.005205,0.8546
FRA,VNM,2021,0.00427,0.8546
FRA,IDN,2021,0.001846,0.8546
FRA,GBR,2021,0.043874,0.8546
FRA,PRT,2021,0.011274,0.8546
FRA,VEN,2021,7.5e-05,0.8546
FRA,MYS,2021,0.002694,0.8546
FRA,DEU,2021,0.154733,0.8546
FRA,CHL,2021,0.001944,0.8546
FRA,UKR,2021,0.001759,0.8546
FRA,ESP,2021,0.076351,0.8546
FRA,THA,2021,0.003115,0.8546
FRA,RUS,2021,0.014683,0.8546
FRA,POL,2021,0.024283,0.8546
FRA,KOR,2023,0.011069,0.8462
FRA,AUS,2023,0.00386,0.8462
FRA,NOR,2023,0.003775,0.8462
FRA,PER,2023,0.000518,0.8462
FRA,USA,2023,0.062862,0.8462
FRA,IND,2023,0.010863,0.8462
FRA,CAN,2023,0.0055,0.8462
FRA,TWN,2023,0.004789,0.8462
FRA,EGY,2023,0.001996,0.8462
FRA,CHN,2023,0.050446,0.8462
FRA,CHE,2023,0.028711,0.8462
FRA,TUR,2023,0.016422,0.8462
FRA,COL,2023,0.00102,0.8462
FRA,NLD,2023,0.065884,0.8462
FRA,MEX,2023,0.003876,0.8462
FRA,ZAF,2023,0.001784,0.8462
FRA,HKG,2023,0.004511,0.8462
FRA,SAU,2023,0.006958,0.8462
FRA,TUN,2023,0.006035,0.8462
FRA,ITA,2023,0.084166,0.8462
FRA,BEL,2023,0.099464,0.8462
FRA,ISR,2023,0.002271,0.8462
FRA,SWE,2023,0.011573,0.8462
FRA,PHL,2023,0.001371,0.8462
FRA,DNK,2023,0.006988,0.8462
FRA,ARG,2023,0.000923,0.8462
FRA,JPN,2023,0.009123,0.8462
FRA,HUN,2023,0.006999,0.8462
FRA,FIN,2023,0.00343,0.8462
FRA,BRA,2023,0.005631,0.8462
FRA,VNM,2023,0.00367,0.8462
FRA,IDN,2023,0.001857,0.8462
FRA,GBR,2023,0.045443,0.8462
FRA,PRT,2023,0.011788,0.8462
FRA,VEN,2023,9.8e-05,0.8462
FRA,MYS,2023,0.002505,0.8462
FRA,DEU,2023,0.145911,0.8462
FRA,CHL,2023,0.001496,0.8462
FRA,UKR,2023,0.001162,0.8462
FRA,ESP,2023,0.078449,0.8462
FRA,THA,2023,0.002797,0.8462
FRA,RUS,2023,0.00411,0.8462
FRA,POL,2023,0.02412,0.8462
GBR,KOR,2019,0.008475,0.8432
GBR,AUS,2019,0.014061,0.8432
GBR,FRA,2019,0.060541,0.8432
GBR,NOR,2019,0.021065,0.8432
GBR,PER,2019,0.000694,0.8432
GBR,USA,2019,0.121129,0.8432
GBR,IND,2019,0.013546,0.8432
GBR,CAN,2019,0.019499,0.8432
GBR,TWN,2019,0.005635,0.8432
GBR,EGY,2019,0.002273,0.8432
GBR,CHN,2019,0.082428,0.8432
GBR,CHE,2019,0.033836,0.8432
GBR,TUR,2019,0.015969,0.8432
GBR,COL,2019,0.001052,0.8432
GBR,NLD,2019,0.072626,0.8432
GBR,MEX,2019,0.004471,0.8432
GBR,ZAF,2019,0.00931,0.8432
GBR,HKG,2019,0.013467,0.8432
GBR,SAU,2019,0.005704,0.8432
GBR,TUN,2019,0.000392,0.8432
GBR,ITA,2019,0.033561,0.8432
GBR,BEL,2019,0.041955,0.8432
GBR,ISR,2019,0.002779,0.8432
GBR,SWE,2019,0.012604,0.8432
GBR,PHL,2019,0.001368,0.8432
GBR,DNK,2019,0.010145,0.8432
GBR,ARG,2019,0.001132,0.8432
GBR,JPN,2019,0.018403,0.8432
GBR,HUN,2019,0.004765,0.8432
GBR,FIN,2019,0.004134,0.8432
GBR,BRA,2019,0.004725,0.8432
GBR,VNM,2019,0.005853,0.8432
GBR,IDN,2019,0.002431,0.8432
GBR,PRT,2019,0.00523,0.8432
GBR,VEN,2019,6.2e-05,0.8432
GBR,MYS,2019,0.003549,0.8432
GBR,DEU,2019,0.11374,0.8432
GBR,CHL,2019,0.001418,0.8432
GBR,UKR,2019,0.001219,0.8432
GBR,ESP,2019,0.030053,0.8432
GBR,THA,2019,0.004654,0.8432
GBR,RUS,2019,0.015075,0.8432
GBR,POL,2019,0.018131,0.8432
GBR,KOR,2021,0.010974,0.8371
GBR,AUS,2021,0.008099,0.8371
GBR,FRA,2021,0.049201,0.8371
GBR,NOR,2021,0.034646,0.8371
GBR,PER,2021,0.000951,0.8371
GBR,USA,2021,0.103196,0.8371
GBR,IND,2021,0.015019,0.8371
GBR,CAN,2021,0.018325,0.8371
GBR,TWN,2021,0.005741,0.8371
GBR,EGY,2021,0.002678,0.8371
GBR,CHN,2021,0.096698,0.8371
GBR,CHE,2021,0.043648,0.8371
GBR,TUR,2021,0.018435,0.8371
GBR,COL,2021,0.0009,0.8371
GBR,NLD,2021,0.067862,0.8371
GBR,MEX,2021,0.004501,0.8371
GBR,ZAF,2021,0.010784,0.8371
GBR,HKG,2021,0.013748,0.8371
GBR,SAU,2021,0.004616,0.8371
GBR,TUN,2021,0.000428,0.8371
GBR,ITA,2021,0.03286,0.8371
GBR,BEL,2021,0.044037,0.8371
GBR,ISR,2021,0.003448,0.8371
GBR,SWE,2021,0.012879,0.8371
GBR,PHL,2021,0.001112,0.8371
GBR,DNK,2021,0.008552,0.8371
GBR,ARG,2021,0.001285,0.8371
GBR,JPN,2021,0.01481,0.8371
GBR,HUN,2021,0.004227,0.8371
GBR,FIN,2021,0.003625,0.8371
GBR,BRA,2021,0.005102,0.8371
GBR,VNM,2021,0.006081,0.8371
GBR,IDN,2021,0.002581,0.8371
GBR,PRT,2021,0.004563,0.8371
GBR,VEN,2021,4.9e-05,0.8371
GBR,MYS,2021,0.004538,0.8371
GBR,DEU,2021,0.10051,0.8371
GBR,CHL,2021,0.001137,0.8371
GBR,UKR,2021,0.001685,0.8371
GBR,ESP,2021,0.02732,0.8371
GBR,THA,2021,0.004634,0.8371
GBR,RUS,2021,0.024742,0.8371
GBR,POL,2021,0.016846,0.8371
GBR,KOR,2023,0.010837,0.8019
GBR,AUS,2023,0.008031,0.8019
GBR,FRA,2023,0.053217,0.8019
GBR,NOR,2023,0.027837,0.8019
GBR,PER,2023,0.001499,0.8019
GBR,USA,2023,0.127076,0.8019
GBR,IND,2023,0.020743,0.8019
GBR,CAN,2023,0.016502,0.8019
GBR,TWN,2023,0.006056,0.8019
GBR,EGY,2023,0.002767,0.8019
GBR,CHN,2023,0.101692,0.8019
GBR,CHE,2023,0.037489,0.8019
GBR,TUR,2023,0.018047,0.8019
GBR,COL,2023,0.001048,0.8019
GBR,NLD,2023,0.048793,0.8019
GBR,MEX,2023,0.006032,0.8019
GBR,ZAF,2023,0.008545,0.8019
GBR,HKG,2023,0.013959,0.8019
GBR,SAU,2023,0.006729,0.8019
GBR,TUN,2023,0.000644,0.8019
GBR,ITA,2023,0.032291,0.8019
GBR,BEL,2023,0.029658,0.8019
GBR,ISR,2023,0.003034,0.8019
GBR,SWE,2023,0.011572,0.8019
GBR,PHL,2023,0.002033,0.8019
GBR,DNK,2023,0.006562,0.8019
GBR,ARG,2023,0.00123,0.8019
GBR,JPN,2023,0.016629,0.8019
GBR,HUN,2023,0.005966,0.8019
GBR,FIN,2023,0.003862,0.8019
GBR,BRA,2023,0.006109,0.8019
GBR,VNM,2023,0.007731,0.8019
GBR,IDN,2023,0.002898,0.8019
GBR,PRT,2023,0.004771,0.8019
GBR,VEN,2023,4.9e-05,0.8019
GBR,MYS,2023,0.004539,0.8019
GBR,DEU,2023,0.087227,0.8019
GBR,CHL,2023,0.001055,0.8019
GBR,UKR,2023,0.001096,0.8019
GBR,ESP,2023,0.029114,0.8019
GBR,THA,2023,0.005316,0.8019
GBR,RUS,2023,0.000889,0.8019
GBR,POL,2023,0.020754,0.8019
HKG,KOR,2019,0.032082,0.9178
HKG,AUS,2019,0.007867,0.9178
HKG,FRA,2019,0.010067,0.9178
HKG,NOR,2019,0.000309,0.9178
HKG,PER,2019,0.000512,0.9178
HKG,USA,2019,0.059658,0.9178
HKG,IND,2019,0.022944,0.9178
HKG,CAN,2019,0.004803,0.9178
HKG,TWN,2019,0.048403,0.9178
HKG,EGY,2019,0.001072,0.9178
HKG,CHN,2019,0.503159,0.9178
HKG,CHE,2019,0.014818,0.9178
HKG,TUR,2019,0.001773,0.9178
HKG,COL,2019,0.000687,0.9178
HKG,NLD,2019,0.010029,0.9178
HKG,MEX,2019,0.005173,0.9178
HKG,ZAF,2019,0.002771,0.9178
HKG,SAU,2019,0.001791,0.9178
HKG,TUN,2019,0.000182,0.9178
HKG,ITA,2019,0.008667,0.9178
HKG,BEL,2019,0.004618,0.9178
HKG,ISR,2019,0.00339,0.9178
HKG,SWE,2019,0.000843,0.9178
HKG,PHL,2019,0.013017,0.9178
HKG,DNK,2019,0.000692,0.9178
HKG,ARG,2019,0.000524,0.9178
HKG,JPN,2019,0.044148,0.9178
HKG,HUN,2019,0.001734,0.9178
HKG,FIN,2019,0.000359,0.9178
HKG,BRA,2019,0.003699,0.9178
HKG,VNM,2019,0.01823,0.9178
HKG,IDN,2019,0.005988,0.9178
HKG,GBR,2019,0.016631,0.9178
HKG,PRT,2019,0.000398,0.9178
HKG,VEN,2019,2e-05,0.9178
HKG,MYS,2019,0.022539,0.9178
HKG,DEU,2019,0.013989,0.9178
HKG,CHL,2019,0.001967,0.9178
HKG,UKR,2019,0.000269,0.9178
HKG,ESP,2019,0.002724,0.9178
HKG,THA,2019,0.019522,0.9178
HKG,RUS,2019,0.004006,0.9178
HKG,POL,2019,0.001723,0.9178
HKG,KOR,2021,0.037642,0.9135
HKG,AUS,2021,0.006919,0.9135
HKG,FRA,2021,0.007367,0.9135
HKG,NOR,2021,0.00025,0.9135
HKG,PER,2021,0.000657,0.9135
HKG,USA,2021,0.050498,0.9135
HKG,IND,2021,0.020201,0.9135
HKG,CAN,2021,0.003928,0.9135
HKG,TWN,2021,0.065006,0.9135
HKG,EGY,2021,0.001054,0.9135
HKG,CHN,2021,0.518456,0.9135
HKG,CHE,2021,0.014152,0.9135
HKG,TUR,2021,0.001753,0.9135
HKG,COL,2021,0.000744,0.9135
HKG,NLD,2021,0.008944,0.9135
HKG,MEX,2021,0.004442,0.9135
HKG,ZAF,2021,0.002748,0.9135
HKG,SAU,2021,0.001201,0.9135
HKG,TUN,2021,0.000218,0.9135
HKG,ITA,2021,0.006558,0.9135
HKG,BEL,2021,0.003299,0.9135
HKG,ISR,2021,0.002364,0.9135
HKG,SWE,2021,0.00076,0.9135
HKG,PHL,2021,0.012093,0.9135
HKG,DNK,2021,0.000565,0.9135
HKG,ARG,2021,0.000614,0.9135
HKG,JPN,2021,0.037924,0.9135
HKG,HUN,2021,0.001549,0.9135
HKG,FIN,2021,0.000248,0.9135
HKG,BRA,2021,0.003222,0.9135
HKG,VNM,2021,0.020619,0.9135
HKG,IDN,2021,0.004722,0.9135
HKG,GBR,2021,0.013496,0.9135
HKG,PRT,2021,0.000343,0.9135
HKG,VEN,2021,1.4e-05,0.9135
HKG,MYS,2021,0.019192,0.9135
HKG,DEU,2021,0.012014,0.9135
HKG,CHL,2021,0.00194,0.9135
HKG,UKR,2021,0.000296,0.9135
HKG,ESP,2021,0.002086,0.9135
HKG,THA,2021,0.016933,0.9135
HKG,RUS,2021,0.004605,0.9135
HKG,POL,2021,0.001851,0.9135
HKG,KOR,2023,0.031214,0.9031
HKG,AUS,2023,0.009345,0.9031
HKG,FRA,2023,0.008702,0.9031
HKG,NOR,2023,0.000273,0.9031
HKG,PER,2023,0.000543,0.9031
HKG,USA,2023,0.049673,0.9031
HKG,IND,2023,0.025546,0.9031
HKG,CAN,2023,0.004561,0.9031
HKG,TWN,2023,0.069558,0.9031
HKG,EGY,2023,0.00021,0.9031
HKG,CHN,2023,0.481217,0.9031
HKG,CHE,2023,0.019152,0.9031
HKG,TUR,2023,0.001976,0.9031
HKG,COL,2023,0.000637,0.9031
HKG,NLD,2023,0.009913,0.9031
HKG,MEX,2023,0.004083,0.9031
HKG,ZAF,2023,0.002592,0.9031
HKG,SAU,2023,0.001104,0.9031
HKG,TUN,2023,0.000123,0.9031
HKG,ITA,2023,0.006853,0.9031
HKG,BEL,2023,0.003701,0.9031
HKG,ISR,2023,0.00379,0.9031
HKG,SWE,2023,0.000705,0.9031
HKG,PHL,2023,0.012153,0.9031
HKG,DNK,2023,0.000451,0.9031
HKG,ARG,2023,0.000329,0.9031
HKG,JPN,2023,0.03644,0.9031
HKG,HUN,2023,0.00137,0.9031
HKG,FIN,2023,0.000179,0.9031
HKG,BRA,2023,0.002359,0.9031
HKG,VNM,2023,0.025641,0.9031
HKG,IDN,2023,0.004951,0.9031
HKG,GBR,2023,0.020804,0.9031
HKG,PRT,2023,0.000307,0.9031
HKG,VEN,2023,1.3e-05,0.9031
HKG,MYS,2023,0.019536,0.9031
HKG,DEU,2023,0.011762,0.9031
HKG,CHL,2023,0.001196,0.9031
HKG,UKR,2023,6.3e-05,0.9031
HKG,ESP,2023,0.001945,0.9031
HKG,THA,2023,0.017808,0.9031
HKG,RUS,2023,0.00887,0.9031
HKG,POL,2023,0.001501,0.9031
HUN,KOR,2019,0.014304,0.7331
HUN,AUS,2019,0.002527,0.7331
HUN,FRA,2019,0.039662,0.7331
HUN,NOR,2019,0.001034,0.7331
HUN,PER,2019,8.4e-05,0.7331
HUN,USA,2019,0.024414,0.7331
HUN,IND,2019,0.003107,0.7331
HUN,CAN,2019,0.001356,0.7331
HUN,TWN,2019,0.003617,0.7331
HUN,EGY,2019,0.001478,0.7331
HUN,CHN,2019,0.036844,0.7331
HUN,CHE,2019,0.008123,0.7331
HUN,TUR,2019,0.013259,0.7331
HUN,COL,2019,0.000434,0.7331
HUN,NLD,2019,0.042604,0.7331
HUN,MEX,2019,0.004654,0.7331
HUN,ZAF,2019,0.00124,0.7331
HUN,HKG,2019,0.005458,0.7331
HUN,SAU,2019,0.000629,0.7331
HUN,TUN,2019,0.000775,0.7331
HUN,ITA,2019,0.04741,0.7331
HUN,BEL,2019,0.024411,0.7331
HUN,ISR,2019,0.00242,0.7331
HUN,SWE,2019,0.010587,0.7331
HUN,PHL,2019,0.000884,0.7331
HUN,DNK,2019,0.006522,0.7331
HUN,ARG,2019,0.000265,0.7331
HUN,JPN,2019,0.009804,0.7331
HUN,FIN,2019,0.003099,0.7331
HUN,BRA,2019,0.001624,0.7331
HUN,VNM,2019,0.002645,0.7331
HUN,IDN,2019,0.000745,0.7331
HUN,GBR,2019,0.024982,0.7331
HUN,PRT,2019,0.003424,0.7331
HUN,VEN,2019,7e-06,0.7331
HUN,MYS,2019,0.002945,0.7331
HUN,DEU,2019,0.264967,0.7331
HUN,CHL,2019,0.000365,0.7331
HUN,UKR,2019,0.017541,0.7331
HUN,ESP,2019,0.02312,0.7331
HUN,THA,2019,0.002728,0.7331
HUN,RUS,2019,0.027132,0.7331
HUN,POL,2019,0.049857,0.7331
HUN,KOR,2021,0.017668,0.7205
HUN,AUS,2021,0.002023,0.7205
HUN,FRA,2021,0.036695,0.7205
HUN,NOR,2021,0.001075,0.7205
HUN,PER,2021,0.000111,0.7205
HUN,USA,2021,0.025283,0.7205
HUN,IND,2021,0.003432,0.7205
HUN,CAN,2021,0.001337,0.7205
HUN,TWN,2021,0.004126,0.7205
HUN,EGY,2021,0.001406,0.7205
HUN,CHN,2021,0.043888,0.7205
HUN,CHE,2021,0.008049,0.7205
HUN,TUR,2021,0.013859,0.7205
HUN,COL,2021,0.000449,0.7205
HUN,NLD,2021,0.041357,0.7205
HUN,MEX,2021,0.004462,0.7205
HUN,ZAF,2021,0.000924,0.7205
HUN,HKG,2021,0.007095,0.7205
HUN,SAU,2021,0.000672,0.7205
HUN,TUN,2021,0.000882,0.7205
HUN,ITA,2021,0.051429,0.7205
HUN,BEL,2021,0.022133,0.7205
HUN,ISR,2021,0.002227,0.7205
HUN,SWE,2021,0.011029,0.7205
HUN,PHL,2021,0.00071,0.7205
HUN,DNK,2021,0.005698,0.7205
HUN,ARG,2021,0.000799,0.7205
HUN,JPN,2021,0.008857,0.7205
HUN,FIN,2021,0.00273,0.7205
HUN,BRA,2021,0.001268,0.7205
HUN,VNM,2021,0.003837,0.7205
HUN,IDN,2021,0.000656,0.7205
HUN,GBR,2021,0.020553,0.7205
HUN,PRT,2021,0.00365,0.7205
HUN,VEN,2021,3e-06,0.7205
HUN,MYS,2021,0.003022,0.7205
HUN,DEU,2021,0.25196,0.7205
HUN,CHL,2021,0.000299,0.7205
HUN,UKR,2021,0.019257,0.7205
HUN,ESP,2021,0.020701,0.7205
HUN,THA,2021,0.002348,0.7205
HUN,RUS,2021,0.022609,0.7205
HUN,POL,2021,0.049911,0.7205
HUN,KOR,2023,0.028265,0.7179
HUN,AUS,2023,0.002135,0.7179
HUN,FRA,2023,0.036663,0.7179
HUN,NOR,2023,0.001023,0.7179
HUN,PER,2023,9.2e-05,0.7179
HUN,USA,2023,0.02875,0.7179
HUN,IND,2023,0.003921,0.7179
HUN,CAN,2023,0.001792,0.7179
HUN,TWN,2023,0.003376,0.7179
HUN,EGY,2023,0.000751,0.7179
HUN,CHN,2023,0.038036,0.7179
HUN,CHE,2023,0.007456,0.7179
HUN,TUR,2023,0.013653,0.7179
HUN,COL,2023,0.000328,0.7179
HUN,NLD,2023,0.040491,0.7179
HUN,MEX,2023,0.005293,0.7179
HUN,ZAF,2023,0.001067,0.7179
HUN,HKG,2023,0.006633,0.7179
HUN,SAU,2023,0.000902,0.7179
HUN,TUN,2023,0.00088,0.7179
HUN,ITA,2023,0.049298,0.7179
HUN,BEL,2023,0.023661,0.7179
HUN,ISR,2023,0.002824,0.7179
HUN,SWE,2023,0.009863,0.7179
HUN,PHL,2023,0.000648,0.7179
HUN,DNK,2023,0.005751,0.7179
HUN,ARG,2023,0.000752,0.7179
HUN,JPN,2023,0.00938,0.7179
HUN,FIN,2023,0.002213,0.7179
HUN,BRA,2023,0.001297,0.7179
HUN,VNM,2023,0.001624,0.7179
HUN,IDN,2023,0.000881,0.7179
HUN,GBR,2023,0.02279,0.7179
HUN,PRT,2023,0.003668,0.7179
HUN,VEN,2023,6e-06,0.7179
HUN,MYS,2023,0.002669,0.7179
HUN,DEU,2023,0.244371,0.7179
HUN,CHL,2023,0.000261,0.7179
HUN,UKR,2023,0.013722,0.7179
HUN,ESP,2023,0.022785,0.7179
HUN,THA,2023,0.00228,0.7179
HUN,RUS,2023,0.023932,0.7179
HUN,POL,2023,0.051681,0.7179
IDN,KOR,2019,0.046188,0.8341
IDN,AUS,2019,0.023141,0.8341
IDN,FRA,2019,0.007332,0.8341
IDN,NOR,2019,0.000844,0.8341
IDN,PER,2019,0.00079,0.8341
IDN,USA,2019,0.080224,0.8341
IDN,IND,2019,0.047555,0.8341
IDN,CAN,2019,0.007956,0.8341
IDN,TWN,2019,0.022882,0.8341
IDN,EGY,2019,0.003387,0.8341
IDN,CHN,2019,0.215048,0.8341
IDN,CHE,2019,0.004239,0.8341
IDN,TUR,2019,0.004396,0.8341
IDN,COL,2019,0.000451,0.8341
IDN,NLD,2019,0.01191,0.8341
IDN,MEX,2019,0.003555,0.8341
IDN,ZAF,2019,0.004144,0.8341
IDN,HKG,2019,0.016898,0.8341
IDN,SAU,2019,0.01496,0.8341
IDN,TUN,2019,0.000248,0.8341
IDN,ITA,2019,0.010402,0.8341
IDN,BEL,2019,0.005043,0.8341
IDN,ISR,2019,0.000431,0.8341
IDN,SWE,2019,0.002119,0.8341
IDN,PHL,2019,0.022398,0.8341
IDN,DNK,2019,0.00118,0.8341
IDN,ARG,2019,0.005961,0.8341
IDN,JPN,2019,0.093419,0.8341
IDN,HUN,2019,0.000554,0.8341
IDN,FIN,2019,0.001721,0.8341
IDN,BRA,2019,0.008683,0.8341
IDN,VNM,2019,0.026556,0.8341
IDN,GBR,2019,0.007081,0.8341
IDN,PRT,2019,0.000542,0.8341
IDN,VEN,2019,4.9e-05,0.8341
IDN,MYS,2019,0.048906,0.8341
IDN,DEU,2019,0.017354,0.8341
IDN,CHL,2019,0.000814,0.8341
IDN,UKR,2019,0.00373,0.8341
IDN,ESP,2019,0.006531,0.8341
IDN,THA,2019,0.046281,0.8341
IDN,RUS,2019,0.006103,0.8341
IDN,POL,2019,0.00209,0.8341
IDN,KOR,2021,0.043037,0.8587
IDN,AUS,2021,0.029571,0.8587
IDN,FRA,2021,0.005398,0.8587
IDN,NOR,2021,0.000648,0.8587
IDN,PER,2021,0.000942,0.8587
IDN,USA,2021,0.086808,0.8587
IDN,IND,2021,0.048999,0.8587
IDN,CAN,2021,0.007284,0.8587
IDN,TWN,2021,0.026444,0.8587
IDN,EGY,2021,0.004362,0.8587
IDN,CHN,2021,0.257203,0.8587
IDN,CHE,2021,0.004673,0.8587
IDN,TUR,2021,0.004695,0.8587
IDN,COL,2021,0.00086,0.8587
IDN,NLD,2021,0.012807,0.8587
IDN,MEX,2021,0.003763,0.8587
IDN,ZAF,2021,0.006549,0.8587
IDN,HKG,2021,0.011553,0.8587
IDN,SAU,2021,0.012978,0.8587
IDN,TUN,2021,0.000371,0.8587
IDN,ITA,2021,0.010569,0.8587
IDN,BEL,2021,0.005608,0.8587
IDN,ISR,2021,0.000442,0.8587
IDN,SWE,2021,0.001875,0.8587
IDN,PHL,2021,0.023093,0.8587
IDN,DNK,2021,0.000952,0.8587
IDN,ARG,2021,0.005423,0.8587
IDN,JPN,2021,0.075985,0.8587
IDN,HUN,2021,0.000462,0.8587
IDN,FIN,2021,0.001112,0.8587
IDN,BRA,2021,0.009659,0.8587
IDN,VNM,2021,0.025868,0.8587
IDN,GBR,2021,0.006001,0.8587
IDN,PRT,2021,0.000375,0.8587
IDN,VEN,2021,8.6e-05,0.8587
IDN,MYS,2021,0.050168,0.8587
IDN,DEU,2021,0.014256,0.8587
IDN,CHL,2021,0.000991,0.8587
IDN,UKR,2021,0.003409,0.8587
IDN,ESP,2021,0.007095,0.8587
IDN,THA,2021,0.037962,0.8587
IDN,RUS,2021,0.006423,0.8587
IDN,POL,2021,0.001981,0.8587
IDN,KOR,2023,0.04333,0.8458
IDN,AUS,2023,0.025961,0.8458
IDN,FRA,2023,0.005467,0.8458
IDN,NOR,2023,0.001525,0.8458
IDN,PER,2023,0.000925,0.8458
IDN,USA,2023,0.072031,0.8458
IDN,IND,2023,0.056153,0.8458
IDN,CAN,2023,0.007167,0.8458
IDN,TWN,2023,0.022162,0.8458
IDN,EGY,2023,0.003149,0.8458
IDN,CHN,2023,0.265916,0.8458
IDN,CHE,2023,0.006281,0.8458
IDN,TUR,2023,0.004445,0.8458
IDN,COL,2023,0.000405,0.8458
IDN,NLD,2023,0.010013,0.8458
IDN,MEX,2023,0.005265,0.8458
IDN,ZAF,2023,0.004669,0.8458
IDN,HKG,2023,0.010771,0.8458
IDN,SAU,2023,0.012786,0.8458
IDN,TUN,2023,0.000453,0.8458
IDN,ITA,2023,0.0083,0.8458
IDN,BEL,2023,0.004803,0.8458
IDN,ISR,2023,0.00039,0.8458
IDN,SWE,2023,0.002288,0.8458
IDN,PHL,2023,0.026071,0.8458
IDN,DNK,2023,0.000763,0.8458
IDN,ARG,2023,0.003314,0.8458
IDN,JPN,2023,0.077608,0.8458
IDN,HUN,2023,0.000405,0.8458
IDN,FIN,2023,0.001483,0.8458
IDN,BRA,2023,0.012761,0.8458
IDN,VNM,2023,0.026706,0.8458
IDN,GBR,2023,0.005597,0.8458
IDN,PRT,2023,0.000373,0.8458
IDN,VEN,2023,0.0001,0.8458
IDN,MYS,2023,0.048309,0.8458
IDN,DEU,2023,0.014919,0.8458
IDN,CHL,2023,0.001011,0.8458
IDN,UKR,2023,0.000464,0.8458
IDN,ESP,2023,0.005842,0.8458
IDN,THA,2023,0.036358,0.8458
IDN,RUS,2023,0.006963,0.8458
IDN,POL,2023,0.002074,0.8458
IND,KOR,2019,0.025888,0.6892
IND,AUS,2019,0.016884,0.6892
IND,FRA,2019,0.011548,0.6892
IND,NOR,2019,0.00131,0.6892
IND,PER,2019,0.003127,0.6892
IND,USA,2019,0.111211,0.6892
IND,CAN,2019,0.00848,0.6892
IND,TWN,2019,0.007274,0.6892
IND,EGY,2019,0.005809,0.6892
IND,CHN,2019,0.106816,0.6892
IND,CHE,2019,0.023687,0.6892
IND,TUR,2019,0.00855,0.6892
IND,COL,2019,0.002191,0.6892
IND,NLD,2019,0.015778,0.6892
IND,MEX,2019,0.010735,0.6892
IND,ZAF,2019,0.013236,0.6892
IND,HKG,2019,0.035984,0.6892
IND,SAU,2019,0.041108,0.6892
IND,TUN,2019,0.000511,0.6892
IND,ITA,2019,0.012339,0.6892
IND,BEL,2019,0.019372,0.6892
IND,ISR,2019,0.006586,0.6892
IND,SWE,2019,0.00241,0.6892
IND,PHL,2019,0.002733,0.6892
IND,DNK,2019,0.001711,0.6892
IND,ARG,2019,0.003493,0.6892
IND,JPN,2019,0.021892,0.6892
IND,HUN,2019,0.000791,0.6892
IND,FIN,2019,0.001224,0.6892
IND,BRA,2019,0.008922,0.6892
IND,VNM,2019,0.016156,0.6892
IND,IDN,2019,0.025032,0.6892
IND,GBR,2019,0.019542,0.6892
IND,PRT,2019,0.001102,0.6892
IND,VEN,2019,0.007392,0.6892
IND,MYS,2019,0.02079,0.6892
IND,DEU,2019,0.025984,0.6892
IND,CHL,2019,0.002512,0.6892
IND,UKR,2019,0.003177,0.6892
IND,ESP,2019,0.007357,0.6892
IND,THA,2019,0.01417,0.6892
IND,RUS,2019,0.011342,0.6892
IND,POL,2019,0.003061,0.6892
IND,KOR,2021,0.025051,0.705
IND,AUS,2021,0.022814,0.705
IND,FRA,2021,0.010381,0.705
IND,NOR,2021,0.002555,0.705
IND,PER,2021,0.003658,0.705
IND,USA,2021,0.116966,0.705
IND,CAN,2021,0.006499,0.705
IND,TWN,2021,0.008647,0.705
IND,EGY,2021,0.006498,0.705
IND,CHN,2021,0.114557,0.705
IND,CHE,2021,0.031892,0.705
IND,TUR,2021,0.009564,0.705
IND,COL,2021,0.004169,0.705
IND,NLD,2021,0.015162,0.705
IND,MEX,2021,0.008603,0.705
IND,ZAF,2021,0.017675,0.705
IND,HKG,2021,0.030554,0.705
IND,SAU,2021,0.03723,0.705
IND,TUN,2021,0.000632,0.705
IND,ITA,2021,0.012975,0.705
IND,BEL,2021,0.019288,0.705
IND,ISR,2021,0.007389,0.705
IND,SWE,2021,0.002466,0.705
IND,PHL,2021,0.002811,0.705
IND,DNK,2021,0.001645,0.705
IND,ARG,2021,0.005348,0.705
IND,JPN,2021,0.021228,0.705
IND,HUN,2021,0.000856,0.705
IND,FIN,2021,0.001066,0.705
IND,BRA,2021,0.011594,0.705
IND,VNM,2021,0.014208,0.705
IND,IDN,2021,0.025708,0.705
IND,GBR,2021,0.017736,0.705
IND,PRT,2021,0.001315,0.705
IND,VEN,2021,0.000425,0.705
IND,MYS,2021,0.019471,0.705
IND,DEU,2021,0.023289,0.705
IND,CHL,2021,0.002429,0.705
IND,UKR,2021,0.003222,0.705
IND,ESP,2021,0.006616,0.705
IND,THA,2021,0.014696,0.705
IND,RUS,2021,0.012463,0.705
IND,POL,2021,0.003692,0.705
IND,KOR,2023,0.023493,0.7298
IND,AUS,2023,0.023803,0.7298
IND,FRA,2023,0.012494,0.7298
IND,NOR,2023,0.001181,0.7298
IND,PER,2023,0.003348,0.7298
IND,USA,2023,0.106857,0.7298
IND,CAN,2023,0.009881,0.7298
IND,TWN,2023,0.009541,0.7298
IND,EGY,2023,0.004907,0.7298
IND,CHN,2023,0.125244,0.7298
IND,CHE,2023,0.018106,0.7298
IND,TUR,2023,0.009714,0.7298
IND,COL,2023,0.0038,0.7298
IND,NLD,2023,0.023128,0.7298
IND,MEX,2023,0.008504,0.7298
IND,ZAF,2023,0.017562,0.7298
IND,HKG,2023,0.011215,0.7298
IND,SAU,2023,0.041209,0.7298
IND,TUN,2023,0.000761,0.7298
IND,ITA,2023,0.013803,0.7298
IND,BEL,2023,0.010564,0.7298
IND,ISR,2023,0.007032,0.7298
IND,SWE,2023,0.002602,0.7298
IND,PHL,2023,0.003141,0.7298
IND,DNK,2023,0.001503,0.7298
IND,ARG,2023,0.00358,0.7298
IND,JPN,2023,0.0216,0.7298
IND,HUN,2023,0.001019,0.7298
IND,FIN,2023,0.001336,0.7298
IND,BRA,2023,0.011902,0.7298
IND,VNM,2023,0.01386,0.7298
IND,IDN,2023,0.028482,0.7298
IND,GBR,2023,0.017425,0.7298
IND,PRT,2023,0.001255,0.7298
IND,VEN,2023,0.000324,0.7298
IND,MYS,2023,0.017429,0.7298
IND,DEU,2023,0.025178,0.7298
IND,CHL,2023,0.002408,0.7298
IND,UKR,2023,0.001335,0.7298
IND,ESP,2023,0.00694,0.7298
IND,THA,2023,0.014277,0.7298
IND,RUS,2023,0.064454,0.7298
IND,POL,2023,0.003617,0.7298
ISR,KOR,2019,0.018013,0.8413
ISR,AUS,2019,0.005303,0.8413
ISR,FRA,2019,0.024359,0.8413
ISR,NOR,2019,0.002135,0.8413
ISR,PER,2019,0.000618,0.8413
ISR,USA,2019,0.213106,0.8413
ISR,IND,2019,0.029601,0.8413
ISR,CAN,2019,0.007203,0.8413
ISR,TWN,2019,0.012299,0.8413
ISR,EGY,2019,0.001523,0.8413
ISR,CHN,2019,0.108515,0.8413
ISR,CHE,2019,0.019261,0.8413
ISR,TUR,2019,0.042611,0.8413
ISR,COL,2019,0.000794,0.8413
ISR,NLD,2019,0.026322,0.8413
ISR,MEX,2019,0.005799,0.8413
ISR,ZAF,2019,0.002205,0.8413
ISR,HKG,2019,0.030447,0.8413
ISR,SAU,2019,0.0,0.8413
ISR,TUN,2019,0.00014,0.8413
ISR,ITA,2019,0.0289,0.8413
ISR,BEL,2019,0.028183,0.8413
ISR,SWE,2019,0.003988,0.8413
ISR,PHL,2019,0.002503,0.8413
ISR,DNK,2019,0.002525,0.8413
ISR,ARG,2019,0.003038,0.8413
ISR,JPN,2019,0.022442,0.8413
ISR,HUN,2019,0.004372,0.8413
ISR,FIN,2019,0.002322,0.8413
ISR,BRA,2019,0.011654,0.8413
ISR,VNM,2019,0.00814,0.8413
ISR,IDN,2019,0.00157,0.8413
ISR,GBR,2019,0.05173,0.8413
ISR,PRT,2019,0.002948,0.8413
ISR,VEN,2019,4e-05,0.8413
ISR,MYS,2019,0.00217,0.8413
ISR,DEU,2019,0.048153,0.8413
ISR,CHL,2019,0.002105,0.8413
ISR,UKR,2019,0.006342,0.8413
ISR,ESP,2019,0.018085,0.8413
ISR,THA,2019,0.008617,0.8413
ISR,RUS,2019,0.021752,0.8413
ISR,POL,2019,0.009506,0.8413
ISR,KOR,2021,0.022352,0.8041
ISR,AUS,2021,0.005045,0.8041
ISR,FRA,2021,0.024861,0.8041
ISR,NOR,2021,0.002233,0.8041
ISR,PER,2021,0.000567,0.8041
ISR,USA,2021,0.163872,0.8041
ISR,IND,2021,0.035222,0.8041
ISR,CAN,2021,0.006214,0.8041
ISR,TWN,2021,0.016381,0.8041
ISR,EGY,2021,0.001629,0.8041
ISR,CHN,2021,0.099308,0.8041
ISR,CHE,2021,0.048326,0.8041
ISR,TUR,2021,0.043877,0.8041
ISR,COL,2021,0.000727,0.8041
ISR,NLD,2021,0.039032,0.8041
ISR,MEX,2021,0.003227,0.8041
ISR,ZAF,2021,0.001871,0.8041
ISR,HKG,2021,0.028265,0.8041
ISR,TUN,2021,2e-06,0.8041
ISR,ITA,2021,0.031149,0.8041
ISR,BEL,2021,0.043304,0.8041
ISR,SWE,2021,0.006111,0.8041
ISR,PHL,2021,0.001576,0.8041
ISR,DNK,2021,0.003376,0.8041
ISR,ARG,2021,0.00214,0.8041
ISR,JPN,2021,0.016019,0.8041
ISR,HUN,2021,0.003065,0.8041
ISR,FIN,2021,0.003152,0.8041
ISR,BRA,2021,0.010223,0.8041
ISR,VNM,2021,0.003259,0.8041
ISR,IDN,2021,0.000636,0.8041
ISR,GBR,2021,0.03314,0.8041
ISR,PRT,2021,0.003186,0.8041
ISR,VEN,2021,1e-05,0.8041
ISR,MYS,2021,0.000126,0.8041
ISR,DEU,2021,0.054838,0.8041
ISR,CHL,2021,0.001405,0.8041
ISR,UKR,2021,0.002518,0.8041
ISR,ESP,2021,0.020703,0.8041
ISR,THA,2021,0.005709,0.8041
ISR,RUS,2021,0.009841,0.8041
ISR,POL,2021,0.005598,0.8041
ISR,KOR,2023,0.021838,0.8018
ISR,AUS,2023,0.00468,0.8018
ISR,FRA,2023,0.023371,0.8018
ISR,NOR,2023,0.002085,0.8018
ISR,PER,2023,0.000492,0.8018
ISR,USA,2023,0.179192,0.8018
ISR,IND,2023,0.030967,0.8018
ISR,CAN,2023,0.007521,0.8018
ISR,TWN,2023,0.014843,0.8018
ISR,EGY,2023,0.004177,0.8018
ISR,CHN,2023,0.130847,0.8018
ISR,CHE,2023,0.013534,0.8018
ISR,TUR,2023,0.044748,0.8018
ISR,COL,2023,0.000897,0.8018
ISR,NLD,2023,0.026823,0.8018
ISR,MEX,2023,0.006322,0.8018
ISR,ZAF,2023,0.002044,0.8018
ISR,HKG,2023,0.020093,0.8018
ISR,TUN,2023,0.000143,0.8018
ISR,ITA,2023,0.030791,0.8018
ISR,BEL,2023,0.023345,0.8018
ISR,SWE,2023,0.004422,0.8018
ISR,PHL,2023,0.003483,0.8018
ISR,DNK,2023,0.003542,0.8018
ISR,ARG,2023,0.004171,0.8018
ISR,JPN,2023,0.017835,0.8018
ISR,HUN,2023,0.005426,0.8018
ISR,FIN,2023,0.002421,0.8018
ISR,BRA,2023,0.01311,0.8018
ISR,VNM,2023,0.008754,0.8018
ISR,IDN,2023,0.001956,0.8018
ISR,GBR,2023,0.027562,0.8018
ISR,PRT,2023,0.003431,0.8018
ISR,VEN,2023,2.1e-05,0.8018
ISR,MYS,2023,0.002768,0.8018
ISR,DEU,2023,0.051513,0.8018
ISR,CHL,2023,0.001655,0.8018
ISR,UKR,2023,0.003741,0.8018
ISR,ESP,2023,0.018955,0.8018
ISR,THA,2023,0.008133,0.8018
ISR,RUS,2023,0.019441,0.8018
ISR,POL,2023,0.010677,0.8018
ITA,KOR,2019,0.009496,0.7983
ITA,AUS,2019,0.004987,0.7983
ITA,FRA,2019,0.094397,0.7983
ITA,NOR,2019,0.003308,0.7983
ITA,PER,2019,0.001226,0.7983
ITA,USA,2019,0.069152,0.7983
ITA,IND,2019,0.010111,0.7983
ITA,CAN,2019,0.006902,0.7983
ITA,TWN,2019,0.003798,0.7983
ITA,EGY,2019,0.004805,0.7983
ITA,CHN,2019,0.049342,0.7983
ITA,CHE,2019,0.040877,0.7983
ITA,TUR,2019,0.019682,0.7983
ITA,COL,2019,0.001737,0.7983
ITA,NLD,2019,0.037859,0.7983
ITA,MEX,2019,0.005469,0.7983
ITA,ZAF,2019,0.003694,0.7983
ITA,HKG,2019,0.006725,0.7983
ITA,SAU,2019,0.007827,0.7983
ITA,TUN,2019,0.00616,0.7983
ITA,BEL,2019,0.037635,0.7983
ITA,ISR,2019,0.003707,0.7983
ITA,SWE,2019,0.010494,0.7983
ITA,PHL,2019,0.001205,0.7983
ITA,DNK,2019,0.006148,0.7983
ITA,ARG,2019,0.002066,0.7983
ITA,JPN,2019,0.013072,0.7983
ITA,HUN,2019,0.011284,0.7983
ITA,FIN,2019,0.004685,0.7983
ITA,BRA,2019,0.007865,0.7983
ITA,VNM,2019,0.004903,0.7983
ITA,IDN,2019,0.003523,0.7983
ITA,GBR,2019,0.039379,0.7983
ITA,PRT,2019,0.007279,0.7983
ITA,VEN,2019,0.000392,0.7983
ITA,MYS,2019,0.002706,0.7983
ITA,DEU,2019,0.140503,0.7983
ITA,CHL,2019,0.001956,0.7983
ITA,UKR,2019,0.004702,0.7983
ITA,ESP,2019,0.052529,0.7983
ITA,THA,2019,0.003393,0.7983
ITA,RUS,2019,0.024549,0.7983
ITA,POL,2019,0.026738,0.7983
ITA,KOR,2021,0.009493,0.799
ITA,AUS,2021,0.004913,0.799
ITA,FRA,2021,0.092417,0.799
ITA,NOR,2021,0.003298,0.799
ITA,PER,2021,0.001105,0.799
ITA,USA,2021,0.065082,0.799
ITA,IND,2021,0.010466,0.799
ITA,CAN,2021,0.006558,0.799
ITA,TWN,2021,0.003966,0.799
ITA,EGY,2021,0.0058,0.799
ITA,CHN,2021,0.054171,0.799
ITA,CHE,2021,0.038384,0.799
ITA,TUR,2021,0.019349,0.799
ITA,COL,2021,0.001661,0.799
ITA,NLD,2021,0.043214,0.799
ITA,MEX,2021,0.004916,0.799
ITA,ZAF,2021,0.004089,0.799
ITA,HKG,2021,0.005097,0.799
ITA,SAU,2021,0.008181,0.799
ITA,TUN,2021,0.005461,0.799
ITA,BEL,2021,0.03903,0.799
ITA,ISR,2021,0.003994,0.799
ITA,SWE,2021,0.01034,0.799
ITA,PHL,2021,0.000996,0.799
ITA,DNK,2021,0.006293,0.799
ITA,ARG,2021,0.001932,0.799
ITA,JPN,2021,0.01199,0.799
ITA,HUN,2021,0.011768,0.799
ITA,FIN,2021,0.004913,0.799
ITA,BRA,2021,0.00884,0.799
ITA,VNM,2021,0.004702,0.799
ITA,IDN,2021,0.003442,0.799
ITA,GBR,2021,0.03145,0.799
ITA,PRT,2021,0.007029,0.799
ITA,VEN,2021,0.000211,0.799
ITA,MYS,2021,0.002708,0.799
ITA,DEU,2021,0.144246,0.799
ITA,CHL,2021,0.001856,0.799
ITA,UKR,2021,0.005392,0.799
ITA,ESP,2021,0.0516,0.799
ITA,THA,2021,0.00339,0.799
ITA,RUS,2021,0.026285,0.799
ITA,POL,2021,0.028925,0.799
ITA,KOR,2023,0.010236,0.7813
ITA,AUS,2023,0.00498,0.7813
ITA,FRA,2023,0.090223,0.7813
ITA,NOR,2023,0.0051,0.7813
ITA,PER,2023,0.001106,0.7813
ITA,USA,2023,0.075899,0.7813
ITA,IND,2023,0.011773,0.7813
ITA,CAN,2023,0.006715,0.7813
ITA,TWN,2023,0.004051,0.7813
ITA,EGY,2023,0.004893,0.7813
ITA,CHN,2023,0.05481,0.7813
ITA,CHE,2023,0.039822,0.7813
ITA,TUR,2023,0.021194,0.7813
ITA,COL,2023,0.001559,0.7813
ITA,NLD,2023,0.045084,0.7813
ITA,MEX,2023,0.006051,0.7813
ITA,ZAF,2023,0.003726,0.7813
ITA,HKG,2023,0.00449,0.7813
ITA,SAU,2023,0.008892,0.7813
ITA,TUN,2023,0.005636,0.7813
ITA,BEL,2023,0.037798,0.7813
ITA,ISR,2023,0.00357,0.7813
ITA,SWE,2023,0.010152,0.7813
ITA,PHL,2023,0.00093,0.7813
ITA,DNK,2023,0.005986,0.7813
ITA,ARG,2023,0.001924,0.7813
ITA,JPN,2023,0.011067,0.7813
ITA,HUN,2023,0.011743,0.7813
ITA,FIN,2023,0.003932,0.7813
ITA,BRA,2023,0.008153,0.7813
ITA,VNM,2023,0.00465,0.7813
ITA,IDN,2023,0.003189,0.7813
ITA,GBR,2023,0.028583,0.7813
ITA,PRT,2023,0.007424,0.7813
ITA,VEN,2023,0.000259,0.7813
ITA,MYS,2023,0.002339,0.7813
ITA,DEU,2023,0.13492,0.7813
ITA,CHL,2023,0.001669,0.7813
ITA,UKR,2023,0.002843,0.7813
ITA,ESP,2023,0.053955,0.7813
ITA,THA,2023,0.003328,0.7813
ITA,RUS,2023,0.00716,0.7813
ITA,POL,2023,0.029459,0.7813
JPN,KOR,2019,0.053178,0.8858
JPN,AUS,2019,0.042034,0.8858
JPN,FRA,2019,0.01324,0.8858
JPN,NOR,2019,0.002007,0.8858
JPN,PER,2019,0.002216,0.8858
JPN,USA,2019,0.155542,0.8858
JPN,IND,2019,0.011457,0.8858
JPN,CAN,2019,0.014493,0.8858
JPN,TWN,2019,0.048968,0.8858
JPN,EGY,2019,0.000737,0.8858
JPN,CHN,2019,0.21305,0.8858
JPN,CHE,2019,0.00861,0.8858
JPN,TUR,2019,0.0023,0.8858
JPN,COL,2019,0.001229,0.8858
JPN,NLD,2019,0.010556,0.8858
JPN,MEX,2019,0.011584,0.8858
JPN,ZAF,2019,0.005288,0.8858
JPN,HKG,2019,0.025012,0.8858
JPN,SAU,2019,0.022971,0.8858
JPN,TUN,2019,0.000143,0.8858
JPN,ITA,2019,0.011356,0.8858
JPN,BEL,2019,0.007478,0.8858
JPN,ISR,2019,0.002021,0.8858
JPN,SWE,2019,0.003057,0.8858
JPN,PHL,2019,0.0149,0.8858
JPN,DNK,2019,0.002007,0.8858
JPN,ARG,2019,0.00087,0.8858
JPN,HUN,2019,0.00184,0.8858
JPN,FIN,2019,0.001584,0.8858
JPN,BRA,2019,0.008247,0.8858
JPN,VNM,2019,0.027313,0.8858
JPN,IDN,2019,0.022544,0.8858
JPN,GBR,2019,0.015436,0.8858
JPN,PRT,2019,0.000587,0.8858
JPN,VEN,2019,5.1e-05,0.8858
JPN,MYS,2019,0.021702,0.8858
JPN,DEU,2019,0.031684,0.8858
JPN,CHL,2019,0.0061,0.8858
JPN,UKR,2019,0.000883,0.8858
JPN,ESP,2019,0.004774,0.8858
JPN,THA,2019,0.038935,0.8858
JPN,RUS,2019,0.015066,0.8858
JPN,POL,2019,0.002744,0.8858
JPN,KOR,2021,0.055351,0.8955
JPN,AUS,2021,0.044135,0.8955
JPN,FRA,2021,0.011969,0.8955
JPN,NOR,2021,0.001763,0.8955
JPN,PER,2021,0.002333,0.8955
JPN,USA,2021,0.143161,0.8955
JPN,IND,2021,0.012426,0.8955
JPN,CAN,2021,0.014392,0.8955
JPN,TWN,2021,0.05761,0.8955
JPN,EGY,2021,0.00092,0.8955
JPN,CHN,2021,0.228546,0.8955
JPN,CHE,2021,0.0083,0.8955
JPN,TUR,2021,0.002606,0.8955
JPN,COL,2021,0.001123,0.8955
JPN,NLD,2021,0.010357,0.8955
JPN,MEX,2021,0.010864,0.8955
JPN,ZAF,2021,0.008157,0.8955
JPN,HKG,2021,0.023894,0.8955
JPN,SAU,2021,0.020901,0.8955
JPN,TUN,2021,0.000116,0.8955
JPN,ITA,2021,0.010846,0.8955
JPN,BEL,2021,0.008877,0.8955
JPN,ISR,2021,0.00197,0.8955
JPN,SWE,2021,0.002926,0.8955
JPN,PHL,2021,0.014369,0.8955
JPN,DNK,2021,0.001942,0.8955
JPN,ARG,2021,0.001203,0.8955
JPN,HUN,2021,0.001912,0.8955
JPN,FIN,2021,0.001596,0.8955
JPN,BRA,2021,0.009202,0.8955
JPN,VNM,2021,0.027532,0.8955
JPN,IDN,2021,0.021565,0.8955
JPN,GBR,2021,0.011283,0.8955
JPN,PRT,2021,0.000796,0.8955
JPN,VEN,2021,4.7e-05,0.8955
JPN,MYS,2021,0.023105,0.8955
JPN,DEU,2021,0.02904,0.8955
JPN,CHL,2021,0.006276,0.8955
JPN,UKR,2021,0.000857,0.8955
JPN,ESP,2021,0.005105,0.8955
JPN,THA,2021,0.038825,0.8955
JPN,RUS,2021,0.014365,0.8955
JPN,POL,2021,0.002958,0.8955
JPN,KOR,2023,0.05242,0.8832
JPN,AUS,2023,0.05532,0.8832
JPN,FRA,2023,0.011714,0.8832
JPN,NOR,2023,0.00156,0.8832
JPN,PER,2023,0.002256,0.8832
JPN,USA,2023,0.15049,0.8832
JPN,IND,2023,0.014571,0.8832
JPN,CAN,2023,0.017071,0.8832
JPN,TWN,2023,0.052713,0.8832
JPN,EGY,2023,0.000616,0.8832
JPN,CHN,2023,0.200379,0.8832
JPN,CHE,2023,0.007031,0.8832
JPN,TUR,2023,0.003462,0.8832
JPN,COL,2023,0.001227,0.8832
JPN,NLD,2023,0.011245,0.8832
JPN,MEX,2023,0.012144,0.8832
JPN,ZAF,2023,0.006658,0.8832
JPN,HKG,2023,0.023184,0.8832
JPN,SAU,2023,0.027921,0.8832
JPN,TUN,2023,0.000143,0.8832
JPN,ITA,2023,0.012103,0.8832
JPN,BEL,2023,0.006746,0.8832
JPN,ISR,2023,0.001629,0.8832
JPN,SWE,2023,0.002928,0.8832
JPN,PHL,2023,0.013675,0.8832
JPN,DNK,2023,0.001807,0.8832
JPN,ARG,2023,0.00119,0.8832
JPN,HUN,2023,0.001961,0.8832
JPN,FIN,2023,0.001315,0.8832
JPN,BRA,2023,0.010386,0.8832
JPN,VNM,2023,0.028956,0.8832
JPN,IDN,2023,0.026206,0.8832
JPN,GBR,2023,0.012625,0.8832
JPN,PRT,2023,0.000855,0.8832
JPN,VEN,2023,4.9e-05,0.8832
JPN,MYS,2023,0.022396,0.8832
JPN,DEU,2023,0.02673,0.8832
JPN,CHL,2023,0.006626,0.8832
JPN,UKR,2023,0.000353,0.8832
JPN,ESP,2023,0.005586,0.8832
JPN,THA,2023,0.036477,0.8832
JPN,RUS,2023,0.006936,0.8832
JPN,POL,2023,0.003541,0.8832
KOR,AUS,2019,0.02725,0.8681
KOR,FRA,2019,0.008831,0.8681
KOR,NOR,2019,0.002991,0.8681
KOR,PER,2019,0.002928,0.8681
KOR,USA,2019,0.129806,0.8681
KOR,IND,2019,0.019764,0.8681
KOR,CAN,2019,0.010798,0.8681
KOR,TWN,2019,0.03002,0.8681
KOR,EGY,2019,0.001775,0.8681
KOR,CHN,2019,0.232851,0.8681
KOR,CHE,2019,0.003441,0.8681
KOR,TUR,2019,0.006205,0.8681
KOR,COL,2019,0.00178,0.8681
KOR,NLD,2019,0.008072,0.8681
KOR,MEX,2019,0.016344,0.8681
KOR,ZAF,2019,0.002888,0.8681
KOR,HKG,2019,0.032207,0.8681
KOR,SAU,2019,0.024428,0.8681
KOR,TUN,2019,0.000227,0.8681
KOR,ITA,2019,0.009778,0.8681
KOR,BEL,2019,0.003855,0.8681
KOR,ISR,2019,0.002226,0.8681
KOR,SWE,2019,0.002693,0.8681
KOR,PHL,2019,0.011501,0.8681
KOR,DNK,2019,0.001282,0.8681
KOR,ARG,2019,0.001154,0.8681
KOR,JPN,2019,0.072696,0.8681
KOR,HUN,2019,0.002845,0.8681
KOR,FIN,2019,0.001363,0.8681
KOR,BRA,2019,0.008709,0.8681
KOR,VNM,2019,0.06624,0.8681
KOR,IDN,2019,0.015754,0.8681
KOR,GBR,2019,0.009284,0.8681
KOR,PRT,2019,0.000757,0.8681
KOR,VEN,2019,3.7e-05,0.8681
KOR,MYS,2019,0.017336,0.8681
KOR,DEU,2019,0.027377,0.8681
KOR,CHL,2019,0.004949,0.8681
KOR,UKR,2019,0.00077,0.8681
KOR,ESP,2019,0.005186,0.8681
KOR,THA,2019,0.012523,0.8681
KOR,RUS,2019,0.02137,0.8681
KOR,POL,2019,0.005821,0.8681
KOR,AUS,2021,0.033878,0.8868
KOR,FRA,2021,0.008976,0.8868
KOR,NOR,2021,0.002964,0.8868
KOR,PER,2021,0.00337,0.8868
KOR,USA,2021,0.134947,0.8868
KOR,IND,2021,0.018785,0.8868
KOR,CAN,2021,0.010387,0.8868
KOR,TWN,2021,0.03793,0.8868
KOR,EGY,2021,0.001848,0.8868
KOR,CHN,2021,0.239423,0.8868
KOR,CHE,2021,0.003371,0.8868
KOR,TUR,2021,0.006561,0.8868
KOR,COL,2021,0.001272,0.8868
KOR,NLD,2021,0.011889,0.8868
KOR,MEX,2021,0.015228,0.8868
KOR,ZAF,2021,0.002866,0.8868
KOR,HKG,2021,0.031529,0.8868
KOR,SAU,2021,0.021911,0.8868
KOR,TUN,2021,0.00026,0.8868
KOR,ITA,2021,0.010007,0.8868
KOR,BEL,2021,0.006242,0.8868
KOR,ISR,2021,0.002717,0.8868
KOR,SWE,2021,0.002833,0.8868
KOR,PHL,2021,0.010761,0.8868
KOR,DNK,2021,0.00144,0.8868
KOR,ARG,2021,0.001759,0.8868
KOR,JPN,2021,0.067254,0.8868
KOR,HUN,2021,0.003812,0.8868
KOR,FIN,2021,0.001122,0.8868
KOR,BRA,2021,0.008963,0.8868
KOR,VNM,2021,0.064071,0.8868
KOR,IDN,2021,0.015305,0.8868
KOR,GBR,2021,0.009345,0.8868
KOR,PRT,2021,0.000948,0.8868
KOR,VEN,2021,3.7e-05,0.8868
KOR,MYS,2021,0.016327,0.8868
KOR,DEU,2021,0.026281,0.8868
KOR,CHL,2021,0.005108,0.8868
KOR,UKR,2021,0.000707,0.8868
KOR,ESP,2021,0.004171,0.8868
KOR,THA,2021,0.012338,0.8868
KOR,RUS,2021,0.021704,0.8868
KOR,POL,2021,0.006111,0.8868
KOR,AUS,2023,0.039716,0.8649
KOR,FRA,2023,0.010741,0.8649
KOR,NOR,2023,0.001435,0.8649
KOR,PER,2023,0.002845,0.8649
KOR,USA,2023,0.147543,0.8649
KOR,IND,2023,0.01933,0.8649
KOR,CAN,2023,0.011479,0.8649
KOR,TWN,2023,0.034957,0.8649
KOR,EGY,2023,0.001538,0.8649
KOR,CHN,2023,0.209918,0.8649
KOR,CHE,2023,0.003445,0.8649
KOR,TUR,2023,0.008165,0.8649
KOR,COL,2023,0.001445,0.8649
KOR,NLD,2023,0.011698,0.8649
KOR,MEX,2023,0.015575,0.8649
KOR,ZAF,2023,0.00343,0.8649
KOR,HKG,2023,0.021206,0.8649
KOR,SAU,2023,0.029881,0.8649
KOR,TUN,2023,0.000473,0.8649
KOR,ITA,2023,0.010461,0.8649
KOR,BEL,2023,0.005466,0.8649
KOR,ISR,2023,0.002712,0.8649
KOR,SWE,2023,0.002735,0.8649
KOR,PHL,2023,0.010714,0.8649
KOR,DNK,2023,0.001343,0.8649
KOR,ARG,2023,0.001625,0.8649
KOR,JPN,2023,0.060143,0.8649
KOR,HUN,2023,0.005977,0.8649
KOR,FIN,2023,0.001092,0.8649
KOR,BRA,2023,0.00868,0.8649
KOR,VNM,2023,0.062318,0.8649
KOR,IDN,2023,0.016702,0.8649
KOR,GBR,2023,0.008785,0.8649
KOR,PRT,2023,0.001339,0.8649
KOR,VEN,2023,3.5e-05,0.8649
KOR,MYS,2023,0.019612,0.8649
KOR,DEU,2023,0.026619,0.8649
KOR,CHL,2023,0.00692,0.8649
KOR,UKR,2023,0.000804,0.8649
KOR,ESP,2023,0.00457,0.8649
KOR,THA,2023,0.011697,0.8649
KOR,RUS,2023,0.01178,0.8649
KOR,POL,2023,0.007945,0.8649
MEX,KOR,2019,0.021681,0.9494
MEX,AUS,2019,0.001436,0.9494
MEX,FRA,2019,0.006555,0.9494
MEX,NOR,2019,0.000264,0.9494
MEX,PER,2019,0.002153,0.9494
MEX,USA,2019,0.616672,0.9494
MEX,IND,2019,0.006726,0.9494
MEX,CAN,2019,0.026294,0.9494
MEX,TWN,2019,0.017372,0.9494
MEX,EGY,2019,0.000145,0.9494
MEX,CHN,2019,0.098207,0.9494
MEX,CHE,2019,0.002652,0.9494
MEX,TUR,2019,0.001592,0.9494
MEX,COL,2019,0.005628,0.9494
MEX,NLD,2019,0.00466,0.9494
MEX,ZAF,2019,0.000879,0.9494
MEX,HKG,2019,0.001653,0.9494
MEX,SAU,2019,0.00039,0.9494
MEX,TUN,2019,9.1e-05,0.9494
MEX,ITA,2019,0.0083,0.9494
MEX,BEL,2019,0.00292,0.9494
MEX,ISR,2019,0.001028,0.9494
MEX,SWE,2019,0.001239,0.9494
MEX,PHL,2019,0.00356,0.9494
MEX,DNK,2019,0.000955,0.9494
MEX,ARG,2019,0.001691,0.9494
MEX,JPN,2019,0.023906,0.9494
MEX,HUN,2019,0.001782,0.9494
MEX,FIN,2019,0.000741,0.9494
MEX,BRA,2019,0.011894,0.9494
MEX,VNM,2019,0.006843,0.9494
MEX,IDN,2019,0.001912,0.9494
MEX,GBR,2019,0.005684,0.9494
MEX,PRT,2019,0.000779,0.9494
MEX,VEN,2019,0.000403,0.9494
MEX,MYS,2019,0.012946,0.9494
MEX,DEU,2019,0.02705,0.9494
MEX,CHL,2019,0.003426,0.9494
MEX,UKR,2019,0.000229,0.9494
MEX,ESP,2019,0.006509,0.9494
MEX,THA,2019,0.007072,0.9494
MEX,RUS,2019,0.001833,0.9494
MEX,POL,2019,0.001679,0.9494
MEX,KOR,2021,0.022268,0.9452
MEX,AUS,2021,0.001291,0.9452
MEX,FRA,2021,0.005427,0.9452
MEX,NOR,2021,0.000279,0.9452
MEX,PER,2021,0.002144,0.9452
MEX,USA,2021,0.607373,0.9452
MEX,IND,2021,0.006592,0.9452
MEX,CAN,2021,0.024119,0.9452
MEX,TWN,2021,0.019413,0.9452
MEX,EGY,2021,8.5e-05,0.9452
MEX,CHN,2021,0.110082,0.9452
MEX,CHE,2021,0.002972,0.9452
MEX,TUR,2021,0.001511,0.9452
MEX,COL,2021,0.004745,0.9452
MEX,NLD,2021,0.004731,0.9452
MEX,ZAF,2021,0.000821,0.9452
MEX,HKG,2021,0.001277,0.9452
MEX,SAU,2021,0.000356,0.9452
MEX,TUN,2021,8.6e-05,0.9452
MEX,ITA,2021,0.007004,0.9452
MEX,BEL,2021,0.002538,0.9452
MEX,ISR,2021,0.001017,0.9452
MEX,SWE,2021,0.001109,0.9452
MEX,PHL,2021,0.003308,0.9452
MEX,DNK,2021,0.000981,0.9452
MEX,ARG,2021,0.001788,0.9452
MEX,JPN,2021,0.021057,0.9452
MEX,HUN,2021,0.001883,0.9452
MEX,FIN,2021,0.000678,0.9452
MEX,BRA,2021,0.012189,0.9452
MEX,VNM,2021,0.008733,0.9452
MEX,IDN,2021,0.001976,0.9452
MEX,GBR,2021,0.00508,0.9452
MEX,PRT,2021,0.00062,0.9452
MEX,VEN,2021,0.000171,0.9452
MEX,MYS,2021,0.012622,0.9452
MEX,DEU,2021,0.024637,0.9452
MEX,CHL,2021,0.003936,0.9452
MEX,UKR,2021,0.000232,0.9452
MEX,ESP,2021,0.006006,0.9452
MEX,THA,2021,0.006785,0.9452
MEX,RUS,2021,0.00268,0.9452
MEX,POL,2021,0.002627,0.9452
MEX,KOR,2023,0.01965,0.9466
MEX,AUS,2023,0.001713,0.9466
MEX,FRA,2023,0.005319,0.9466
MEX,NOR,2023,0.000325,0.9466
MEX,PER,2023,0.002344,0.9466
MEX,USA,2023,0.613225,0.9466
MEX,IND,2023,0.007542,0.9466
MEX,CAN,2023,0.026024,0.9466
MEX,TWN,2023,0.016352,0.9466
MEX,EGY,2023,0.00015,0.9466
MEX,CHN,2023,0.103571,0.9466
MEX,CHE,2023,0.003598,0.9466
MEX,TUR,2023,0.001726,0.9466
MEX,COL,2023,0.004203,0.9466
MEX,NLD,2023,0.003921,0.9466
MEX,ZAF,2023,0.001125,0.9466
MEX,HKG,2023,0.001437,0.9466
MEX,SAU,2023,0.000681,0.9466
MEX,TUN,2023,8.3e-05,0.9466
MEX,ITA,2023,0.007944,0.9466
MEX,BEL,2023,0.002571,0.9466
MEX,ISR,2023,0.001061,0.9466
MEX,SWE,2023,0.001322,0.9466
MEX,PHL,2023,0.002926,0.9466
MEX,DNK,2023,0.001156,0.9466
MEX,ARG,2023,0.001747,0.9466
MEX,JPN,2023,0.020573,0.9466
MEX,HUN,2023,0.001923,0.9466
MEX,FIN,2023,0.000755,0.9466
MEX,BRA,2023,0.01505,0.9466
MEX,VNM,2023,0.010079,0.9466
MEX,IDN,2023,0.002577,0.9466
MEX,GBR,2023,0.00479,0.9466
MEX,PRT,2023,0.000659,0.9466
MEX,VEN,2023,0.000198,0.9466
MEX,MYS,2023,0.010443,0.9466
MEX,DEU,2023,0.025252,0.9466
MEX,CHL,2023,0.002819,0.9466
MEX,UKR,2023,8.3e-05,0.9466
MEX,ESP,2023,0.006636,0.9466
MEX,THA,2023,0.007684,0.9466
MEX,RUS,2023,0.001829,0.9466
MEX,POL,2023,0.003501,0.9466
MYS,KOR,2019,0.039596,0.8058
MYS,AUS,2019,0.028068,0.8058
MYS,FRA,2019,0.009305,0.8058
MYS,NOR,2019,0.000781,0.8058
MYS,PER,2019,0.000459,0.8058
MYS,USA,2019,0.089671,0.8058
MYS,IND,2019,0.034088,0.8058
MYS,CAN,2019,0.003729,0.8058
MYS,TWN,2019,0.051007,0.8058
MYS,EGY,2019,0.00121,0.8058
MYS,CHN,2019,0.171637,0.8058
MYS,CHE,2019,0.004695,0.8058
MYS,TUR,2019,0.004739,0.8058
MYS,COL,2019,0.000421,0.8058
MYS,NLD,2019,0.017344,0.8058
MYS,MEX,2019,0.005847,0.8058
MYS,ZAF,2019,0.003588,0.8058
MYS,HKG,2019,0.043745,0.8058
MYS,SAU,2019,0.012096,0.8058
MYS,TUN,2019,0.000269,0.8058
MYS,ITA,2019,0.006563,0.8058
MYS,BEL,2019,0.004265,0.8058
MYS,SWE,2019,0.001859,0.8058
MYS,PHL,2019,0.014985,0.8058
MYS,DNK,2019,0.000987,0.8058
MYS,ARG,2019,0.002697,0.8058
MYS,JPN,2019,0.070262,0.8058
MYS,HUN,2019,0.001606,0.8058
MYS,FIN,2019,0.00075,0.8058
MYS,BRA,2019,0.006076,0.8058
MYS,VNM,2019,0.029807,0.8058
MYS,IDN,2019,0.038075,0.8058
MYS,GBR,2019,0.008924,0.8058
MYS,PRT,2019,0.000391,0.8058
MYS,VEN,2019,0.001459,0.8058
MYS,DEU,2019,0.028635,0.8058
MYS,CHL,2019,0.000894,0.8058
MYS,UKR,2019,0.000816,0.8058
MYS,ESP,2019,0.00395,0.8058
MYS,THA,2019,0.054541,0.8058
MYS,RUS,2019,0.004396,0.8058
MYS,POL,2019,0.001606,0.8058
MYS,KOR,2021,0.039371,0.8053
MYS,AUS,2021,0.025912,0.8053
MYS,FRA,2021,0.005718,0.8053
MYS,NOR,2021,0.000692,0.8053
MYS,PER,2021,0.00055,0.8053
MYS,USA,2021,0.097578,0.8053
MYS,IND,2021,0.031305,0.8053
MYS,CAN,2021,0.004454,0.8053
MYS,TWN,2021,0.051973,0.8053
MYS,EGY,2021,0.001695,0.8053
MYS,CHN,2021,0.18907,0.8053
MYS,CHE,2021,0.004347,0.8053
MYS,TUR,2021,0.00762,0.8053
MYS,COL,2021,0.000474,0.8053
MYS,NLD,2021,0.016172,0.8053
MYS,MEX,2021,0.006239,0.8053
MYS,ZAF,2021,0.002429,0.8053
MYS,HKG,2021,0.042324,0.8053
MYS,SAU,2021,0.007885,0.8053
MYS,TUN,2021,0.000275,0.8053
MYS,ITA,2021,0.006651,0.8053
MYS,BEL,2021,0.004785,0.8053
MYS,SWE,2021,0.001866,0.8053
MYS,PHL,2021,0.014607,0.8053
MYS,DNK,2021,0.001086,0.8053
MYS,ARG,2021,0.003463,0.8053
MYS,JPN,2021,0.0669,0.8053
MYS,HUN,2021,0.001358,0.8053
MYS,FIN,2021,0.000861,0.8053
MYS,BRA,2021,0.007126,0.8053
MYS,VNM,2021,0.031103,0.8053
MYS,IDN,2021,0.042705,0.8053
MYS,GBR,2021,0.007712,0.8053
MYS,PRT,2021,0.000252,0.8053
MYS,VEN,2021,5.3e-05,0.8053
MYS,DEU,2021,0.024225,0.8053
MYS,CHL,2021,0.000827,0.8053
MYS,UKR,2021,0.000656,0.8053
MYS,ESP,2021,0.00312,0.8053
MYS,THA,2021,0.043994,0.8053
MYS,RUS,2021,0.003943,0.8053
MYS,POL,2021,0.001882,0.8053
MYS,KOR,2023,0.042106,0.7833
MYS,AUS,2023,0.032094,0.7833
MYS,FRA,2023,0.006563,0.7833
MYS,NOR,2023,0.000668,0.7833
MYS,PER,2023,0.000563,0.7833
MYS,USA,2023,0.095087,0.7833
MYS,IND,2023,0.028585,0.7833
MYS,CAN,2023,0.003185,0.7833
MYS,TWN,2023,0.048192,0.7833
MYS,EGY,2023,0.001271,0.7833
MYS,CHN,2023,0.170956,0.7833
MYS,CHE,2023,0.004112,0.7833
MYS,TUR,2023,0.007711,0.7833
MYS,COL,2023,0.000753,0.7833
MYS,NLD,2023,0.015528,0.7833
MYS,MEX,2023,0.008259,0.7833
MYS,ZAF,2023,0.003009,0.7833
MYS,HKG,2023,0.039847,0.7833
MYS,SAU,2023,0.019155,0.7833
MYS,TUN,2023,0.000375,0.7833
MYS,ITA,2023,0.005429,0.7833
MYS,BEL,2023,0.004956,0.7833
MYS,SWE,2023,0.001396,0.7833
MYS,PHL,2023,0.013696,0.7833
MYS,DNK,2023,0.000897,0.7833
MYS,ARG,2023,0.003121,0.7833
MYS,JPN,2023,0.059398,0.7833
MYS,HUN,2023,0.001167,0.7833
MYS,FIN,2023,0.000905,0.7833
MYS,BRA,2023,0.006621,0.7833
MYS,VNM,2023,0.030118,0.7833
MYS,IDN,2023,0.04217,0.7833
MYS,GBR,2023,0.006558,0.7833
MYS,PRT,2023,0.000301,0.7833
MYS,VEN,2023,8.3e-05,0.7833
MYS,DEU,2023,0.02406,0.7833
MYS,CHL,2023,0.000754,0.7833
MYS,UKR,2023,0.000174,0.7833
MYS,ESP,2023,0.003333,0.7833
MYS,THA,2023,0.042913,0.7833
MYS,RUS,2023,0.005392,0.7833
MYS,POL,2023,0.001798,0.7833
NLD,KOR,2019,0.008238,0.8601
NLD,AUS,2019,0.004826,0.8601
NLD,FRA,2019,0.058737,0.8601
NLD,NOR,2019,0.017677,0.8601
NLD,PER,2019,0.001365,0.8601
NLD,USA,2019,0.065567,0.8601
NLD,IND,2019,0.006536,0.8601
NLD,CAN,2019,0.006559,0.8601
NLD,TWN,2019,0.012253,0.8601
NLD,EGY,2019,0.002184,0.8601
NLD,CHN,2019,0.05724,0.8601
NLD,CHE,2019,0.010224,0.8601
NLD,TUR,2019,0.009807,0.8601
NLD,COL,2019,0.001164,0.8601
NLD,MEX,2019,0.004509,0.8601
NLD,ZAF,2019,0.003621,0.8601
NLD,HKG,2019,0.008739,0.8601
NLD,SAU,2019,0.005473,0.8601
NLD,TUN,2019,0.000546,0.8601
NLD,ITA,2019,0.033054,0.8601
NLD,BEL,2019,0.099886,0.8601
NLD,ISR,2019,0.00371,0.8601
NLD,SWE,2019,0.017099,0.8601
NLD,PHL,2019,0.001961,0.8601
NLD,DNK,2019,0.011413,0.8601
NLD,ARG,2019,0.002064,0.8601
NLD,JPN,2019,0.012955,0.8601
NLD,HUN,2019,0.00732,0.8601
NLD,FIN,2019,0.008994,0.8601
NLD,BRA,2019,0.006756,0.8601
NLD,VNM,2019,0.006914,0.8601
NLD,IDN,2019,0.003637,0.8601
NLD,GBR,2019,0.066164,0.8601
NLD,PRT,2019,0.00568,0.8601
NLD,VEN,2019,0.000377,0.8601
NLD,MYS,2019,0.008535,0.8601
NLD,DEU,2019,0.197782,0.8601
NLD,CHL,2019,0.001858,0.8601
NLD,UKR,2019,0.002995,0.8601
NLD,ESP,2019,0.025193,0.8601
NLD,THA,2019,0.004719,0.8601
NLD,RUS,2019,0.022648,0.8601
NLD,POL,2019,0.023144,0.8601
NLD,KOR,2021,0.012496,0.8675
NLD,AUS,2021,0.004642,0.8675
NLD,FRA,2021,0.059177,0.8675
NLD,NOR,2021,0.018088,0.8675
NLD,PER,2021,0.001708,0.8675
NLD,USA,2021,0.061331,0.8675
NLD,IND,2021,0.006161,0.8675
NLD,CAN,2021,0.005516,0.8675
NLD,TWN,2021,0.014122,0.8675
NLD,EGY,2021,0.002475,0.8675
NLD,CHN,2021,0.060772,0.8675
NLD,CHE,2021,0.011653,0.8675
NLD,TUR,2021,0.009595,0.8675
NLD,COL,2021,0.001425,0.8675
NLD,MEX,2021,0.003705,0.8675
NLD,ZAF,2021,0.003596,0.8675
NLD,HKG,2021,0.006348,0.8675
NLD,SAU,2021,0.004546,0.8675
NLD,TUN,2021,0.000504,0.8675
NLD,ITA,2021,0.035893,0.8675
NLD,BEL,2021,0.102824,0.8675
NLD,ISR,2021,0.003231,0.8675
NLD,SWE,2021,0.018081,0.8675
NLD,PHL,2021,0.002265,0.8675
NLD,DNK,2021,0.011918,0.8675
NLD,ARG,2021,0.002866,0.8675
NLD,JPN,2021,0.010961,0.8675
NLD,HUN,2021,0.007315,0.8675
NLD,FIN,2021,0.008979,0.8675
NLD,BRA,2021,0.007447,0.8675
NLD,VNM,2021,0.006386,0.8675
NLD,IDN,2021,0.003659,0.8675
NLD,GBR,2021,0.057883,0.8675
NLD,PRT,2021,0.00561,0.8675
NLD,VEN,2021,0.000166,0.8675
NLD,MYS,2021,0.006975,0.8675
NLD,DEU,2021,0.203399,0.8675
NLD,CHL,2021,0.001711,0.8675
NLD,UKR,2021,0.002949,0.8675
NLD,ESP,2021,0.026103,0.8675
NLD,THA,2021,0.004236,0.8675
NLD,RUS,2021,0.022519,0.8675
NLD,POL,2021,0.026299,0.8675
NLD,KOR,2023,0.011214,0.8515
NLD,AUS,2023,0.004368,0.8515
NLD,FRA,2023,0.059227,0.8515
NLD,NOR,2023,0.020544,0.8515
NLD,PER,2023,0.001298,0.8515
NLD,USA,2023,0.076082,0.8515
NLD,IND,2023,0.006902,0.8515
NLD,CAN,2023,0.006415,0.8515
NLD,TWN,2023,0.011919,0.8515
NLD,EGY,2023,0.002019,0.8515
NLD,CHN,2023,0.053142,0.8515
NLD,CHE,2023,0.010512,0.8515
NLD,TUR,2023,0.010407,0.8515
NLD,COL,2023,0.001587,0.8515
NLD,MEX,2023,0.003358,0.8515
NLD,ZAF,2023,0.003799,0.8515
NLD,HKG,2023,0.005421,0.8515
NLD,SAU,2023,0.005922,0.8515
NLD,TUN,2023,0.00049,0.8515
NLD,ITA,2023,0.033511,0.8515
NLD,BEL,2023,0.107311,0.8515
NLD,ISR,2023,0.003148,0.8515
NLD,SWE,2023,0.018569,0.8515
NLD,PHL,2023,0.002268,0.8515
NLD,DNK,2023,0.012475,0.8515
NLD,ARG,2023,0.002049,0.8515
NLD,JPN,2023,0.01046,0.8515
NLD,HUN,2023,0.006605,0.8515
NLD,FIN,2023,0.007645,0.8515
NLD,BRA,2023,0.009672,0.8515
NLD,VNM,2023,0.007014,0.8515
NLD,IDN,2023,0.003396,0.8515
NLD,GBR,2023,0.057791,0.8515
NLD,PRT,2023,0.005162,0.8515
NLD,VEN,2023,0.000155,0.8515
NLD,MYS,2023,0.005024,0.8515
NLD,DEU,2023,0.199968,0.8515
NLD,CHL,2023,0.001718,0.8515
NLD,UKR,2023,0.002027,0.8515
NLD,ESP,2023,0.0256,0.8515
NLD,THA,2023,0.00389,0.8515
NLD,RUS,2023,0.005988,0.8515
NLD,POL,2023,0.025472,0.8515
NOR,KOR,2019,0.014821,0.9156
NOR,AUS,2019,0.002339,0.9156
NOR,FRA,2019,0.047424,0.9156
NOR,PER,2019,0.001284,0.9156
NOR,USA,2019,0.059406,0.9156
NOR,IND,2019,0.005492,0.9156
NOR,CAN,2019,0.014189,0.9156
NOR,TWN,2019,0.004018,0.9156
NOR,EGY,2019,0.00238,0.9156
NOR,CHN,2019,0.06863,0.9156
NOR,CHE,2019,0.006615,0.9156
NOR,TUR,2019,0.009557,0.9156
NOR,COL,2019,0.00093,0.9156
NOR,NLD,2019,0.077769,0.9156
NOR,MEX,2019,0.00239,0.9156
NOR,ZAF,2019,0.002707,0.9156
NOR,HKG,2019,0.001973,0.9156
NOR,SAU,2019,0.000776,0.9156
NOR,TUN,2019,0.000348,0.9156
NOR,ITA,2019,0.021617,0.9156
NOR,BEL,2019,0.030046,0.9156
NOR,ISR,2019,0.001707,0.9156
NOR,SWE,2019,0.095173,0.9156
NOR,PHL,2019,0.000478,0.9156
NOR,DNK,2019,0.049972,0.9156
NOR,ARG,2019,0.000431,0.9156
NOR,JPN,2019,0.014918,0.9156
NOR,HUN,2019,0.002407,0.9156
NOR,FIN,2019,0.017937,0.9156
NOR,BRA,2019,0.010915,0.9156
NOR,VNM,2019,0.004953,0.9156
NOR,IDN,2019,0.001769,0.9156
NOR,GBR,2019,0.132644,0.9156
NOR,PRT,2019,0.005535,0.9156
NOR,VEN,2019,1e-05,0.9156
NOR,MYS,2019,0.002997,0.9156
NOR,DEU,2019,0.128038,0.9156
NOR,CHL,2019,0.001454,0.9156
NOR,UKR,2019,0.001341,0.9156
NOR,ESP,2019,0.021737,0.9156
NOR,THA,2019,0.004055,0.9156
NOR,RUS,2019,0.012336,0.9156
NOR,POL,2019,0.030053,0.9156
NOR,KOR,2021,0.013,0.9282
NOR,AUS,2021,0.001955,0.9282
NOR,FRA,2021,0.058596,0.9282
NOR,PER,2021,0.001189,0.9282
NOR,USA,2021,0.039198,0.9282
NOR,IND,2021,0.007823,0.9282
NOR,CAN,2021,0.013769,0.9282
NOR,TWN,2021,0.003713,0.9282
NOR,EGY,2021,0.001074,0.9282
NOR,CHN,2021,0.0834,0.9282
NOR,CHE,2021,0.005138,0.9282
NOR,TUR,2021,0.011018,0.9282
NOR,COL,2021,0.000865,0.9282
NOR,NLD,2021,0.060117,0.9282
NOR,MEX,2021,0.00343,0.9282
NOR,ZAF,2021,0.001535,0.9282
NOR,HKG,2021,0.001539,0.9282
NOR,SAU,2021,0.000546,0.9282
NOR,TUN,2021,0.000227,0.9282
NOR,ITA,2021,0.018699,0.9282
NOR,BEL,2021,0.046205,0.9282
NOR,ISR,2021,0.001385,0.9282
NOR,SWE,2021,0.086848,0.9282
NOR,PHL,2021,0.000504,0.9282
NOR,DNK,2021,0.034154,0.9282
NOR,ARG,2021,0.000336,0.9282
NOR,JPN,2021,0.010494,0.9282
NOR,HUN,2021,0.002396,0.9282
NOR,FIN,2021,0.014125,0.9282
NOR,BRA,2021,0.00838,0.9282
NOR,VNM,2021,0.004559,0.9282
NOR,IDN,2021,0.001621,0.9282
NOR,GBR,2021,0.152985,0.9282
NOR,PRT,2021,0.003915,0.9282
NOR,VEN,2021,4e-06,0.9282
NOR,MYS,2021,0.002153,0.9282
NOR,DEU,2021,0.170374,0.9282
NOR,CHL,2021,0.00137,0.9282
NOR,UKR,2021,0.001451,0.9282
NOR,ESP,2021,0.017885,0.9282
NOR,THA,2021,0.004578,0.9282
NOR,RUS,2021,0.010972,0.9282
NOR,POL,2021,0.024712,0.9282
NOR,KOR,2023,0.007279,0.9217
NOR,AUS,2023,0.002145,0.9217
NOR,FRA,2023,0.048305,0.9217
NOR,PER,2023,0.000687,0.9217
NOR,USA,2023,0.047745,0.9217
NOR,IND,2023,0.004603,0.9217
NOR,CAN,2023,0.010213,0.9217
NOR,TWN,2023,0.003757,0.9217
NOR,EGY,2023,0.000958,0.9217
NOR,CHN,2023,0.052483,0.9217
NOR,CHE,2023,0.004984,0.9217
NOR,TUR,2023,0.007611,0.9217
NOR,COL,2023,0.001562,0.9217
NOR,NLD,2023,0.070714,0.9217
NOR,MEX,2023,0.003163,0.9217
NOR,ZAF,2023,0.001935,0.9217
NOR,HKG,2023,0.001516,0.9217
NOR,SAU,2023,0.000749,0.9217
NOR,TUN,2023,0.000321,0.9217
NOR,ITA,2023,0.021861,0.9217
NOR,BEL,2023,0.043188,0.9217
NOR,ISR,2023,0.001417,0.9217
NOR,SWE,2023,0.088063,0.9217
NOR,PHL,2023,0.000447,0.9217
NOR,DNK,2023,0.048625,0.9217
NOR,ARG,2023,0.000329,0.9217
NOR,JPN,2023,0.009524,0.9217
NOR,HUN,2023,0.002997,0.9217
NOR,FIN,2023,0.030405,0.9217
NOR,BRA,2023,0.010168,0.9217
NOR,VNM,2023,0.004661,0.9217
NOR,IDN,2023,0.002827,0.9217
NOR,GBR,2023,0.138925,0.9217
NOR,PRT,2023,0.004449,0.9217
NOR,VEN,2023,9.7e-05,0.9217
NOR,MYS,2023,0.002522,0.9217
NOR,DEU,2023,0.162579,0.9217
NOR,CHL,2023,0.002213,0.9217
NOR,UKR,2023,0.001983,0.9217
NOR,ESP,2023,0.016382,0.9217
NOR,THA,2023,0.003786,0.9217
NOR,RUS,2023,0.001669,0.9217
NOR,POL,2023,0.051901,0.9217
PER,KOR,2019,0.036603,0.9074
PER,AUS,2019,0.002319,0.9074
PER,FRA,2019,0.007009,0.9074
PER,NOR,2019,0.000814,0.9074
PER,USA,2019,0.164469,0.9074
PER,IND,2019,0.030132,0.9074
PER,CAN,2019,0.034862,0.9074
PER,TWN,2019,0.005996,0.9074
PER,EGY,2019,0.00015,0.9074
PER,CHN,2019,0.269029,0.9074
PER,CHE,2019,0.027555,0.9074
PER,TUR,2019,0.002695,0.9074
PER,COL,2019,0.024008,0.9074
PER,NLD,2019,0.018975,0.9074
PER,MEX,2019,0.026283,0.9074
PER,ZAF,2019,0.000904,0.9074
PER,HKG,2019,0.001979,0.9074
PER,SAU,2019,0.000941,0.9074
PER,TUN,2019,4.8e-05,0.9074
PER,ITA,2019,0.015237,0.9074
PER,BEL,2019,0.007685,0.9074
PER,ISR,2019,0.001023,0.9074
PER,SWE,2019,0.003893,0.9074
PER,PHL,2019,0.003172,0.9074
PER,DNK,2019,0.002093,0.9074
PER,ARG,2019,0.021559,0.9074
PER,JPN,2019,0.034395,0.9074
PER,HUN,2019,0.000539,0.9074
PER,FIN,2019,0.002153,0.9074
PER,BRA,2019,0.043743,0.9074
PER,VNM,2019,0.007143,0.9074
PER,IDN,2019,0.003865,0.9074
PER,GBR,2019,0.007877,0.9074
PER,PRT,2019,0.001172,0.9074
PER,VEN,2019,0.000515,0.9074
PER,MYS,2019,0.00345,0.9074
PER,DEU,2019,0.024473,0.9074
PER,CHL,2019,0.029846,0.9074
PER,UKR,2019,0.000381,0.9074
PER,ESP,2019,0.023689,0.9074
PER,THA,2019,0.00694,0.9074
PER,RUS,2019,0.006539,0.9074
PER,POL,2019,0.001217,0.9074
PER,KOR,2021,0.0351,0.9245
PER,AUS,2021,0.002599,0.9245
PER,FRA,2021,0.005214,0.9245
PER,NOR,2021,0.00103,0.9245
PER,USA,2021,0.155952,0.9245
PER,IND,2021,0.033698,0.9245
PER,CAN,2021,0.034637,0.9245
PER,TWN,2021,0.006289,0.9245
PER,EGY,2021,0.000254,0.9245
PER,CHN,2021,0.303491,0.9245
PER,CHE,2021,0.019254,0.9245
PER,TUR,2021,0.006338,0.9245
PER,COL,2021,0.01905,0.9245
PER,NLD,2021,0.019831,0.9245
PER,MEX,2021,0.022774,0.9245
PER,ZAF,2021,0.001142,0.9245
PER,HKG,2021,0.003262,0.9245
PER,SAU,2021,0.001753,0.9245
PER,TUN,2021,6.7e-05,0.9245
PER,ITA,2021,0.013082,0.9245
PER,BEL,2021,0.007572,0.9245
PER,ISR,2021,0.001011,0.9245
PER,SWE,2021,0.003201,0.9245
PER,PHL,2021,0.00266,0.9245
PER,DNK,2021,0.001676,0.9245
PER,ARG,2021,0.023055,0.9245
PER,JPN,2021,0.035412,0.9245
PER,HUN,2021,0.000458,0.9245
PER,FIN,2021,0.001524,0.9245
PER,BRA,2021,0.041877,0.9245
PER,VNM,2021,0.008433,0.9245
PER,IDN,2021,0.00447,0.9245
PER,GBR,2021,0.014278,0.9245
PER,PRT,2021,0.000728,0.9245
PER,VEN,2021,0.000889,0.9245
PER,MYS,2021,0.003488,0.9245
PER,DEU,2021,0.021179,0.9245
PER,CHL,2021,0.028195,0.9245
PER,UKR,2021,0.001504,0.9245
PER,ESP,2021,0.021818,0.9245
PER,THA,2021,0.005754,0.9245
PER,RUS,2021,0.00777,0.9245
PER,POL,2021,0.002775,0.9245
PER,KOR,2023,0.027307,0.9163
PER,AUS,2023,0.002315,0.9163
PER,FRA,2023,0.00634,0.9163
PER,NOR,2023,0.000611,0.9163
PER,USA,2023,0.173079,0.9163
PER,IND,2023,0.03126,0.9163
PER,CAN,2023,0.036057,0.9163
PER,TWN,2023,0.005628,0.9163
PER,EGY,2023,0.000362,0.9163
PER,CHN,2023,0.314098,0.9163
PER,CHE,2023,0.015494,0.9163
PER,TUR,2023,0.004167,0.9163
PER,COL,2023,0.01776,0.9163
PER,NLD,2023,0.017458,0.9163
PER,MEX,2023,0.022643,0.9163
PER,ZAF,2023,0.000711,0.9163
PER,HKG,2023,0.002531,0.9163
PER,SAU,2023,0.00044,0.9163
PER,TUN,2023,0.000138,0.9163
PER,ITA,2023,0.01315,0.9163
PER,BEL,2023,0.00523,0.9163
PER,ISR,2023,0.000694,0.9163
PER,SWE,2023,0.003354,0.9163
PER,PHL,2023,0.00133,0.9163
PER,DNK,2023,0.001043,0.9163
PER,ARG,2023,0.024525,0.9163
PER,JPN,2023,0.028453,0.9163
PER,HUN,2023,0.000381,0.9163
PER,FIN,2023,0.002831,0.9163
PER,BRA,2023,0.04696,0.9163
PER,VNM,2023,0.006313,0.9163
PER,IDN,2023,0.004898,0.9163
PER,GBR,2023,0.013642,0.9163
PER,PRT,2023,0.000632,0.9163
PER,VEN,2023,0.001282,0.9163
PER,MYS,2023,0.004021,0.9163
PER,DEU,2023,0.017965,0.9163
PER,CHL,2023,0.028096,0.9163
PER,UKR,2023,0.000118,0.9163
PER,ESP,2023,0.022942,0.9163
PER,THA,2023,0.005158,0.9163
PER,RUS,2023,0.003518,0.9163
PER,POL,2023,0.001357,0.9163
PHL,KOR,2019,0.063773,0.9057
PHL,AUS,2019,0.010156,0.9057
PHL,FRA,2019,0.012758,0.9057
PHL,NOR,2019,0.000214,0.9057
PHL,PER,2019,0.000376,0.9057
PHL,USA,2019,0.106973,0.9057
PHL,IND,2019,0.013098,0.9057
PHL,CAN,2019,0.006156,0.9057
PHL,TWN,2019,0.038377,0.9057
PHL,EGY,2019,0.000149,0.9057
PHL,CHN,2019,0.194346,0.9057
PHL,CHE,2019,0.004264,0.9057
PHL,TUR,2019,0.000982,0.9057
PHL,COL,2019,0.000173,0.9057
PHL,NLD,2019,0.015689,0.9057
PHL,MEX,2019,0.004545,0.9057
PHL,ZAF,2019,0.000937,0.9057
PHL,HKG,2019,0.071187,0.9057
PHL,SAU,2019,0.006533,0.9057
PHL,TUN,2019,6.2e-05,0.9057
PHL,ITA,2019,0.005977,0.9057
PHL,BEL,2019,0.004506,0.9057
PHL,ISR,2019,0.001842,0.9057
PHL,SWE,2019,0.001327,0.9057
PHL,DNK,2019,0.001301,0.9057
PHL,ARG,2019,0.002467,0.9057
PHL,JPN,2019,0.116343,0.9057
PHL,HUN,2019,0.001101,0.9057
PHL,FIN,2019,0.001251,0.9057
PHL,BRA,2019,0.005962,0.9057
PHL,VNM,2019,0.02726,0.9057
PHL,IDN,2019,0.043196,0.9057
PHL,GBR,2019,0.007088,0.9057
PHL,PRT,2019,0.000215,0.9057
PHL,VEN,2019,4e-06,0.9057
PHL,MYS,2019,0.035809,0.9057
PHL,DEU,2019,0.030352,0.9057
PHL,CHL,2019,0.000549,0.9057
PHL,UKR,2019,0.001724,0.9057
PHL,ESP,2019,0.004375,0.9057
PHL,THA,2019,0.054319,0.9057
PHL,RUS,2019,0.006099,0.9057
PHL,POL,2019,0.001857,0.9057
PHL,KOR,2021,0.061323,0.9102
PHL,AUS,2021,0.011458,0.9102
PHL,FRA,2021,0.007876,0.9102
PHL,NOR,2021,0.000547,0.9102
PHL,PER,2021,0.000354,0.9102
PHL,USA,2021,0.101184,0.9102
PHL,IND,2021,0.015717,0.9102
PHL,CAN,2021,0.006682,0.9102
PHL,TWN,2021,0.042988,0.9102
PHL,EGY,2021,0.000111,0.9102
PHL,CHN,2021,0.199694,0.9102
PHL,CHE,2021,0.00436,0.9102
PHL,TUR,2021,0.000856,0.9102
PHL,COL,2021,0.000144,0.9102
PHL,NLD,2021,0.014395,0.9102
PHL,MEX,2021,0.004723,0.9102
PHL,ZAF,2021,0.001036,0.9102
PHL,HKG,2021,0.067098,0.9102
PHL,SAU,2021,0.011544,0.9102
PHL,TUN,2021,8.2e-05,0.9102
PHL,ITA,2021,0.005634,0.9102
PHL,BEL,2021,0.005445,0.9102
PHL,ISR,2021,0.001829,0.9102
PHL,SWE,2021,0.001286,0.9102
PHL,DNK,2021,0.001898,0.9102
PHL,ARG,2021,0.00238,0.9102
PHL,JPN,2021,0.113335,0.9102
PHL,HUN,2021,0.000895,0.9102
PHL,FIN,2021,0.00158,0.9102
PHL,BRA,2021,0.007528,0.9102
PHL,VNM,2021,0.030693,0.9102
PHL,IDN,2021,0.049723,0.9102
PHL,GBR,2021,0.005562,0.9102
PHL,PRT,2021,0.000238,0.9102
PHL,VEN,2021,4e-06,0.9102
PHL,MYS,2021,0.037512,0.9102
PHL,DEU,2021,0.025608,0.9102
PHL,CHL,2021,0.000443,0.9102
PHL,UKR,2021,0.000792,0.9102
PHL,ESP,2021,0.004984,0.9102
PHL,THA,2021,0.053712,0.9102
PHL,RUS,2021,0.004313,0.9102
PHL,POL,2021,0.002635,0.9102
PHL,KOR,2023,0.059798,0.9069
PHL,AUS,2023,0.021836,0.9069
PHL,FRA,2023,0.009583,0.9069
PHL,NOR,2023,0.000366,0.9069
PHL,PER,2023,0.000523,0.9069
PHL,USA,2023,0.099394,0.9069
PHL,IND,2023,0.015488,0.9069
PHL,CAN,2023,0.007615,0.9069
PHL,TWN,2023,0.036584,0.9069
PHL,EGY,2023,0.000486,0.9069
PHL,CHN,2023,0.201194,0.9069
PHL,CHE,2023,0.004621,0.9069
PHL,TUR,2023,0.00109,0.9069
PHL,COL,2023,0.000181,0.9069
PHL,NLD,2023,0.017824,0.9069
PHL,MEX,2023,0.006223,0.9069
PHL,ZAF,2023,0.000958,0.9069
PHL,HKG,2023,0.052624,0.9069
PHL,SAU,2023,0.011963,0.9069
PHL,TUN,2023,0.000122,0.9069
PHL,ITA,2023,0.006061,0.9069
PHL,BEL,2023,0.003179,0.9069
PHL,ISR,2023,0.002382,0.9069
PHL,SWE,2023,0.001153,0.9069
PHL,DNK,2023,0.001814,0.9069
PHL,ARG,2023,0.002525,0.9069
PHL,JPN,2023,0.103283,0.9069
PHL,HUN,2023,0.000851,0.9069
PHL,FIN,2023,0.000763,0.9069
PHL,BRA,2023,0.008673,0.9069
PHL,VNM,2023,0.032249,0.9069
PHL,IDN,2023,0.063054,0.9069
PHL,GBR,2023,0.006498,0.9069
PHL,PRT,2023,0.000305,0.9069
PHL,VEN,2023,1.8e-05,0.9069
PHL,MYS,2023,0.040694,0.9069
PHL,DEU,2023,0.022988,0.9069
PHL,CHL,2023,0.000755,0.9069
PHL,UKR,2023,5.4e-05,0.9069
PHL,ESP,2023,0.004554,0.9069
PHL,THA,2023,0.053788,0.9069
PHL,RUS,2023,0.001042,0.9069
PHL,POL,2023,0.001778,0.9069
POL,KOR,2019,0.011521,0.8076
POL,AUS,2019,0.0026,0.8076
POL,FRA,2019,0.047272,0.8076
POL,NOR,2019,0.010905,0.8076
POL,PER,2019,0.000348,0.8076
POL,USA,2019,0.030603,0.8076
POL,IND,2019,0.005428,0.8076
POL,CAN,2019,0.003913,0.8076
POL,TWN,2019,0.003123,0.8076
POL,EGY,2019,0.001321,0.8076
POL,CHN,2019,0.066429,0.8076
POL,CHE,2019,0.007872,0.8076
POL,TUR,2019,0.012617,0.8076
POL,COL,2019,0.0006,0.8076
POL,NLD,2019,0.040701,0.8076
POL,MEX,2019,0.002886,0.8076
POL,ZAF,2019,0.002432,0.8076
POL,HKG,2019,0.001092,0.8076
POL,SAU,2019,0.005322,0.8076
POL,TUN,2019,0.000825,0.8076
POL,ITA,2019,0.047998,0.8076
POL,BEL,2019,0.02322,0.8076
POL,ISR,2019,0.002229,0.8076
POL,SWE,2019,0.022752,0.8076
POL,PHL,2019,0.001165,0.8076
POL,DNK,2019,0.013719,0.8076
POL,ARG,2019,0.001454,0.8076
POL,JPN,2019,0.010193,0.8076
POL,HUN,2019,0.022107,0.8076
POL,FIN,2019,0.007944,0.8076
POL,BRA,2019,0.003975,0.8076
POL,VNM,2019,0.006414,0.8076
POL,IDN,2019,0.001961,0.8076
POL,GBR,2019,0.041685,0.8076
POL,PRT,2019,0.004395,0.8076
POL,VEN,2019,3e-05,0.8076
POL,MYS,2019,0.002318,0.8076
POL,DEU,2019,0.244647,0.8076
POL,CHL,2019,0.000584,0.8076
POL,UKR,2019,0.016433,0.8076
POL,ESP,2019,0.02453,0.8076
POL,THA,2019,0.002187,0.8076
POL,RUS,2019,0.047899,0.8076
POL,KOR,2021,0.013034,0.8094
POL,AUS,2021,0.002484,0.8094
POL,FRA,2021,0.044926,0.8094
POL,NOR,2021,0.010064,0.8094
POL,PER,2021,0.000406,0.8094
POL,USA,2021,0.029167,0.8094
POL,IND,2021,0.00653,0.8094
POL,CAN,2021,0.003016,0.8094
POL,TWN,2021,0.003938,0.8094
POL,EGY,2021,0.001084,0.8094
POL,CHN,2021,0.081103,0.8094
POL,CHE,2021,0.008461,0.8094
POL,TUR,2021,0.013909,0.8094
POL,COL,2021,0.000444,0.8094
POL,NLD,2021,0.042119,0.8094
POL,MEX,2021,0.004083,0.8094
POL,ZAF,2021,0.001852,0.8094
POL,HKG,2021,0.000819,0.8094
POL,SAU,2021,0.005216,0.8094
POL,TUN,2021,0.000687,0.8094
POL,ITA,2021,0.047192,0.8094
POL,BEL,2021,0.023041,0.8094
POL,ISR,2021,0.002117,0.8094
POL,SWE,2021,0.021879,0.8094
POL,PHL,2021,0.001303,0.8094
POL,DNK,2021,0.012941,0.8094
POL,ARG,2021,0.001517,0.8094
POL,JPN,2021,0.009042,0.8094
POL,HUN,2021,0.020039,0.8094
POL,FIN,2021,0.007644,0.8094
POL,BRA,2021,0.003515,0.8094
POL,VNM,2021,0.006971,0.8094
POL,IDN,2021,0.002022,0.8094
POL,GBR,2021,0.03297,0.8094
POL,PRT,2021,0.004654,0.8094
POL,VEN,2021,2.8e-05,0.8094
POL,MYS,2021,0.002861,0.8094
POL,DEU,2021,0.247501,0.8094
POL,CHL,2021,0.000661,0.8094
POL,UKR,2021,0.018516,0.8094
POL,ESP,2021,0.023015,0.8094
POL,THA,2021,0.002376,0.8094
POL,RUS,2021,0.044244,0.8094
POL,KOR,2023,0.015131,0.8046
POL,AUS,2023,0.002202,0.8046
POL,FRA,2023,0.04729,0.8046
POL,NOR,2023,0.016348,0.8046
POL,PER,2023,0.000332,0.8046
POL,USA,2023,0.037241,0.8046
POL,IND,2023,0.007608,0.8046
POL,CAN,2023,0.003802,0.8046
POL,TWN,2023,0.003918,0.8046
POL,EGY,2023,0.000991,0.8046
POL,CHN,2023,0.072787,0.8046
POL,CHE,2023,0.009465,0.8046
POL,TUR,2023,0.017575,0.8046
POL,COL,2023,0.001858,0.8046
POL,NLD,2023,0.04292,0.8046
POL,MEX,2023,0.004693,0.8046
POL,ZAF,2023,0.002453,0.8046
POL,HKG,2023,0.000805,0.8046
POL,SAU,2023,0.011341,0.8046
POL,TUN,2023,0.000781,0.8046
POL,ITA,2023,0.04745,0.8046
POL,BEL,2023,0.023387,0.8046
POL,ISR,2023,0.001991,0.8046
POL,SWE,2023,0.021758,0.8046
POL,PHL,2023,0.000989,0.8046
POL,DNK,2023,0.017595,0.8046
POL,ARG,2023,0.000834,0.8046
POL,JPN,2023,0.009464,0.8046
POL,HUN,2023,0.019871,0.8046
POL,FIN,2023,0.007985,0.8046
POL,BRA,2023,0.004946,0.8046
POL,VNM,2023,0.007354,0.8046
POL,IDN,2023,0.002279,0.8046
POL,GBR,2023,0.033981,0.8046
POL,PRT,2023,0.0044,0.8046
POL,VEN,2023,5.7e-05,0.8046
POL,MYS,2023,0.002187,0.8046
POL,DEU,2023,0.239747,0.8046
POL,CHL,2023,0.000498,0.8046
POL,UKR,2023,0.022642,0.8046
POL,ESP,2023,0.024443,0.8046
POL,THA,2023,0.0024,0.8046
POL,RUS,2023,0.008782,0.8046
PRT,KOR,2019,0.004405,0.8767
PRT,AUS,2019,0.001023,0.8767
PRT,FRA,2019,0.111502,0.8767
PRT,NOR,2019,0.002797,0.8767
PRT,PER,2019,0.0005,0.8767
PRT,USA,2019,0.032261,0.8767
PRT,IND,2019,0.006768,0.8767
PRT,CAN,2019,0.005228,0.8767
PRT,TWN,2019,0.004473,0.8767
PRT,EGY,2019,0.00207,0.8767
PRT,CHN,2019,0.025415,0.8767
PRT,CHE,2019,0.0065,0.8767
PRT,TUR,2019,0.010851,0.8767
PRT,COL,2019,0.001527,0.8767
PRT,NLD,2019,0.045154,0.8767
PRT,MEX,2019,0.002955,0.8767
PRT,ZAF,2019,0.00276,0.8767
PRT,HKG,2019,0.001311,0.8767
PRT,SAU,2019,0.006393,0.8767
PRT,TUN,2019,0.000943,0.8767
PRT,ITA,2019,0.048558,0.8767
PRT,BEL,2019,0.027183,0.8767
PRT,ISR,2019,0.002334,0.8767
PRT,SWE,2019,0.009312,0.8767
PRT,PHL,2019,0.0003,0.8767
PRT,DNK,2019,0.006142,0.8767
PRT,ARG,2019,0.000939,0.8767
PRT,JPN,2019,0.003929,0.8767
PRT,HUN,2019,0.006052,0.8767
PRT,FIN,2019,0.003989,0.8767
PRT,BRA,2019,0.012714,0.8767
PRT,VNM,2019,0.002917,0.8767
PRT,IDN,2019,0.001154,0.8767
PRT,GBR,2019,0.040971,0.8767
PRT,VEN,2019,0.000241,0.8767
PRT,MYS,2019,0.000927,0.8767
PRT,DEU,2019,0.127153,0.8767
PRT,CHL,2019,0.001117,0.8767
PRT,UKR,2019,0.002083,0.8767
PRT,ESP,2019,0.280368,0.8767
PRT,THA,2019,0.001414,0.8767
PRT,RUS,2019,0.0092,0.8767
PRT,POL,2019,0.01284,0.8767
PRT,KOR,2021,0.004764,0.8933
PRT,AUS,2021,0.001685,0.8933
PRT,FRA,2021,0.094837,0.8933
PRT,NOR,2021,0.002502,0.8933
PRT,PER,2021,0.000425,0.8933
PRT,USA,2021,0.037812,0.8933
PRT,IND,2021,0.007142,0.8933
PRT,CAN,2021,0.003623,0.8933
PRT,TWN,2021,0.004116,0.8933
PRT,EGY,2021,0.002312,0.8933
PRT,CHN,2021,0.031528,0.8933
PRT,CHE,2021,0.006894,0.8933
PRT,TUR,2021,0.012243,0.8933
PRT,COL,2021,0.000581,0.8933
PRT,NLD,2021,0.047166,0.8933
PRT,MEX,2021,0.002656,0.8933
PRT,ZAF,2021,0.00264,0.8933
PRT,HKG,2021,0.001764,0.8933
PRT,SAU,2021,0.003016,0.8933
PRT,TUN,2021,0.001263,0.8933
PRT,ITA,2021,0.048807,0.8933
PRT,BEL,2021,0.02847,0.8933
PRT,ISR,2021,0.002936,0.8933
PRT,SWE,2021,0.010884,0.8933
PRT,PHL,2021,0.000294,0.8933
PRT,DNK,2021,0.00646,0.8933
PRT,ARG,2021,0.001636,0.8933
PRT,JPN,2021,0.006128,0.8933
PRT,HUN,2021,0.0065,0.8933
PRT,FIN,2021,0.004525,0.8933
PRT,BRA,2021,0.022185,0.8933
PRT,VNM,2021,0.003533,0.8933
PRT,IDN,2021,0.001008,0.8933
PRT,GBR,2021,0.02929,0.8933
PRT,VEN,2021,0.00026,0.8933
PRT,MYS,2021,0.001118,0.8933
PRT,DEU,2021,0.118121,0.8933
PRT,CHL,2021,0.001203,0.8933
PRT,UKR,2021,0.002263,0.8933
PRT,ESP,2021,0.30196,0.8933
PRT,THA,2021,0.001675,0.8933
PRT,RUS,2021,0.008489,0.8933
PRT,POL,2021,0.016535,0.8933
PRT,KOR,2023,0.00573,0.8797
PRT,AUS,2023,0.00188,0.8797
PRT,FRA,2023,0.095415,0.8797
PRT,NOR,2023,0.002615,0.8797
PRT,PER,2023,0.000337,0.8797
PRT,USA,2023,0.041057,0.8797
PRT,IND,2023,0.006906,0.8797
PRT,CAN,2023,0.003757,0.8797
PRT,TWN,2023,0.003736,0.8797
PRT,EGY,2023,0.001595,0.8797
PRT,CHN,2023,0.032821,0.8797
PRT,CHE,2023,0.007215,0.8797
PRT,TUR,2023,0.011668,0.8797
PRT,COL,2023,0.000615,0.8797
PRT,NLD,2023,0.04651,0.8797
PRT,MEX,2023,0.002588,0.8797
PRT,ZAF,2023,0.002692,0.8797
PRT,HKG,2023,0.001172,0.8797
PRT,SAU,2023,0.003435,0.8797
PRT,TUN,2023,0.001078,0.8797
PRT,ITA,2023,0.047226,0.8797
PRT,BEL,2023,0.028574,0.8797
PRT,ISR,2023,0.002132,0.8797
PRT,SWE,2023,0.011359,0.8797
PRT,PHL,2023,0.000306,0.8797
PRT,DNK,2023,0.0051,0.8797
PRT,ARG,2023,0.000924,0.8797
PRT,JPN,2023,0.004866,0.8797
PRT,HUN,2023,0.005829,0.8797
PRT,FIN,2023,0.004185,0.8797
PRT,BRA,2023,0.02581,0.8797
PRT,VNM,2023,0.003193,0.8797
PRT,IDN,2023,0.001064,0.8797
PRT,GBR,2023,0.026198,0.8797
PRT,VEN,2023,0.000361,0.8797
PRT,MYS,2023,0.000757,0.8797
PRT,DEU,2023,0.111124,0.8797
PRT,CHL,2023,0.000858,0.8797
PRT,UKR,2023,0.00234,0.8797
PRT,ESP,2023,0.303851,0.8797
PRT,THA,2023,0.001466,0.8797
PRT,RUS,2023,0.002229,0.8797
PRT,POL,2023,0.017076,0.8797
RUS,KOR,2019,0.036148,0.7554
RUS,AUS,2019,0.00126,0.7554
RUS,FRA,2019,0.02233,0.7554
RUS,NOR,2019,0.004954,0.7554
RUS,PER,2019,0.000814,0.7554
RUS,USA,2019,0.0395,0.7554
RUS,IND,2019,0.016666,0.7554
RUS,CAN,2019,0.002604,0.7554
RUS,TWN,2019,0.007788,0.7554
RUS,EGY,2019,0.009275,0.7554
RUS,CHN,2019,0.165405,0.7554
RUS,CHE,2019,0.009696,0.7554
RUS,TUR,2019,0.038773,0.7554
RUS,COL,2019,0.000416,0.7554
RUS,NLD,2019,0.072366,0.7554
RUS,MEX,2019,0.003838,0.7554
RUS,ZAF,2019,0.001644,0.7554
RUS,HKG,2019,0.001902,0.7554
RUS,SAU,2019,0.002474,0.7554
RUS,TUN,2019,0.000975,0.7554
RUS,ITA,2019,0.03747,0.7554
RUS,BEL,2019,0.013623,0.7554
RUS,ISR,2019,0.00334,0.7554
RUS,SWE,2019,0.006727,0.7554
RUS,PHL,2019,0.001666,0.7554
RUS,DNK,2019,0.006481,0.7554
RUS,ARG,2019,0.001706,0.7554
RUS,JPN,2019,0.030147,0.7554
RUS,HUN,2019,0.009434,0.7554
RUS,FIN,2019,0.020115,0.7554
RUS,BRA,2019,0.006839,0.7554
RUS,VNM,2019,0.007298,0.7554
RUS,IDN,2019,0.003639,0.7554
RUS,GBR,2019,0.025685,0.7554
RUS,PRT,2019,0.001859,0.7554
RUS,VEN,2019,0.000144,0.7554
RUS,MYS,2019,0.004311,0.7554
RUS,DEU,2019,0.078886,0.7554
RUS,CHL,2019,0.001521,0.7554
RUS,UKR,2019,0.017012,0.7554
RUS,ESP,2019,0.008724,0.7554
RUS,THA,2019,0.003514,0.7554
RUS,POL,2019,0.026468,0.7554
RUS,KOR,2021,0.038027,0.7655
RUS,AUS,2021,0.001241,0.7655
RUS,FRA,2021,0.028151,0.7655
RUS,NOR,2021,0.003459,0.7655
RUS,PER,2021,0.00078,0.7655
RUS,USA,2021,0.044557,0.7655
RUS,IND,2021,0.017251,0.7655
RUS,CAN,2021,0.00212,0.7655
RUS,TWN,2021,0.007521,0.7655
RUS,EGY,2021,0.006069,0.7655
RUS,CHN,2021,0.179906,0.7655
RUS,CHE,2021,0.007911,0.7655
RUS,TUR,2021,0.04192,0.7655
RUS,COL,2021,0.000686,0.7655
RUS,NLD,2021,0.059085,0.7655
RUS,MEX,2021,0.006087,0.7655
RUS,ZAF,2021,0.00145,0.7655
RUS,HKG,2021,0.002759,0.7655
RUS,SAU,2021,0.002866,0.7655
RUS,TUN,2021,0.000609,0.7655
RUS,ITA,2021,0.039854,0.7655
RUS,BEL,2021,0.014246,0.7655
RUS,ISR,2021,0.003287,0.7655
RUS,SWE,2021,0.004533,0.7655
RUS,PHL,2021,0.001328,0.7655
RUS,DNK,2021,0.00539,0.7655
RUS,ARG,2021,0.001759,0.7655
RUS,JPN,2021,0.025265,0.7655
RUS,HUN,2021,0.00762,0.7655
RUS,FIN,2021,0.016825,0.7655
RUS,BRA,2021,0.009524,0.7655
RUS,VNM,2021,0.009076,0.7655
RUS,IDN,2021,0.004207,0.7655
RUS,GBR,2021,0.03403,0.7655
RUS,PRT,2021,0.001578,0.7655
RUS,VEN,2021,0.000189,0.7655
RUS,MYS,2021,0.004139,0.7655
RUS,DEU,2021,0.072532,0.7655
RUS,CHL,2021,0.001114,0.7655
RUS,UKR,2021,0.015633,0.7655
RUS,ESP,2021,0.009354,0.7655
RUS,THA,2021,0.002904,0.7655
RUS,POL,2021,0.028672,0.7655
SAU,KOR,2019,0.012236,0.3848
SAU,AUS,2019,0.002694,0.3848
SAU,FRA,2019,0.01384,0.3848
SAU,NOR,2019,0.003286,0.3848
SAU,PER,2019,0.000143,0.3848
SAU,USA,2019,0.050235,0.3848
SAU,IND,2019,0.025592,0.3848
SAU,CAN,2019,0.006407,0.3848
SAU,TWN,2019,0.004023,0.3848
SAU,EGY,2019,0.011142,0.3848
SAU,CHN,2019,0.091531,0.3848
SAU,CHE,2019,0.005454,0.3848
SAU,TUR,2019,0.01281,0.3848
SAU,COL,2019,0.000171,0.3848
SAU,NLD,2019,0.007223,0.3848
SAU,MEX,2019,0.002478,0.3848
SAU,ZAF,2019,0.003127,0.3848
SAU,HKG,2019,0.002826,0.3848
SAU,TUN,2019,0.000661,0.3848
SAU,ITA,2019,0.012759,0.3848
SAU,BEL,2019,0.008343,0.3848
SAU,SWE,2019,0.002869,0.3848
SAU,PHL,2019,0.000937,0.3848
SAU,DNK,2019,0.001992,0.3848
SAU,ARG,2019,0.003228,0.3848
SAU,JPN,2019,0.018263,0.3848
SAU,HUN,2019,0.000857,0.3848
SAU,FIN,2019,0.001,0.3848
SAU,BRA,2019,0.007092,0.3848
SAU,VNM,2019,0.005233,0.3848
SAU,IDN,2019,0.006602,0.3848
SAU,GBR,2019,0.009411,0.3848
SAU,PRT,2019,0.001091,0.3848
SAU,VEN,2019,1e-06,0.3848
SAU,MYS,2019,0.006071,0.3848
SAU,DEU,2019,0.01893,0.3848
SAU,CHL,2019,0.000404,0.3848
SAU,UKR,2019,0.002005,0.3848
SAU,ESP,2019,0.006798,0.3848
SAU,THA,2019,0.00755,0.3848
SAU,RUS,2019,0.004151,0.3848
SAU,POL,2019,0.003342,0.3848
SAU,KOR,2021,0.011044,0.3874
SAU,AUS,2021,0.00521,0.3874
SAU,FRA,2021,0.010996,0.3874
SAU,NOR,2021,0.000594,0.3874
SAU,PER,2021,0.000306,0.3874
SAU,USA,2021,0.044658,0.3874
SAU,IND,2021,0.030676,0.3874
SAU,CAN,2021,0.004901,0.3874
SAU,TWN,2021,0.004279,0.3874
SAU,EGY,2021,0.015928,0.3874
SAU,CHN,2021,0.092887,0.3874
SAU,CHE,2021,0.007266,0.3874
SAU,TUR,2021,0.008357,0.3874
SAU,COL,2021,0.000342,0.3874
SAU,NLD,2021,0.006376,0.3874
SAU,MEX,2021,0.002219,0.3874
SAU,ZAF,2021,0.003739,0.3874
SAU,HKG,2021,0.003975,0.3874
SAU,TUN,2021,0.000766,0.3874
SAU,ITA,2021,0.012876,0.3874
SAU,BEL,2021,0.01116,0.3874
SAU,SWE,2021,0.003631,0.3874
SAU,PHL,2021,0.000577,0.3874
SAU,DNK,2021,0.001811,0.3874
SAU,ARG,2021,0.002582,0.3874
SAU,JPN,2021,0.016367,0.3874
SAU,HUN,2021,0.000798,0.3874
SAU,FIN,2021,0.00123,0.3874
SAU,BRA,2021,0.008642,0.3874
SAU,VNM,2021,0.004968,0.3874
SAU,IDN,2021,0.005618,0.3874
SAU,GBR,2021,0.011497,0.3874
SAU,PRT,2021,0.00133,0.3874
SAU,VEN,2021,6e-06,0.3874
SAU,MYS,2021,0.006327,0.3874
SAU,DEU,2021,0.018469,0.3874
SAU,CHL,2021,0.000356,0.3874
SAU,UKR,2021,0.002276,0.3874
SAU,ESP,2021,0.007632,0.3874
SAU,THA,2021,0.007131,0.3874
SAU,RUS,2021,0.003541,0.3874
SAU,POL,2021,0.00403,0.3874
SAU,KOR,2023,0.013737,0.3916
SAU,AUS,2023,0.003631,0.3916
SAU,FRA,2023,0.009554,0.3916
SAU,NOR,2023,0.000713,0.3916
SAU,PER,2023,0.000104,0.3916
SAU,USA,2023,0.041104,0.3916
SAU,IND,2023,0.033845,0.3916
SAU,CAN,2023,0.003358,0.3916
SAU,TWN,2023,0.003785,0.3916
SAU,EGY,2023,0.014983,0.3916
SAU,CHN,2023,0.0967,0.3916
SAU,CHE,2023,0.014282,0.3916
SAU,TUR,2023,0.010809,0.3916
SAU,COL,2023,0.000309,0.3916
SAU,NLD,2023,0.006725,0.3916
SAU,MEX,2023,0.003056,0.3916
SAU,ZAF,2023,0.002618,0.3916
SAU,HKG,2023,0.003873,0.3916
SAU,TUN,2023,0.000479,0.3916
SAU,ITA,2023,0.012546,0.3916
SAU,BEL,2023,0.007976,0.3916
SAU,SWE,2023,0.003081,0.3916
SAU,PHL,2023,0.000579,0.3916
SAU,DNK,2023,0.001999,0.3916
SAU,ARG,2023,0.001717,0.3916
SAU,JPN,2023,0.016671,0.3916
SAU,HUN,2023,0.000726,0.3916
SAU,FIN,2023,0.001073,0.3916
SAU,BRA,2023,0.008428,0.3916
SAU,VNM,2023,0.006346,0.3916
SAU,IDN,2023,0.006044,0.3916
SAU,GBR,2023,0.010531,0.3916
SAU,PRT,2023,0.000732,0.3916
SAU,VEN,2023,8e-06,0.3916
SAU,MYS,2023,0.00491,0.3916
SAU,DEU,2023,0.018187,0.3916
SAU,CHL,2023,0.000576,0.3916
SAU,UKR,2023,0.000812,0.3916
SAU,ESP,2023,0.006084,0.3916
SAU,THA,2023,0.008651,0.3916
SAU,RUS,2023,0.007061,0.3916
SAU,POL,2023,0.00322,0.3916
SWE,KOR,2019,0.008343,0.8846
SWE,AUS,2019,0.006742,0.8846
SWE,FRA,2019,0.03861,0.8846
SWE,NOR,2019,0.094834,0.8846
SWE,PER,2019,0.000887,0.8846
SWE,USA,2019,0.053168,0.8846
SWE,IND,2019,0.006268,0.8846
SWE,CAN,2019,0.005115,0.8846
SWE,TWN,2019,0.003963,0.8846
SWE,EGY,2019,0.002296,0.8846
SWE,CHN,2019,0.053845,0.8846
SWE,CHE,2019,0.008748,0.8846
SWE,TUR,2019,0.008007,0.8846
SWE,COL,2019,0.000561,0.8846
SWE,NLD,2019,0.072703,0.8846
SWE,MEX,2019,0.002807,0.8846
SWE,ZAF,2019,0.003062,0.8846
SWE,HKG,2019,0.001921,0.8846
SWE,SAU,2019,0.00324,0.8846
SWE,TUN,2019,0.000342,0.8846
SWE,ITA,2019,0.030123,0.8846
SWE,BEL,2019,0.040883,0.8846
SWE,ISR,2019,0.001451,0.8846
SWE,PHL,2019,0.000656,0.8846
SWE,DNK,2019,0.067438,0.8846
SWE,ARG,2019,0.000704,0.8846
SWE,JPN,2019,0.013037,0.8846
SWE,HUN,2019,0.007496,0.8846
SWE,FIN,2019,0.060134,0.8846
SWE,BRA,2019,0.004353,0.8846
SWE,VNM,2019,0.004356,0.8846
SWE,IDN,2019,0.001738,0.8846
SWE,GBR,2019,0.049024,0.8846
SWE,PRT,2019,0.004513,0.8846
SWE,VEN,2019,0.001149,0.8846
SWE,MYS,2019,0.002226,0.8846
SWE,DEU,2019,0.139706,0.8846
SWE,CHL,2019,0.001447,0.8846
SWE,UKR,2019,0.001577,0.8846
SWE,ESP,2019,0.016827,0.8846
SWE,THA,2019,0.003038,0.8846
SWE,RUS,2019,0.020313,0.8846
SWE,POL,2019,0.036999,0.8846
SWE,KOR,2021,0.008505,0.8895
SWE,AUS,2021,0.004832,0.8895
SWE,FRA,2021,0.039081,0.8895
SWE,NOR,2021,0.104251,0.8895
SWE,PER,2021,0.000912,0.8895
SWE,USA,2021,0.05458,0.8895
SWE,IND,2021,0.006053,0.8895
SWE,CAN,2021,0.004744,0.8895
SWE,TWN,2021,0.004364,0.8895
SWE,EGY,2021,0.002461,0.8895
SWE,CHN,2021,0.055018,0.8895
SWE,CHE,2021,0.008261,0.8895
SWE,TUR,2021,0.008695,0.8895
SWE,COL,2021,0.000511,0.8895
SWE,NLD,2021,0.075316,0.8895
SWE,MEX,2021,0.002405,0.8895
SWE,ZAF,2021,0.00258,0.8895
SWE,HKG,2021,0.001692,0.8895
SWE,SAU,2021,0.003422,0.8895
SWE,TUN,2021,0.000249,0.8895
SWE,ITA,2021,0.031819,0.8895
SWE,BEL,2021,0.040074,0.8895
SWE,ISR,2021,0.001247,0.8895
SWE,PHL,2021,0.000718,0.8895
SWE,DNK,2021,0.073283,0.8895
SWE,ARG,2021,0.000486,0.8895
SWE,JPN,2021,0.011062,0.8895
SWE,HUN,2021,0.007782,0.8895
SWE,FIN,2021,0.057577,0.8895
SWE,BRA,2021,0.00506,0.8895
SWE,VNM,2021,0.004743,0.8895
SWE,IDN,2021,0.001765,0.8895
SWE,GBR,2021,0.042901,0.8895
SWE,PRT,2021,0.004586,0.8895
SWE,VEN,2021,9e-06,0.8895
SWE,MYS,2021,0.002626,0.8895
SWE,DEU,2021,0.135726,0.8895
SWE,CHL,2021,0.001415,0.8895
SWE,UKR,2021,0.001781,0.8895
SWE,ESP,2021,0.018005,0.8895
SWE,THA,2021,0.003096,0.8895
SWE,RUS,2021,0.013255,0.8895
SWE,POL,2021,0.042596,0.8895
SWE,KOR,2023,0.008777,0.8834
SWE,AUS,2023,0.006468,0.8834
SWE,FRA,2023,0.040569,0.8834
SWE,NOR,2023,0.097697,0.8834
SWE,PER,2023,0.000802,0.8834
SWE,USA,2023,0.062056,0.8834
SWE,IND,2023,0.007035,0.8834
SWE,CAN,2023,0.007288,0.8834
SWE,TWN,2023,0.00445,0.8834
SWE,EGY,2023,0.002596,0.8834
SWE,CHN,2023,0.046673,0.8834
SWE,CHE,2023,0.009197,0.8834
SWE,TUR,2023,0.009538,0.8834
SWE,COL,2023,0.000661,0.8834
SWE,NLD,2023,0.080895,0.8834
SWE,MEX,2023,0.003172,0.8834
SWE,ZAF,2023,0.002634,0.8834
SWE,HKG,2023,0.001197,0.8834
SWE,SAU,2023,0.004044,0.8834
SWE,TUN,2023,0.00033,0.8834
SWE,ITA,2023,0.031055,0.8834
SWE,BEL,2023,0.046416,0.8834
SWE,ISR,2023,0.001311,0.8834
SWE,PHL,2023,0.00069,0.8834
SWE,DNK,2023,0.066897,0.8834
SWE,ARG,2023,0.000686,0.8834
SWE,JPN,2023,0.00911,0.8834
SWE,HUN,2023,0.007126,0.8834
SWE,FIN,2023,0.057384,0.8834
SWE,BRA,2023,0.006133,0.8834
SWE,VNM,2023,0.004052,0.8834
SWE,IDN,2023,0.00209,0.8834
SWE,GBR,2023,0.042728,0.8834
SWE,PRT,2023,0.0052,0.8834
SWE,VEN,2023,1.1e-05,0.8834
SWE,MYS,2023,0.002229,0.8834
SWE,DEU,2023,0.134049,0.8834
SWE,CHL,2023,0.001318,0.8834
SWE,UKR,2023,0.001771,0.8834
SWE,ESP,2023,0.020528,0.8834
SWE,THA,2023,0.003088,0.8834
SWE,RUS,2023,0.002402,0.8834
SWE,POL,2023,0.041074,0.8834
THA,KOR,2019,0.027674,0.8321
THA,AUS,2019,0.0294,0.8321
THA,FRA,2019,0.010289,0.8321
THA,NOR,2019,0.00138,0.8321
THA,PER,2019,0.001105,0.8321
THA,USA,2019,0.101167,0.8321
THA,IND,2019,0.025178,0.8321
THA,CAN,2019,0.00529,0.8321
THA,TWN,2019,0.025062,0.8321
THA,EGY,2019,0.001998,0.8321
THA,CHN,2019,0.164652,0.8321
THA,CHE,2019,0.018838,0.8321
THA,TUR,2019,0.003034,0.8321
THA,COL,2019,0.00052,0.8321
THA,NLD,2019,0.011876,0.8321
THA,MEX,2019,0.007692,0.8321
THA,ZAF,2019,0.006759,0.8321
THA,HKG,2019,0.030454,0.8321
THA,SAU,2019,0.015709,0.8321
THA,TUN,2019,0.000175,0.8321
THA,ITA,2019,0.009027,0.8321
THA,BEL,2019,0.005196,0.8321
THA,ISR,2019,0.002678,0.8321
THA,SWE,2019,0.00226,0.8321
THA,PHL,2019,0.021012,0.8321
THA,DNK,2019,0.001874,0.8321
THA,ARG,2019,0.003526,0.8321
THA,JPN,2019,0.119634,0.8321
THA,HUN,2019,0.001365,0.8321
THA,FIN,2019,0.000958,0.8321
THA,BRA,2019,0.007358,0.8321
THA,VNM,2019,0.036393,0.8321
THA,IDN,2019,0.033838,0.8321
THA,GBR,2019,0.012977,0.8321
THA,PRT,2019,0.000646,0.8321
THA,VEN,2019,3.4e-05,0.8321
THA,MYS,2019,0.047933,0.8321
THA,DEU,2019,0.022431,0.8321
THA,CHL,2019,0.001926,0.8321
THA,UKR,2019,0.001151,0.8321
THA,ESP,2019,0.00355,0.8321
THA,RUS,2019,0.006435,0.8321
THA,POL,2019,0.001643,0.8321
THA,KOR,2021,0.029342,0.8409
THA,AUS,2021,0.031959,0.8409
THA,FRA,2021,0.008111,0.8409
THA,NOR,2021,0.001552,0.8409
THA,PER,2021,0.000936,0.8409
THA,USA,2021,0.104735,0.8409
THA,IND,2021,0.027807,0.8409
THA,CAN,2021,0.005063,0.8409
THA,TWN,2021,0.028207,0.8409
THA,EGY,2021,0.002286,0.8409
THA,CHN,2021,0.192873,0.8409
THA,CHE,2021,0.012331,0.8409
THA,TUR,2021,0.003052,0.8409
THA,COL,2021,0.000648,0.8409
THA,NLD,2021,0.011785,0.8409
THA,MEX,2021,0.006785,0.8409
THA,ZAF,2021,0.007026,0.8409
THA,HKG,2021,0.026792,0.8409
THA,SAU,2021,0.013633,0.8409
THA,TUN,2021,0.000215,0.8409
THA,ITA,2021,0.008036,0.8409
THA,BEL,2021,0.005663,0.8409
THA,ISR,2021,0.002364,0.8409
THA,SWE,2021,0.002222,0.8409
THA,PHL,2021,0.020158,0.8409
THA,DNK,2021,0.001651,0.8409
THA,ARG,2021,0.003431,0.8409
THA,JPN,2021,0.112643,0.8409
THA,HUN,2021,0.001323,0.8409
THA,FIN,2021,0.001135,0.8409
THA,BRA,2021,0.009905,0.8409
THA,VNM,2021,0.03617,0.8409
THA,IDN,2021,0.031594,0.8409
THA,GBR,2021,0.010247,0.8409
THA,PRT,2021,0.000634,0.8409
THA,VEN,2021,7.1e-05,0.8409
THA,MYS,2021,0.044667,0.8409
THA,DEU,2021,0.02076,0.8409
THA,CHL,2021,0.002184,0.8409
THA,UKR,2021,0.000743,0.8409
THA,ESP,2021,0.00314,0.8409
THA,RUS,2021,0.005097,0.8409
THA,POL,2021,0.00193,0.8409
THA,KOR,2023,0.025706,0.8321
THA,AUS,2023,0.033221,0.8321
THA,FRA,2023,0.009292,0.8321
THA,NOR,2023,0.001476,0.8321
THA,PER,2023,0.000859,0.8321
THA,USA,2023,0.118409,0.8321
THA,IND,2023,0.027966,0.8321
THA,CAN,2023,0.005115,0.8321
THA,TWN,2023,0.037339,0.8321
THA,EGY,2023,0.001267,0.8321
THA,CHN,2023,0.183063,0.8321
THA,CHE,2023,0.015728,0.8321
THA,TUR,2023,0.003458,0.8321
THA,COL,2023,0.000534,0.8321
THA,NLD,2023,0.011968,0.8321
THA,MEX,2023,0.008266,0.8321
THA,ZAF,2023,0.007124,0.8321
THA,HKG,2023,0.023902,0.8321
THA,SAU,2023,0.015485,0.8321
THA,TUN,2023,0.000243,0.8321
THA,ITA,2023,0.008824,0.8321
THA,BEL,2023,0.004164,0.8321
THA,ISR,2023,0.002136,0.8321
THA,SWE,2023,0.002332,0.8321
THA,PHL,2023,0.019328,0.8321
THA,DNK,2023,0.001477,0.8321
THA,ARG,2023,0.003267,0.8321
THA,JPN,2023,0.097266,0.8321
THA,HUN,2023,0.001347,0.8321
THA,FIN,2023,0.000993,0.8321
THA,BRA,2023,0.010925,0.8321
THA,VNM,2023,0.033047,0.8321
THA,IDN,2023,0.032028,0.8321
THA,GBR,2023,0.011758,0.8321
THA,PRT,2023,0.000555,0.8321
THA,VEN,2023,6.9e-05,0.8321
THA,MYS,2023,0.043731,0.8321
THA,DEU,2023,0.018721,0.8321
THA,CHL,2023,0.002077,0.8321
THA,UKR,2023,0.000245,0.8321
THA,ESP,2023,0.002867,0.8321
THA,RUS,2023,0.002628,0.8321
THA,POL,2023,0.001854,0.8321
TUN,KOR,2019,0.007252,0.7992
TUN,AUS,2019,0.000338,0.7992
TUN,FRA,2019,0.203199,0.7992
TUN,NOR,2019,0.00101,0.7992
TUN,PER,2019,8.1e-05,0.7992
TUN,USA,2019,0.026732,0.7992
TUN,IND,2019,0.011701,0.7992
TUN,CAN,2019,0.004065,0.7992
TUN,TWN,2019,0.00419,0.7992
TUN,EGY,2019,0.014427,0.7992
TUN,CHN,2019,0.057186,0.7992
TUN,CHE,2019,0.008224,0.7992
TUN,TUR,2019,0.030416,0.7992
TUN,COL,2019,0.000165,0.7992
TUN,NLD,2019,0.014372,0.7992
TUN,MEX,2019,0.002475,0.7992
TUN,ZAF,2019,0.000568,0.7992
TUN,HKG,2019,0.001515,0.7992
TUN,SAU,2019,0.008879,0.7992
TUN,ITA,2019,0.15705,0.7992
TUN,BEL,2019,0.014524,0.7992
TUN,SWE,2019,0.004249,0.7992
TUN,PHL,2019,0.000579,0.7992
TUN,DNK,2019,0.002087,0.7992
TUN,ARG,2019,0.004068,0.7992
TUN,JPN,2019,0.006933,0.7992
TUN,HUN,2019,0.003833,0.7992
TUN,FIN,2019,0.001963,0.7992
TUN,BRA,2019,0.007598,0.7992
TUN,VNM,2019,0.002168,0.7992
TUN,IDN,2019,0.00238,0.7992
TUN,GBR,2019,0.01602,0.7992
TUN,PRT,2019,0.005941,0.7992
TUN,VEN,2019,1e-06,0.7992
TUN,MYS,2019,0.001951,0.7992
TUN,DEU,2019,0.092559,0.7992
TUN,CHL,2019,0.000176,0.7992
TUN,UKR,2019,0.012263,0.7992
TUN,ESP,2019,0.039437,0.7992
TUN,THA,2019,0.002934,0.7992
TUN,RUS,2019,0.014484,0.7992
TUN,POL,2019,0.009191,0.7992
TUN,KOR,2021,0.008806,0.786
TUN,AUS,2021,0.000756,0.786
TUN,FRA,2021,0.16815,0.786
TUN,NOR,2021,0.000946,0.786
TUN,PER,2021,0.000138,0.786
TUN,USA,2021,0.024198,0.786
TUN,IND,2021,0.01515,0.786
TUN,CAN,2021,0.006771,0.786
TUN,TWN,2021,0.00337,0.786
TUN,EGY,2021,0.008597,0.786
TUN,CHN,2021,0.061573,0.786
TUN,CHE,2021,0.011328,0.786
TUN,TUR,2021,0.037773,0.786
TUN,COL,2021,0.000141,0.786
TUN,NLD,2021,0.017485,0.786
TUN,MEX,2021,0.001997,0.786
TUN,ZAF,2021,0.000724,0.786
TUN,HKG,2021,0.002339,0.786
TUN,SAU,2021,0.012859,0.786
TUN,ITA,2021,0.155674,0.786
TUN,BEL,2021,0.016903,0.786
TUN,SWE,2021,0.003789,0.786
TUN,PHL,2021,0.000729,0.786
TUN,DNK,2021,0.001425,0.786
TUN,ARG,2021,0.004762,0.786
TUN,JPN,2021,0.005849,0.786
TUN,HUN,2021,0.003474,0.786
TUN,FIN,2021,0.002133,0.786
TUN,BRA,2021,0.008656,0.786
TUN,VNM,2021,0.001874,0.786
TUN,IDN,2021,0.00323,0.786
TUN,GBR,2021,0.013043,0.786
TUN,PRT,2021,0.006765,0.786
TUN,VEN,2021,0.000153,0.786
TUN,MYS,2021,0.001932,0.786
TUN,DEU,2021,0.09204,0.786
TUN,CHL,2021,0.00013,0.786
TUN,UKR,2021,0.013324,0.786
TUN,ESP,2021,0.041468,0.786
TUN,THA,2021,0.003392,0.786
TUN,RUS,2021,0.014448,0.786
TUN,POL,2021,0.007748,0.786
TUN,KOR,2023,0.00488,0.7834
TUN,AUS,2023,0.000801,0.7834
TUN,FRA,2023,0.159625,0.7834
TUN,NOR,2023,0.000861,0.7834
TUN,PER,2023,0.000278,0.7834
TUN,USA,2023,0.027911,0.7834
TUN,IND,2023,0.018008,0.7834
TUN,CAN,2023,0.006786,0.7834
TUN,TWN,2023,0.002307,0.7834
TUN,EGY,2023,0.0082,0.7834
TUN,CHN,2023,0.060064,0.7834
TUN,CHE,2023,0.012761,0.7834
TUN,TUR,2023,0.03107,0.7834
TUN,COL,2023,3.7e-05,0.7834
TUN,NLD,2023,0.015639,0.7834
TUN,MEX,2023,0.001987,0.7834
TUN,ZAF,2023,0.000712,0.7834
TUN,HKG,2023,0.001241,0.7834
TUN,SAU,2023,0.005944,0.7834
TUN,ITA,2023,0.150323,0.7834
TUN,BEL,2023,0.013908,0.7834
TUN,ISR,2023,4.6e-05,0.7834
TUN,SWE,2023,0.003316,0.7834
TUN,PHL,2023,0.000675,0.7834
TUN,DNK,2023,0.001555,0.7834
TUN,ARG,2023,0.002092,0.7834
TUN,JPN,2023,0.005121,0.7834
TUN,HUN,2023,0.00362,0.7834
TUN,FIN,2023,0.001532,0.7834
TUN,BRA,2023,0.01083,0.7834
TUN,VNM,2023,0.001952,0.7834
TUN,IDN,2023,0.003711,0.7834
TUN,GBR,2023,0.012342,0.7834
TUN,PRT,2023,0.005988,0.7834
TUN,VEN,2023,0.000235,0.7834
TUN,MYS,2023,0.001666,0.7834
TUN,DEU,2023,0.096461,0.7834
TUN,CHL,2023,8.9e-05,0.7834
TUN,UKR,2023,0.008035,0.7834
TUN,ESP,2023,0.043631,0.7834
TUN,THA,2023,0.002552,0.7834
TUN,RUS,2023,0.046533,0.7834
TUN,POL,2023,0.008052,0.7834
TUR,KOR,2019,0.017181,0.6973
TUR,AUS,2019,0.004334,0.6973
TUR,FRA,2019,0.037609,0.6973
TUR,NOR,2019,0.003848,0.6973
TUR,PER,2019,0.000649,0.6973
TUR,USA,2019,0.053239,0.6973
TUR,IND,2019,0.019944,0.6973
TUR,CAN,2019,0.006692,0.6973
TUR,TWN,2019,0.003938,0.6973
TUR,EGY,2019,0.013837,0.6973
TUR,CHN,2019,0.055868,0.6973
TUR,CHE,2019,0.011297,0.6973
TUR,COL,2019,0.00433,0.6973
TUR,NLD,2019,0.022918,0.6973
TUR,MEX,2019,0.003606,0.6973
TUR,ZAF,2019,0.003384,0.6973
TUR,HKG,2019,0.002575,0.6973
TUR,SAU,2019,0.013544,0.6973
TUR,TUN,2019,0.002753,0.6973
TUR,ITA,2019,0.048834,0.6973
TUR,BEL,2019,0.016937,0.6973
TUR,ISR,2019,0.015504,0.6973
TUR,SWE,2019,0.007696,0.6973
TUR,PHL,2019,0.000668,0.6973
TUR,DNK,2019,0.005118,0.6973
TUR,ARG,2019,0.001772,0.6973
TUR,JPN,2019,0.010611,0.6973
TUR,HUN,2019,0.006982,0.6973
TUR,FIN,2019,0.003186,0.6973
TUR,BRA,2019,0.008053,0.6973
TUR,VNM,2019,0.004924,0.6973
TUR,IDN,2019,0.004197,0.6973
TUR,GBR,2019,0.043246,0.6973
TUR,PRT,2019,0.005241,0.6973
TUR,VEN,2019,0.000389,0.6973
TUR,MYS,2019,0.005629,0.6973
TUR,DEU,2019,0.091768,0.6973
TUR,CHL,2019,0.001554,0.6973
TUR,UKR,2019,0.01248,0.6973
TUR,ESP,2019,0.032172,0.6973
TUR,THA,2019,0.003608,0.6973
TUR,RUS,2019,0.069706,0.6973
TUR,POL,2019,0.015471,0.6973
TUR,KOR,2021,0.017303,0.6995
TUR,AUS,2021,0.004217,0.6995
TUR,FRA,2021,0.03434,0.6995
TUR,NOR,2021,0.003642,0.6995
TUR,PER,2021,0.001704,0.6995
TUR,USA,2021,0.056116,0.6995
TUR,IND,2021,0.018607,0.6995
TUR,CAN,2021,0.005571,0.6995
TUR,TWN,2021,0.00421,0.6995
TUR,EGY,2021,0.013542,0.6995
TUR,CHN,2021,0.072287,0.6995
TUR,CHE,2021,0.008689,0.6995
TUR,COL,2021,0.004253,0.6995
TUR,NLD,2021,0.022699,0.6995
TUR,MEX,2021,0.00361,0.6995
TUR,ZAF,2021,0.004136,0.6995
TUR,HKG,2021,0.002276,0.6995
TUR,SAU,2021,0.007494,0.6995
TUR,TUN,2021,0.003308,0.6995
TUR,ITA,2021,0.046383,0.6995
TUR,BEL,2021,0.021198,0.6995
TUR,ISR,2021,0.016919,0.6995
TUR,SWE,2021,0.007396,0.6995
TUR,PHL,2021,0.000544,0.6995
TUR,DNK,2021,0.004808,0.6995
TUR,ARG,2021,0.001577,0.6995
TUR,JPN,2021,0.009889,0.6995
TUR,HUN,2021,0.00613,0.6995
TUR,FIN,2021,0.003729,0.6995
TUR,BRA,2021,0.009771,0.6995
TUR,VNM,2021,0.003845,0.6995
TUR,IDN,2021,0.00435,0.6995
TUR,GBR,2021,0.038784,0.6995
TUR,PRT,2021,0.005271,0.6995
TUR,VEN,2021,0.001713,0.6995
TUR,MYS,2021,0.007134,0.6995
TUR,DEU,2021,0.08263,0.6995
TUR,CHL,2021,0.00197,0.6995
TUR,UKR,2021,0.014951,0.6995
TUR,ESP,2021,0.032078,0.6995
TUR,THA,2021,0.003787,0.6995
TUR,RUS,2021,0.069937,0.6995
TUR,POL,2021,0.016732,0.6995
TUR,KOR,2023,0.017049,0.7031
TUR,AUS,2023,0.003421,0.7031
TUR,FRA,2023,0.03537,0.7031
TUR,NOR,2023,0.003021,0.7031
TUR,PER,2023,0.000845,0.7031
TUR,USA,2023,0.049644,0.7031
TUR,IND,2023,0.015505,0.7031
TUR,CAN,2023,0.004748,0.7031
TUR,TWN,2023,0.003796,0.7031
TUR,EGY,2023,0.011334,0.7031
TUR,CHN,2023,0.078294,0.7031
TUR,CHE,2023,0.036009,0.7031
TUR,COL,2023,0.00168,0.7031
TUR,NLD,2023,0.01988,0.7031
TUR,MEX,2023,0.004002,0.7031
TUR,ZAF,2023,0.003147,0.7031
TUR,HKG,2023,0.002481,0.7031
TUR,SAU,2023,0.009166,0.7031
TUR,TUN,2023,0.002495,0.7031
TUR,ITA,2023,0.044312,0.7031
TUR,BEL,2023,0.014035,0.7031
TUR,ISR,2023,0.011457,0.7031
TUR,SWE,2023,0.006655,0.7031
TUR,PHL,2023,0.000832,0.7031
TUR,DNK,2023,0.004104,0.7031
TUR,ARG,2023,0.00147,0.7031
TUR,JPN,2023,0.009897,0.7031
TUR,HUN,2023,0.00641,0.7031
TUR,FIN,2023,0.003601,0.7031
TUR,BRA,2023,0.008037,0.7031
TUR,VNM,2023,0.005089,0.7031
TUR,IDN,2023,0.003724,0.7031
TUR,GBR,2023,0.030742,0.7031
TUR,PRT,2023,0.004665,0.7031
TUR,VEN,2023,0.001187,0.7031
TUR,MYS,2023,0.007495,0.7031
TUR,DEU,2023,0.080589,0.7031
TUR,CHL,2023,0.000843,0.7031
TUR,UKR,2023,0.011554,0.7031
TUR,ESP,2023,0.031236,0.7031
TUR,THA,2023,0.003968,0.7031
TUR,RUS,2023,0.091494,0.7031
TUR,POL,2023,0.017859,0.7031
UKR,KOR,2019,0.007504,0.7481
UKR,AUS,2019,0.001289,0.7481
UKR,FRA,2019,0.020333,0.7481
UKR,NOR,2019,0.002635,0.7481
UKR,PER,2019,0.000338,0.7481
UKR,USA,2019,0.038508,0.7481
UKR,IND,2019,0.024947,0.7481
UKR,CAN,2019,0.002528,0.7481
UKR,TWN,2019,0.002797,0.7481
UKR,EGY,2019,0.021354,0.7481
UKR,CHN,2019,0.115448,0.7481
UKR,CHE,2019,0.01552,0.7481
UKR,TUR,2019,0.044874,0.7481
UKR,COL,2019,0.001016,0.7481
UKR,NLD,2019,0.023576,0.7481
UKR,MEX,2019,0.002784,0.7481
UKR,ZAF,2019,0.00111,0.7481
UKR,HKG,2019,0.001358,0.7481
UKR,SAU,2019,0.008293,0.7481
UKR,TUN,2019,0.003442,0.7481
UKR,ITA,2019,0.040536,0.7481
UKR,BEL,2019,0.011097,0.7481
UKR,ISR,2019,0.007459,0.7481
UKR,SWE,2019,0.005107,0.7481
UKR,PHL,2019,0.002341,0.7481
UKR,DNK,2019,0.004771,0.7481
UKR,ARG,2019,0.000555,0.7481
UKR,JPN,2019,0.010941,0.7481
UKR,HUN,2019,0.025384,0.7481
UKR,FIN,2019,0.0029,0.7481
UKR,BRA,2019,0.002636,0.7481
UKR,VNM,2019,0.004744,0.7481
UKR,IDN,2019,0.009301,0.7481
UKR,GBR,2019,0.012612,0.7481
UKR,PRT,2019,0.00322,0.7481
UKR,VEN,2019,9.7e-05,0.7481
UKR,MYS,2019,0.003716,0.7481
UKR,DEU,2019,0.075503,0.7481
UKR,CHL,2019,0.000467,0.7481
UKR,ESP,2019,0.021154,0.7481
UKR,THA,2019,0.004871,0.7481
UKR,RUS,2019,0.092264,0.7481
UKR,POL,2019,0.066799,0.7481
UKR,KOR,2021,0.006947,0.7374
UKR,AUS,2021,0.001592,0.7374
UKR,FRA,2021,0.018995,0.7374
UKR,NOR,2021,0.003021,0.7374
UKR,PER,2021,0.001153,0.7374
UKR,USA,2021,0.036515,0.7374
UKR,IND,2021,0.025387,0.7374
UKR,CAN,2021,0.003,0.7374
UKR,TWN,2021,0.00288,0.7374
UKR,EGY,2021,0.015128,0.7374
UKR,CHN,2021,0.137156,0.7374
UKR,CHE,2021,0.013483,0.7374
UKR,TUR,2021,0.052664,0.7374
UKR,COL,2021,0.002121,0.7374
UKR,NLD,2021,0.022759,0.7374
UKR,MEX,2021,0.003594,0.7374
UKR,ZAF,2021,0.000867,0.7374
UKR,HKG,2021,0.000855,0.7374
UKR,SAU,2021,0.00704,0.7374
UKR,TUN,2021,0.00315,0.7374
UKR,ITA,2021,0.043127,0.7374
UKR,BEL,2021,0.010122,0.7374
UKR,ISR,2021,0.006797,0.7374
UKR,SWE,2021,0.006061,0.7374
UKR,PHL,2021,0.001272,0.7374
UKR,DNK,2021,0.004235,0.7374
UKR,ARG,2021,0.000695,0.7374
UKR,JPN,2021,0.011448,0.7374
UKR,HUN,2021,0.02283,0.7374
UKR,FIN,2021,0.003028,0.7374
UKR,BRA,2021,0.004128,0.7374
UKR,VNM,2021,0.006212,0.7374
UKR,IDN,2021,0.008463,0.7374
UKR,GBR,2021,0.015637,0.7374
UKR,PRT,2021,0.002979,0.7374
UKR,VEN,2021,4.2e-05,0.7374
UKR,MYS,2021,0.003039,0.7374
UKR,DEU,2021,0.065213,0.7374
UKR,CHL,2021,0.000478,0.7374
UKR,ESP,2021,0.019069,0.7374
UKR,THA,2021,0.003792,0.7374
UKR,RUS,2021,0.067724,0.7374
UKR,POL,2021,0.072692,0.7374
UKR,KOR,2023,0.007613,0.7197
UKR,AUS,2023,0.000974,0.7197
UKR,FRA,2023,0.022489,0.7197
UKR,NOR,2023,0.00376,0.7197
UKR,PER,2023,0.000389,0.7197
UKR,USA,2023,0.033967,0.7197
UKR,IND,2023,0.024314,0.7197
UKR,CAN,2023,0.00425,0.7197
UKR,TWN,2023,0.003155,0.7197
UKR,EGY,2023,0.012896,0.7197
UKR,CHN,2023,0.128807,0.7197
UKR,CHE,2023,0.010748,0.7197
UKR,TUR,2023,0.071096,0.7197
UKR,COL,2023,0.000658,0.7197
UKR,NLD,2023,0.025323,0.7197
UKR,MEX,2023,0.002306,0.7197
UKR,ZAF,2023,0.00109,0.7197
UKR,HKG,2023,0.000607,0.7197
UKR,SAU,2023,0.006307,0.7197
UKR,TUN,2023,0.001765,0.7197
UKR,ITA,2023,0.038245,0.7197
UKR,BEL,2023,0.010248,0.7197
UKR,ISR,2023,0.006009,0.7197
UKR,SWE,2023,0.008334,0.7197
UKR,PHL,2023,0.000757,0.7197
UKR,DNK,2023,0.004693,0.7197
UKR,ARG,2023,0.000554,0.7197
UKR,JPN,2023,0.009457,0.7197
UKR,HUN,2023,0.025789,0.7197
UKR,FIN,2023,0.003291,0.7197
UKR,BRA,2023,0.002159,0.7197
UKR,VNM,2023,0.005942,0.7197
UKR,IDN,2023,0.003275,0.7197
UKR,GBR,2023,0.01454,0.7197
UKR,PRT,2023,0.002943,0.7197
UKR,VEN,2023,0.000109,0.7197
UKR,MYS,2023,0.004093,0.7197
UKR,DEU,2023,0.070992,0.7197
UKR,CHL,2023,0.000551,0.7197
UKR,ESP,2023,0.029036,0.7197
UKR,THA,2023,0.002468,0.7197
UKR,RUS,2023,4.6e-05,0.7197
UKR,POL,2023,0.113646,0.7197
USA,KOR,2019,0.03249,0.8975
USA,AUS,2019,0.008793,0.8975
USA,FRA,2019,0.023089,0.8975
USA,NOR,2019,0.002536,0.8975
USA,PER,2019,0.003847,0.8975
USA,IND,2019,0.022396,0.8975
USA,CAN,2019,0.146961,0.8975
USA,TWN,2019,0.020699,0.8975
USA,EGY,2019,0.002086,0.8975
USA,CHN,2019,0.137494,0.8975
USA,CHE,2019,0.015022,0.8975
USA,TUR,2019,0.005069,0.8975
USA,COL,2019,0.007001,0.8975
USA,NLD,2019,0.019495,0.8975
USA,MEX,2019,0.146659,0.8975
USA,ZAF,2019,0.003157,0.8975
USA,HKG,2019,0.008445,0.8975
USA,SAU,2019,0.006685,0.8975
USA,TUN,2019,0.000225,0.8975
USA,ITA,2019,0.019595,0.8975
USA,BEL,2019,0.013172,0.8975
USA,ISR,2019,0.008136,0.8975
USA,SWE,2019,0.004045,0.8975
USA,PHL,2019,0.005189,0.8975
USA,DNK,2019,0.003408,0.8975
USA,ARG,2019,0.003134,0.8975
USA,JPN,2019,0.05262,0.8975
USA,HUN,2019,0.001741,0.8975
USA,FIN,2019,0.001984,0.8975
USA,BRA,2019,0.017846,0.8975
USA,VNM,2019,0.019058,0.8975
USA,IDN,2019,0.006872,0.8975
USA,GBR,2019,0.031634,0.8975
USA,PRT,2019,0.001369,0.8975
USA,VEN,2019,0.000781,0.8975
USA,MYS,2019,0.012968,0.8975
USA,DEU,2019,0.04503,0.8975
USA,CHL,2019,0.006393,0.8975
USA,UKR,2019,0.000882,0.8975
USA,ESP,2019,0.007737,0.8975
USA,THA,2019,0.011417,0.8975
USA,RUS,2019,0.006879,0.8975
USA,POL,2019,0.003467,0.8975
USA,KOR,2021,0.03512,0.8991
USA,AUS,2021,0.008172,0.8991
USA,FRA,2021,0.017577,0.8991
USA,NOR,2021,0.002299,0.8991
USA,PER,2021,0.003751,0.8991
USA,IND,2021,0.024999,0.8991
USA,CAN,2021,0.143153,0.8991
USA,TWN,2021,0.025112,0.8991
USA,EGY,2021,0.001983,0.8991
USA,CHN,2021,0.147798,0.8991
USA,CHE,2021,0.018672,0.8991
USA,TUR,2021,0.006179,0.8991
USA,COL,2021,0.006441,0.8991
USA,NLD,2021,0.019168,0.8991
USA,MEX,2021,0.141869,0.8991
USA,ZAF,2021,0.00455,0.8991
USA,HKG,2021,0.007263,0.8991
USA,SAU,2021,0.00535,0.8991
USA,TUN,2021,0.000257,0.8991
USA,ITA,2021,0.018087,0.8991
USA,BEL,2021,0.011778,0.8991
USA,ISR,2021,0.00679,0.8991
USA,SWE,2021,0.004404,0.8991
USA,PHL,2021,0.005088,0.8991
USA,DNK,2021,0.003408,0.8991
USA,ARG,2021,0.002802,0.8991
USA,JPN,2021,0.045742,0.8991
USA,HUN,2021,0.002161,0.8991
USA,FIN,2021,0.001865,0.8991
USA,BRA,2021,0.017013,0.8991
USA,VNM,2021,0.025425,0.8991
USA,IDN,2021,0.008201,0.8991
USA,GBR,2021,0.025262,0.8991
USA,PRT,2021,0.001598,0.8991
USA,VEN,2021,0.000422,0.8991
USA,MYS,2021,0.015581,0.8991
USA,DEU,2021,0.04332,0.8991
USA,CHL,2021,0.007106,0.8991
USA,UKR,2021,0.000964,0.8991
USA,ESP,2021,0.007578,0.8991
USA,THA,2021,0.013471,0.8991
USA,RUS,2021,0.007928,0.8991
USA,POL,2021,0.003426,0.8991
USA,KOR,2023,0.03558,0.8894
USA,AUS,2023,0.009444,0.8894
USA,FRA,2023,0.020084,0.8894
USA,NOR,2023,0.002199,0.8894
USA,PER,2023,0.004114,0.8894
USA,IND,2023,0.02456,0.8894
USA,CAN,2023,0.150831,0.8894
USA,TWN,2023,0.025003,0.8894
USA,EGY,2023,0.001355,0.8894
USA,CHN,2023,0.114868,0.8894
USA,CHE,2023,0.015556,0.8894
USA,TUR,2023,0.006018,0.8894
USA,COL,2023,0.006653,0.8894
USA,NLD,2023,0.023425,0.8894
USA,MEX,2023,0.154863,0.8894
USA,ZAF,2023,0.00411,0.8894
USA,HKG,2023,0.00617,0.8894
USA,SAU,2023,0.005857,0.8894
USA,TUN,2023,0.00028,0.8894
USA,ITA,2023,0.020067,0.8894
USA,BEL,2023,0.012016,0.8894
USA,ISR,2023,0.006785,0.8894
USA,SWE,2023,0.005297,0.8894
USA,PHL,2023,0.004429,0.8894
USA,DNK,2023,0.003293,0.8894
USA,ARG,2023,0.003503,0.8894
USA,JPN,2023,0.043905,0.8894
USA,HUN,2023,0.002721,0.8894
USA,FIN,2023,0.00203,0.8894
USA,BRA,2023,0.016542,0.8894
USA,VNM,2023,0.024822,0.8894
USA,IDN,2023,0.007335,0.8894
USA,GBR,2023,0.026765,0.8894
USA,PRT,2023,0.001742,0.8894
USA,VEN,2023,0.00122,0.8894
USA,MYS,2023,0.012872,0.8894
USA,DEU,2023,0.04616,0.8894
USA,CHL,2023,0.006815,0.8894
USA,UKR,2023,0.000461,0.8894
USA,ESP,2023,0.009462,0.8894
USA,THA,2023,0.014332,0.8894
USA,RUS,2023,0.00106,0.8894
USA,POL,2023,0.004746,0.8894
VNM,PHL,2019,0.010257,0.9044
VNM,KOR,2019,0.128696,0.9044
VNM,DNK,2019,0.001122,0.9044
VNM,ARG,2019,0.007342,0.9044
VNM,AUS,2019,0.01539,0.9044
VNM,FRA,2019,0.010245,0.9044
VNM,NOR,2019,0.000857,0.9044
VNM,JPN,2019,0.077134,0.9044
VNM,PER,2019,0.000816,0.9044
VNM,USA,2019,0.14628,0.9044
VNM,HUN,2019,0.00144,0.9044
VNM,IND,2019,0.021606,0.9044
VNM,CAN,2019,0.00933,0.9044
VNM,FIN,2019,0.00071,0.9044
VNM,BRA,2019,0.009452,0.9044
VNM,TWN,2019,0.037806,0.9044
VNM,EGY,2019,0.000949,0.9044
VNM,CHN,2019,0.225885,0.9044
VNM,CHE,2019,0.004458,0.9044
VNM,IDN,2019,0.017527,0.9044
VNM,GBR,2019,0.012797,0.9044
VNM,TUR,2019,0.002882,0.9044
VNM,PRT,2019,0.000964,0.9044
VNM,VEN,2019,4.9e-05,0.9044
VNM,MYS,2019,0.021377,0.9044
VNM,COL,2019,0.000982,0.9044
VNM,NLD,2019,0.014563,0.9044
VNM,DEU,2019,0.019802,0.9044
VNM,CHL,2019,0.002376,0.9044
VNM,MEX,2019,0.006701,0.9044
VNM,ZAF,2019,0.002181,0.9044
VNM,UKR,2019,0.000718,0.9044
VNM,HKG,2019,0.016376,0.9044
VNM,ESP,2019,0.00627,0.9044
VNM,THA,2019,0.032287,0.9044
VNM,SAU,2019,0.002963,0.9044
VNM,TUN,2019,7e-05,0.9044
VNM,ITA,2019,0.010277,0.9044
VNM,BEL,2019,0.006013,0.9044
VNM,RUS,2019,0.008692,0.9044
VNM,ISR,2019,0.002232,0.9044
VNM,SWE,2019,0.00301,0.9044
VNM,POL,2019,0.003475,0.9044
VNM,PHL,2021,0.01048,0.9054
VNM,KOR,2021,0.117091,0.9054
VNM,DNK,2021,0.000882,0.9054
VNM,ARG,2021,0.006723,0.9054
VNM,AUS,2021,0.018608,0.9054
VNM,FRA,2021,0.007158,0.9054
VNM,NOR,2021,0.000731,0.9054
VNM,JPN,2021,0.064091,0.9054
VNM,PER,2021,0.000951,0.9054
VNM,USA,2021,0.167291,0.9054
VNM,HUN,2021,0.001649,0.9054
VNM,IND,2021,0.019812,0.9054
VNM,CAN,2021,0.009045,0.9054
VNM,FIN,2021,0.000774,0.9054
VNM,BRA,2021,0.009542,0.9054
VNM,TWN,2021,0.038023,0.9054
VNM,EGY,2021,0.000946,0.9054
VNM,CHN,2021,0.248706,0.9054
VNM,CHE,2021,0.001349,0.9054
VNM,IDN,2021,0.017289,0.9054
VNM,GBR,2021,0.009921,0.9054
VNM,TUR,2021,0.002419,0.9054
VNM,PRT,2021,0.001036,0.9054
VNM,VEN,2021,4.1e-05,0.9054
VNM,MYS,2021,0.018777,0.9054
VNM,COL,2021,0.001024,0.9054
VNM,NLD,2021,0.012555,0.9054
VNM,DEU,2021,0.01684,0.9054
VNM,CHL,2021,0.002967,0.9054
VNM,MEX,2021,0.007594,0.9054
VNM,ZAF,2021,0.001917,0.9054
VNM,UKR,2021,0.001081,0.9054
VNM,HKG,2021,0.020429,0.9054
VNM,ESP,2021,0.004687,0.9054
VNM,THA,2021,0.027934,0.9054
VNM,SAU,2021,0.003011,0.9054
VNM,TUN,2021,5.3e-05,0.9054
VNM,ITA,2021,0.00835,0.9054
VNM,BEL,2021,0.006436,0.9054
VNM,RUS,2021,0.008263,0.9054
VNM,ISR,2021,0.002829,0.9054
VNM,SWE,2021,0.002281,0.9054
VNM,POL,2021,0.003865,0.9054
VNM,PHL,2023,0.011499,0.9021
VNM,KOR,2023,0.111763,0.9021
VNM,DNK,2023,0.000835,0.9021
VNM,ARG,2023,0.005079,0.9021
VNM,AUS,2023,0.020377,0.9021
VNM,FRA,2023,0.006951,0.9021
VNM,NOR,2023,0.00095,0.9021
VNM,JPN,2023,0.066212,0.9021
VNM,PER,2023,0.000716,0.9021
VNM,USA,2023,0.163441,0.9021
VNM,HUN,2023,0.001249,0.9021
VNM,IND,2023,0.02116,0.9021
VNM,CAN,2023,0.009204,0.9021
VNM,FIN,2023,0.000554,0.9021
VNM,BRA,2023,0.010478,0.9021
VNM,TWN,2023,0.034087,0.9021
VNM,EGY,2023,0.000717,0.9021
VNM,CHN,2023,0.252356,0.9021
VNM,CHE,2023,0.001237,0.9021
VNM,IDN,2023,0.02035,0.9021
VNM,GBR,2023,0.010515,0.9021
VNM,TUR,2023,0.003296,0.9021
VNM,PRT,2023,0.000984,0.9021
VNM,VEN,2023,5.9e-05,0.9021
VNM,MYS,2023,0.018672,0.9021
VNM,COL,2023,0.000801,0.9021
VNM,NLD,2023,0.016095,0.9021
VNM,DEU,2023,0.016336,0.9021
VNM,CHL,2023,0.002314,0.9021
VNM,MEX,2023,0.007759,0.9021
VNM,ZAF,2023,0.00172,0.9021
VNM,UKR,2023,0.00038,0.9021
VNM,HKG,2023,0.016527,0.9021
VNM,ESP,2023,0.005794,0.9021
VNM,THA,2023,0.027594,0.9021
VNM,SAU,2023,0.003955,0.9021
VNM,TUN,2023,4.6e-05,0.9021
VNM,ITA,2023,0.008989,0.9021
VNM,BEL,2023,0.005664,0.9021
VNM,RUS,2023,0.005353,0.9021
VNM,ISR,2023,0.003955,0.9021
VNM,SWE,2023,0.001895,0.9021
VNM,POL,2023,0.004163,0.9021
ZAF,KOR,2019,0.013287,0.6984
ZAF,AUS,2019,0.010038,0.6984
ZAF,FRA,2019,0.015299,0.6984
ZAF,NOR,2019,0.001912,0.6984
ZAF,PER,2019,0.000328,0.6984
ZAF,USA,2019,0.067882,0.6984
ZAF,IND,2019,0.047089,0.6984
ZAF,CAN,2019,0.003482,0.6984
ZAF,TWN,2019,0.006252,0.6984
ZAF,EGY,2019,0.000924,0.6984
ZAF,CHN,2019,0.145746,0.6984
ZAF,CHE,2019,0.008931,0.6984
ZAF,TUR,2019,0.005273,0.6984
ZAF,COL,2019,0.000248,0.6984
ZAF,NLD,2019,0.022797,0.6984
ZAF,MEX,2019,0.004595,0.6984
ZAF,HKG,2019,0.009107,0.6984
ZAF,SAU,2019,0.022993,0.6984
ZAF,TUN,2019,0.000175,0.6984
ZAF,ITA,2019,0.016681,0.6984
ZAF,BEL,2019,0.020664,0.6984
ZAF,ISR,2019,0.002298,0.6984
ZAF,SWE,2019,0.006424,0.6984
ZAF,PHL,2019,0.001354,0.6984
ZAF,DNK,2019,0.002618,0.6984
ZAF,ARG,2019,0.004167,0.6984
ZAF,JPN,2019,0.040023,0.6984
ZAF,HUN,2019,0.002347,0.6984
ZAF,FIN,2019,0.002627,0.6984
ZAF,BRA,2019,0.009088,0.6984
ZAF,VNM,2019,0.007031,0.6984
ZAF,IDN,2019,0.007171,0.6984
ZAF,GBR,2019,0.042963,0.6984
ZAF,PRT,2019,0.002464,0.6984
ZAF,VEN,2019,9e-06,0.6984
ZAF,MYS,2019,0.008697,0.6984
ZAF,DEU,2019,0.089343,0.6984
ZAF,CHL,2019,0.000805,0.6984
ZAF,UKR,2019,0.000523,0.6984
ZAF,ESP,2019,0.015175,0.6984
ZAF,THA,2019,0.017949,0.6984
ZAF,RUS,2019,0.005132,0.6984
ZAF,POL,2019,0.006475,0.6984
ZAF,KOR,2021,0.015229,0.7258
ZAF,AUS,2021,0.009038,0.7258
ZAF,FRA,2021,0.013006,0.7258
ZAF,NOR,2021,0.001017,0.7258
ZAF,PER,2021,0.000308,0.7258
ZAF,USA,2021,0.091033,0.7258
ZAF,IND,2021,0.044251,0.7258
ZAF,CAN,2021,0.003699,0.7258
ZAF,TWN,2021,0.007108,0.7258
ZAF,EGY,2021,0.001005,0.7258
ZAF,CHN,2021,0.152719,0.7258
ZAF,CHE,2021,0.008998,0.7258
ZAF,TUR,2021,0.006573,0.7258
ZAF,COL,2021,0.00037,0.7258
ZAF,NLD,2021,0.026868,0.7258
ZAF,MEX,2021,0.003521,0.7258
ZAF,HKG,2021,0.011785,0.7258
ZAF,SAU,2021,0.020848,0.7258
ZAF,TUN,2021,0.000306,0.7258
ZAF,ITA,2021,0.017521,0.7258
ZAF,BEL,2021,0.022838,0.7258
ZAF,ISR,2021,0.002126,0.7258
ZAF,SWE,2021,0.005062,0.7258
ZAF,PHL,2021,0.001124,0.7258
ZAF,DNK,2021,0.001862,0.7258
ZAF,ARG,2021,0.003154,0.7258
ZAF,JPN,2021,0.050417,0.7258
ZAF,HUN,2021,0.002144,0.7258
ZAF,FIN,2021,0.002375,0.7258
ZAF,BRA,2021,0.008257,0.7258
ZAF,VNM,2021,0.00684,0.7258
ZAF,IDN,2021,0.007968,0.7258
ZAF,GBR,2021,0.046789,0.7258
ZAF,PRT,2021,0.002351,0.7258
ZAF,VEN,2021,1.1e-05,0.7258
ZAF,MYS,2021,0.00667,0.7258
ZAF,DEU,2021,0.078781,0.7258
ZAF,CHL,2021,0.001276,0.7258
ZAF,UKR,2021,0.000367,0.7258
ZAF,ESP,2021,0.01368,0.7258
ZAF,THA,2021,0.016243,0.7258
ZAF,RUS,2021,0.004813,0.7258
ZAF,POL,2021,0.005491,0.7258
ZAF,KOR,2023,0.013981,0.6931
ZAF,AUS,2023,0.009746,0.6931
ZAF,FRA,2023,0.012663,0.6931
ZAF,NOR,2023,0.000987,0.6931
ZAF,PER,2023,0.000246,0.6931
ZAF,USA,2023,0.080464,0.6931
ZAF,IND,2023,0.057469,0.6931
ZAF,CAN,2023,0.003666,0.6931
ZAF,TWN,2023,0.007599,0.6931
ZAF,EGY,2023,0.000773,0.6931
ZAF,CHN,2023,0.15798,0.6931
ZAF,CHE,2023,0.004886,0.6931
ZAF,TUR,2023,0.006153,0.6931
ZAF,COL,2023,0.000566,0.6931
ZAF,NLD,2023,0.027127,0.6931
ZAF,MEX,2023,0.005118,0.6931
ZAF,HKG,2023,0.007236,0.6931
ZAF,SAU,2023,0.01623,0.6931
ZAF,TUN,2023,0.000212,0.6931
ZAF,ITA,2023,0.016126,0.6931
ZAF,BEL,2023,0.022802,0.6931
ZAF,ISR,2023,0.001855,0.6931
ZAF,SWE,2023,0.005443,0.6931
ZAF,PHL,2023,0.001026,0.6931
ZAF,DNK,2023,0.001961,0.6931
ZAF,ARG,2023,0.00168,0.6931
ZAF,JPN,2023,0.038825,0.6931
ZAF,HUN,2023,0.002057,0.6931
ZAF,FIN,2023,0.002745,0.6931
ZAF,BRA,2023,0.008823,0.6931
ZAF,VNM,2023,0.006407,0.6931
ZAF,IDN,2023,0.006703,0.6931
ZAF,GBR,2023,0.032758,0.6931
ZAF,PRT,2023,0.002527,0.6931
ZAF,VEN,2023,5.2e-05,0.6931
ZAF,MYS,2023,0.00911,0.6931
ZAF,DEU,2023,0.074267,0.6931
ZAF,CHL,2023,0.000834,0.6931
ZAF,UKR,2023,0.000187,0.6931
ZAF,ESP,2023,0.015443,0.6931
ZAF,THA,2023,0.018046,0.6931
ZAF,RUS,2023,0.0037,0.6931
ZAF,POL,2023,0.006576,0.6931
