exposed_iso3,source_iso3,year,channel,w,covered_share
ARG,UKR,2019,va,0.000617,0.8617
ARG,SWE,2019,va,0.008765,0.8617
ARG,JPN,2019,va,0.023971,0.8617
ARG,SAU,2019,va,0.007317,0.8617
ARG,EGY,2019,va,0.003146,0.8617
ARG,GBR,2019,va,0.021151,0.8617
ARG,MEX,2019,va,0.018183,0.8617
ARG,NLD,2019,va,0.012657,0.8617
ARG,BEL,2019,va,0.006221,0.8617
ARG,PER,2019,va,0.003766,0.8617
ARG,MYS,2019,va,0.004966,0.8617
ARG,IND,2019,va,0.019651,0.8617
ARG,PRT,2019,va,0.002671,0.8617
ARG,POL,2019,va,0.005548,0.8617
ARG,ISR,2019,va,0.00477,0.8617
ARG,CHL,2019,va,0.012246,0.8617
ARG,COL,2019,va,0.004395,0.8617
ARG,IDN,2019,va,0.006227,0.8617
ARG,CHE,2019,va,0.013328,0.8617
ARG,TUR,2019,va,0.007168,0.8617
ARG,DEU,2019,va,0.057747,0.8617
ARG,TWN,2019,va,0.007953,0.8617
ARG,KOR,2019,va,0.014726,0.8617
ARG,CHN,2019,va,0.142132,0.8617
ARG,BRA,2019,va,0.117697,0.8617
ARG,USA,2019,va,0.176529,0.8617
ARG,ESP,2019,va,0.024353,0.8617
ARG,HUN,2019,va,0.002533,0.8617
ARG,CAN,2019,va,0.014562,0.8617
ARG,TUN,2019,va,0.000336,0.8617
ARG,ZAF,2019,va,0.00319,0.8617
ARG,THA,2019,va,0.015766,0.8617
ARG,HKG,2019,va,0.002129,0.8617
ARG,PHL,2019,va,0.003254,0.8617
ARG,AUS,2019,va,0.008176,0.8617
ARG,VNM,2019,va,0.006583,0.8617
ARG,RUS,2019,va,0.011766,0.8617
ARG,ITA,2019,va,0.02576,0.8617
ARG,NOR,2019,va,0.004464,0.8617
ARG,FRA,2019,va,0.025839,0.8617
ARG,FIN,2019,va,0.004176,0.8617
ARG,DNK,2019,va,0.005303,0.8617
ARG,EGY,2021,va,0.007073,0.8615
ARG,GBR,2021,va,0.015879,0.8615
ARG,JPN,2021,va,0.023997,0.8615
ARG,AUS,2021,va,0.009704,0.8615
ARG,VNM,2021,va,0.008159,0.8615
ARG,TUN,2021,va,0.00029,0.8615
ARG,SAU,2021,va,0.010175,0.8615
ARG,RUS,2021,va,0.014113,0.8615
ARG,HKG,2021,va,0.000844,0.8615
ARG,CHE,2021,va,0.01332,0.8615
ARG,THA,2021,va,0.014468,0.8615
ARG,MYS,2021,va,0.004512,0.8615
ARG,ESP,2021,va,0.018739,0.8615
ARG,KOR,2021,va,0.015176,0.8615
ARG,FRA,2021,va,0.022632,0.8615
ARG,COL,2021,va,0.00538,0.8615
ARG,ZAF,2021,va,0.004225,0.8615
ARG,IDN,2021,va,0.006565,0.8615
ARG,IND,2021,va,0.023445,0.8615
ARG,BRA,2021,va,0.134612,0.8615
ARG,HUN,2021,va,0.002569,0.8615
ARG,USA,2021,va,0.130862,0.8615
ARG,ITA,2021,va,0.022746,0.8615
ARG,DNK,2021,va,0.004719,0.8615
ARG,FIN,2021,va,0.003597,0.8615
ARG,SWE,2021,va,0.006675,0.8615
ARG,TUR,2021,va,0.006509,0.8615
ARG,POL,2021,va,0.004843,0.8615
ARG,NLD,2021,va,0.0121,0.8615
ARG,DEU,2021,va,0.045464,0.8615
ARG,BEL,2021,va,0.00652,0.8615
ARG,CAN,2021,va,0.01143,0.8615
ARG,UKR,2021,va,0.000658,0.8615
ARG,PHL,2021,va,0.00248,0.8615
ARG,PER,2021,va,0.004354,0.8615
ARG,MEX,2021,va,0.017044,0.8615
ARG,NOR,2021,va,0.004305,0.8615
ARG,PRT,2021,va,0.002469,0.8615
ARG,ISR,2021,va,0.004619,0.8615
ARG,CHL,2021,va,0.011607,0.8615
ARG,TWN,2021,va,0.010577,0.8615
ARG,CHN,2021,va,0.192044,0.8615
ARG,SAU,2022,va,0.021352,0.8551
ARG,PER,2022,va,0.004429,0.8551
ARG,CHL,2022,va,0.010019,0.8551
ARG,VNM,2022,va,0.006805,0.8551
ARG,IND,2022,va,0.023373,0.8551
ARG,HKG,2022,va,0.000854,0.8551
ARG,CHN,2022,va,0.173079,0.8551
ARG,USA,2022,va,0.155351,0.8551
ARG,TUR,2022,va,0.007382,0.8551
ARG,JPN,2022,va,0.019113,0.8551
ARG,ISR,2022,va,0.005059,0.8551
ARG,DNK,2022,va,0.005715,0.8551
ARG,MYS,2022,va,0.003997,0.8551
ARG,ESP,2022,va,0.020631,0.8551
ARG,FRA,2022,va,0.021709,0.8551
ARG,COL,2022,va,0.006006,0.8551
ARG,SWE,2022,va,0.006379,0.8551
ARG,TUN,2022,va,0.000321,0.8551
ARG,UKR,2022,va,0.000366,0.8551
ARG,RUS,2022,va,0.011667,0.8551
ARG,PHL,2022,va,0.002352,0.8551
ARG,BRA,2022,va,0.13027,0.8551
ARG,GBR,2022,va,0.017395,0.8551
ARG,HUN,2022,va,0.002062,0.8551
ARG,FIN,2022,va,0.004322,0.8551
ARG,CAN,2022,va,0.013411,0.8551
ARG,BEL,2022,va,0.005984,0.8551
ARG,EGY,2022,va,0.004302,0.8551
ARG,AUS,2022,va,0.010424,0.8551
ARG,THA,2022,va,0.012227,0.8551
ARG,CHE,2022,va,0.012803,0.8551
ARG,PRT,2022,va,0.002896,0.8551
ARG,IDN,2022,va,0.006782,0.8551
ARG,NOR,2022,va,0.007852,0.8551
ARG,ZAF,2022,va,0.003194,0.8551
ARG,TWN,2022,va,0.008988,0.8551
ARG,POL,2022,va,0.004388,0.8551
ARG,NLD,2022,va,0.011398,0.8551
ARG,KOR,2022,va,0.012201,0.8551
ARG,MEX,2022,va,0.016831,0.8551
ARG,ITA,2022,va,0.020989,0.8551
ARG,DEU,2022,va,0.040437,0.8551
AUS,TUN,2019,va,0.000305,0.8424
AUS,RUS,2019,va,0.007877,0.8424
AUS,PER,2019,va,0.001429,0.8424
AUS,MYS,2019,va,0.017726,0.8424
AUS,SWE,2019,va,0.007012,0.8424
AUS,TUR,2019,va,0.005997,0.8424
AUS,KOR,2019,va,0.025278,0.8424
AUS,PHL,2019,va,0.004763,0.8424
AUS,IDN,2019,va,0.015836,0.8424
AUS,DNK,2019,va,0.005095,0.8424
AUS,HUN,2019,va,0.001914,0.8424
AUS,ZAF,2019,va,0.003969,0.8424
AUS,THA,2019,va,0.033138,0.8424
AUS,USA,2019,va,0.146499,0.8424
AUS,NOR,2019,va,0.003927,0.8424
AUS,DEU,2019,va,0.047063,0.8424
AUS,CHL,2019,va,0.00259,0.8424
AUS,CAN,2019,va,0.012418,0.8424
AUS,TWN,2019,va,0.016169,0.8424
AUS,ESP,2019,va,0.013437,0.8424
AUS,GBR,2019,va,0.03607,0.8424
AUS,ISR,2019,va,0.004234,0.8424
AUS,UKR,2019,va,0.000573,0.8424
AUS,SAU,2019,va,0.009817,0.8424
AUS,EGY,2019,va,0.001509,0.8424
AUS,IND,2019,va,0.02061,0.8424
AUS,CHN,2019,va,0.208103,0.8424
AUS,BRA,2019,va,0.004727,0.8424
AUS,PRT,2019,va,0.002334,0.8424
AUS,POL,2019,va,0.004953,0.8424
AUS,MEX,2019,va,0.009688,0.8424
AUS,FRA,2019,va,0.024611,0.8424
AUS,FIN,2019,va,0.003585,0.8424
AUS,COL,2019,va,0.000942,0.8424
AUS,VNM,2019,va,0.011874,0.8424
AUS,HKG,2019,va,0.005986,0.8424
AUS,CHE,2019,va,0.014325,0.8424
AUS,NLD,2019,va,0.013799,0.8424
AUS,BEL,2019,va,0.005246,0.8424
AUS,ARG,2019,va,0.003063,0.8424
AUS,JPN,2019,va,0.060373,0.8424
AUS,ITA,2019,va,0.023554,0.8424
AUS,THA,2021,va,0.02764,0.854
AUS,HKG,2021,va,0.003563,0.854
AUS,TUR,2021,va,0.004669,0.854
AUS,JPN,2021,va,0.061076,0.854
AUS,HUN,2021,va,0.001603,0.854
AUS,BEL,2021,va,0.006551,0.854
AUS,RUS,2021,va,0.007919,0.854
AUS,ITA,2021,va,0.020716,0.854
AUS,ISR,2021,va,0.003772,0.854
AUS,DEU,2021,va,0.042074,0.854
AUS,ZAF,2021,va,0.004405,0.854
AUS,SAU,2021,va,0.009703,0.854
AUS,NOR,2021,va,0.004408,0.854
AUS,DNK,2021,va,0.005121,0.854
AUS,FIN,2021,va,0.003594,0.854
AUS,IDN,2021,va,0.01656,0.854
AUS,GBR,2021,va,0.034443,0.854
AUS,PRT,2021,va,0.001442,0.854
AUS,NLD,2021,va,0.013198,0.854
AUS,FRA,2021,va,0.020396,0.854
AUS,CAN,2021,va,0.010336,0.854
AUS,UKR,2021,va,0.000658,0.854
AUS,PER,2021,va,0.001504,0.854
AUS,CHN,2021,va,0.263362,0.854
AUS,USA,2021,va,0.121247,0.854
AUS,POL,2021,va,0.004709,0.854
AUS,VNM,2021,va,0.011714,0.854
AUS,TUN,2021,va,0.000204,0.854
AUS,EGY,2021,va,0.000933,0.854
AUS,BRA,2021,va,0.005283,0.854
AUS,CHE,2021,va,0.013358,0.854
AUS,KOR,2021,va,0.028034,0.854
AUS,PHL,2021,va,0.004267,0.854
AUS,IND,2021,va,0.028072,0.854
AUS,ARG,2021,va,0.002517,0.854
AUS,SWE,2021,va,0.007256,0.854
AUS,ESP,2021,va,0.009678,0.854
AUS,MEX,2021,va,0.00794,0.854
AUS,TWN,2021,va,0.020861,0.854
AUS,MYS,2021,va,0.015686,0.854
AUS,CHL,2021,va,0.002743,0.854
AUS,COL,2021,va,0.000799,0.854
AUS,IND,2022,va,0.026063,0.8405
AUS,USA,2022,va,0.130334,0.8405
AUS,CHE,2022,va,0.013132,0.8405
AUS,CHL,2022,va,0.002239,0.8405
AUS,VNM,2022,va,0.013102,0.8405
AUS,PHL,2022,va,0.004691,0.8405
AUS,MYS,2022,va,0.01576,0.8405
AUS,NLD,2022,va,0.01128,0.8405
AUS,BEL,2022,va,0.005375,0.8405
AUS,DNK,2022,va,0.005341,0.8405
AUS,CAN,2022,va,0.012246,0.8405
AUS,RUS,2022,va,0.008515,0.8405
AUS,SAU,2022,va,0.014765,0.8405
AUS,HKG,2022,va,0.00325,0.8405
AUS,BRA,2022,va,0.005816,0.8405
AUS,MEX,2022,va,0.009006,0.8405
AUS,COL,2022,va,0.001009,0.8405
AUS,EGY,2022,va,0.001155,0.8405
AUS,PRT,2022,va,0.001916,0.8405
AUS,DEU,2022,va,0.039259,0.8405
AUS,IDN,2022,va,0.016672,0.8405
AUS,CHN,2022,va,0.252497,0.8405
AUS,ESP,2022,va,0.010338,0.8405
AUS,TUR,2022,va,0.005311,0.8405
AUS,HUN,2022,va,0.001645,0.8405
AUS,TUN,2022,va,0.000248,0.8405
AUS,ZAF,2022,va,0.00406,0.8405
AUS,THA,2022,va,0.024344,0.8405
AUS,ARG,2022,va,0.003053,0.8405
AUS,SWE,2022,va,0.006446,0.8405
AUS,ISR,2022,va,0.003774,0.8405
AUS,FIN,2022,va,0.003291,0.8405
AUS,PER,2022,va,0.001432,0.8405
AUS,NOR,2022,va,0.00496,0.8405
AUS,JPN,2022,va,0.051994,0.8405
AUS,KOR,2022,va,0.028747,0.8405
AUS,ITA,2022,va,0.020179,0.8405
AUS,FRA,2022,va,0.019395,0.8405
AUS,UKR,2022,va,0.000368,0.8405
AUS,TWN,2022,va,0.018624,0.8405
AUS,GBR,2022,va,0.03409,0.8405
AUS,POL,2022,va,0.004807,0.8405
BEL,SAU,2019,va,0.006892,0.8453
BEL,HKG,2019,va,0.003,0.8453
BEL,PHL,2019,va,0.002655,0.8453
BEL,USA,2019,va,0.100009,0.8453
BEL,PRT,2019,va,0.005729,0.8453
BEL,JPN,2019,va,0.028391,0.8453
BEL,PER,2019,va,0.000997,0.8453
BEL,MYS,2019,va,0.003255,0.8453
BEL,DEU,2019,va,0.118156,0.8453
BEL,THA,2019,va,0.005784,0.8453
BEL,POL,2019,va,0.020077,0.8453
BEL,HUN,2019,va,0.005662,0.8453
BEL,MEX,2019,va,0.005814,0.8453
BEL,UKR,2019,va,0.002591,0.8453
BEL,RUS,2019,va,0.020749,0.8453
BEL,CHN,2019,va,0.035439,0.8453
BEL,IDN,2019,va,0.003014,0.8453
BEL,CHE,2019,va,0.021635,0.8453
BEL,TUR,2019,va,0.009866,0.8453
BEL,FIN,2019,va,0.004438,0.8453
BEL,TUN,2019,va,0.000823,0.8453
BEL,VNM,2019,va,0.002711,0.8453
BEL,FRA,2019,va,0.119387,0.8453
BEL,AUS,2019,va,0.004888,0.8453
BEL,ZAF,2019,va,0.003623,0.8453
BEL,IND,2019,va,0.01631,0.8453
BEL,ARG,2019,va,0.002285,0.8453
BEL,NLD,2019,va,0.091847,0.8453
BEL,ESP,2019,va,0.029767,0.8453
BEL,DNK,2019,va,0.008354,0.8453
BEL,TWN,2019,va,0.003842,0.8453
BEL,ITA,2019,va,0.034794,0.8453
BEL,NOR,2019,va,0.016486,0.8453
BEL,ISR,2019,va,0.004758,0.8453
BEL,KOR,2019,va,0.006492,0.8453
BEL,CHL,2019,va,0.00119,0.8453
BEL,COL,2019,va,0.000967,0.8453
BEL,CAN,2019,va,0.008497,0.8453
BEL,EGY,2019,va,0.001898,0.8453
BEL,BRA,2019,va,0.005012,0.8453
BEL,SWE,2019,va,0.018257,0.8453
BEL,GBR,2019,va,0.058988,0.8453
BEL,TWN,2021,va,0.004253,0.8307
BEL,MYS,2021,va,0.002676,0.8307
BEL,FRA,2021,va,0.116362,0.8307
BEL,JPN,2021,va,0.022516,0.8307
BEL,CHL,2021,va,0.001035,0.8307
BEL,TUN,2021,va,0.000867,0.8307
BEL,IDN,2021,va,0.002946,0.8307
BEL,SWE,2021,va,0.019338,0.8307
BEL,UKR,2021,va,0.003022,0.8307
BEL,VNM,2021,va,0.002287,0.8307
BEL,RUS,2021,va,0.018297,0.8307
BEL,USA,2021,va,0.089117,0.8307
BEL,ISR,2021,va,0.005579,0.8307
BEL,FIN,2021,va,0.004252,0.8307
BEL,DEU,2021,va,0.119451,0.8307
BEL,AUS,2021,va,0.005308,0.8307
BEL,PER,2021,va,0.000965,0.8307
BEL,PHL,2021,va,0.001641,0.8307
BEL,IND,2021,va,0.019549,0.8307
BEL,PRT,2021,va,0.005678,0.8307
BEL,NLD,2021,va,0.090067,0.8307
BEL,POL,2021,va,0.020342,0.8307
BEL,THA,2021,va,0.00288,0.8307
BEL,HKG,2021,va,0.001731,0.8307
BEL,EGY,2021,va,0.001895,0.8307
BEL,ARG,2021,va,0.001675,0.8307
BEL,CHE,2021,va,0.019608,0.8307
BEL,TUR,2021,va,0.01013,0.8307
BEL,CHN,2021,va,0.050358,0.8307
BEL,GBR,2021,va,0.050376,0.8307
BEL,KOR,2021,va,0.007799,0.8307
BEL,HUN,2021,va,0.005216,0.8307
BEL,CAN,2021,va,0.008409,0.8307
BEL,ESP,2021,va,0.02814,0.8307
BEL,MEX,2021,va,0.006693,0.8307
BEL,NOR,2021,va,0.020712,0.8307
BEL,DNK,2021,va,0.008836,0.8307
BEL,SAU,2021,va,0.004117,0.8307
BEL,ZAF,2021,va,0.0037,0.8307
BEL,BRA,2021,va,0.004736,0.8307
BEL,ITA,2021,va,0.037191,0.8307
BEL,COL,2021,va,0.000924,0.8307
BEL,ZAF,2022,va,0.003062,0.8303
BEL,VNM,2022,va,0.002635,0.8303
BEL,MYS,2022,va,0.003114,0.8303
BEL,EGY,2022,va,0.001868,0.8303
BEL,ARG,2022,va,0.002321,0.8303
BEL,CHE,2022,va,0.02142,0.8303
BEL,GBR,2022,va,0.047647,0.8303
BEL,MEX,2022,va,0.006089,0.8303
BEL,NOR,2022,va,0.022425,0.8303
BEL,SAU,2022,va,0.006623,0.8303
BEL,SWE,2022,va,0.016411,0.8303
BEL,NLD,2022,va,0.083453,0.8303
BEL,HUN,2022,va,0.00494,0.8303
BEL,IDN,2022,va,0.003399,0.8303
BEL,IND,2022,va,0.021093,0.8303
BEL,TUR,2022,va,0.010201,0.8303
BEL,PRT,2022,va,0.005653,0.8303
BEL,AUS,2022,va,0.005531,0.8303
BEL,PHL,2022,va,0.001742,0.8303
BEL,ESP,2022,va,0.029259,0.8303
BEL,USA,2022,va,0.09542,0.8303
BEL,KOR,2022,va,0.007479,0.8303
BEL,DEU,2022,va,0.110514,0.8303
BEL,FRA,2022,va,0.113239,0.8303
BEL,TUN,2022,va,0.000863,0.8303
BEL,UKR,2022,va,0.001674,0.8303
BEL,RUS,2022,va,0.020255,0.8303
BEL,HKG,2022,va,0.001519,0.8303
BEL,POL,2022,va,0.021378,0.8303
BEL,JPN,2022,va,0.020959,0.8303
BEL,ISR,2022,va,0.005711,0.8303
BEL,DNK,2022,va,0.009482,0.8303
BEL,CHL,2022,va,0.001104,0.8303
BEL,FIN,2022,va,0.004059,0.8303
BEL,CHN,2022,va,0.055459,0.8303
BEL,COL,2022,va,0.001215,0.8303
BEL,THA,2022,va,0.003253,0.8303
BEL,TWN,2022,va,0.005029,0.8303
BEL,PER,2022,va,0.000999,0.8303
BEL,BRA,2022,va,0.006002,0.8303
BEL,ITA,2022,va,0.037028,0.8303
BEL,CAN,2022,va,0.008762,0.8303
BRA,ZAF,2019,va,0.002672,0.8673
BRA,VNM,2019,va,0.00619,0.8673
BRA,USA,2019,va,0.201005,0.8673
BRA,CHN,2019,va,0.134876,0.8673
BRA,IND,2019,va,0.02402,0.8673
BRA,NLD,2019,va,0.034486,0.8673
BRA,FIN,2019,va,0.003969,0.8673
BRA,THA,2019,va,0.007433,0.8673
BRA,HKG,2019,va,0.002297,0.8673
BRA,GBR,2019,va,0.033472,0.8673
BRA,ARG,2019,va,0.035004,0.8673
BRA,PRT,2019,va,0.006379,0.8673
BRA,DNK,2019,va,0.006059,0.8673
BRA,ISR,2019,va,0.008287,0.8673
BRA,DEU,2019,va,0.0573,0.8673
BRA,AUS,2019,va,0.008143,0.8673
BRA,TWN,2019,va,0.009412,0.8673
BRA,IDN,2019,va,0.007367,0.8673
BRA,SWE,2019,va,0.00876,0.8673
BRA,CHE,2019,va,0.016514,0.8673
BRA,CHL,2019,va,0.009494,0.8673
BRA,COL,2019,va,0.005709,0.8673
BRA,BEL,2019,va,0.007309,0.8673
BRA,NOR,2019,va,0.010116,0.8673
BRA,FRA,2019,va,0.028655,0.8673
BRA,PHL,2019,va,0.00222,0.8673
BRA,SAU,2019,va,0.013423,0.8673
BRA,TUR,2019,va,0.005242,0.8673
BRA,JPN,2019,va,0.030165,0.8673
BRA,ITA,2019,va,0.022999,0.8673
BRA,TUN,2019,va,0.000334,0.8673
BRA,UKR,2019,va,0.000652,0.8673
BRA,PER,2019,va,0.005399,0.8673
BRA,MYS,2019,va,0.004919,0.8673
BRA,EGY,2019,va,0.002337,0.8673
BRA,ESP,2019,va,0.018607,0.8673
BRA,HUN,2019,va,0.002407,0.8673
BRA,MEX,2019,va,0.017388,0.8673
BRA,RUS,2019,va,0.021845,0.8673
BRA,POL,2019,va,0.004536,0.8673
BRA,KOR,2019,va,0.022602,0.8673
BRA,CAN,2019,va,0.017327,0.8673
BRA,ZAF,2021,va,0.002813,0.8888
BRA,MYS,2021,va,0.004373,0.8888
BRA,EGY,2021,va,0.002647,0.8888
BRA,ISR,2021,va,0.007181,0.8888
BRA,JPN,2021,va,0.039056,0.8888
BRA,NLD,2021,va,0.028559,0.8888
BRA,NOR,2021,va,0.009887,0.8888
BRA,ITA,2021,va,0.023387,0.8888
BRA,PER,2021,va,0.004175,0.8888
BRA,CHN,2021,va,0.184075,0.8888
BRA,USA,2021,va,0.183497,0.8888
BRA,GBR,2021,va,0.030577,0.8888
BRA,POL,2021,va,0.004801,0.8888
BRA,DNK,2021,va,0.006142,0.8888
BRA,FIN,2021,va,0.003949,0.8888
BRA,UKR,2021,va,0.000818,0.8888
BRA,VNM,2021,va,0.006306,0.8888
BRA,PHL,2021,va,0.001641,0.8888
BRA,SAU,2021,va,0.010394,0.8888
BRA,IDN,2021,va,0.00947,0.8888
BRA,ARG,2021,va,0.033973,0.8888
BRA,SWE,2021,va,0.009125,0.8888
BRA,ESP,2021,va,0.015415,0.8888
BRA,TUR,2021,va,0.006315,0.8888
BRA,MEX,2021,va,0.014203,0.8888
BRA,DEU,2021,va,0.051916,0.8888
BRA,AUS,2021,va,0.008955,0.8888
BRA,CHE,2021,va,0.014531,0.8888
BRA,HUN,2021,va,0.002239,0.8888
BRA,COL,2021,va,0.006026,0.8888
BRA,HKG,2021,va,0.001744,0.8888
BRA,BEL,2021,va,0.007452,0.8888
BRA,THA,2021,va,0.006252,0.8888
BRA,TWN,2021,va,0.011753,0.8888
BRA,RUS,2021,va,0.02107,0.8888
BRA,IND,2021,va,0.027277,0.8888
BRA,PRT,2021,va,0.005272,0.8888
BRA,CHL,2021,va,0.008812,0.8888
BRA,TUN,2021,va,0.000316,0.8888
BRA,KOR,2021,va,0.028348,0.8888
BRA,FRA,2021,va,0.028137,0.8888
BRA,CAN,2021,va,0.015967,0.8888
BRA,RUS,2022,va,0.023889,0.8847
BRA,IND,2022,va,0.028796,0.8847
BRA,SWE,2022,va,0.00951,0.8847
BRA,ITA,2022,va,0.021571,0.8847
BRA,FRA,2022,va,0.026302,0.8847
BRA,COL,2022,va,0.005815,0.8847
BRA,ZAF,2022,va,0.002579,0.8847
BRA,VNM,2022,va,0.006005,0.8847
BRA,THA,2022,va,0.005426,0.8847
BRA,ESP,2022,va,0.015998,0.8847
BRA,POL,2022,va,0.004604,0.8847
BRA,FIN,2022,va,0.004501,0.8847
BRA,PHL,2022,va,0.001701,0.8847
BRA,HKG,2022,va,0.001687,0.8847
BRA,GBR,2022,va,0.033706,0.8847
BRA,TUR,2022,va,0.005908,0.8847
BRA,MEX,2022,va,0.014933,0.8847
BRA,DNK,2022,va,0.007307,0.8847
BRA,UKR,2022,va,0.00039,0.8847
BRA,TUN,2022,va,0.000329,0.8847
BRA,PER,2022,va,0.003873,0.8847
BRA,ARG,2022,va,0.031315,0.8847
BRA,USA,2022,va,0.183132,0.8847
BRA,PRT,2022,va,0.005403,0.8847
BRA,IDN,2022,va,0.009438,0.8847
BRA,HUN,2022,va,0.002122,0.8847
BRA,AUS,2022,va,0.010443,0.8847
BRA,SAU,2022,va,0.01365,0.8847
BRA,TWN,2022,va,0.010573,0.8847
BRA,CHE,2022,va,0.014789,0.8847
BRA,DEU,2022,va,0.049697,0.8847
BRA,MYS,2022,va,0.004303,0.8847
BRA,CHN,2022,va,0.187226,0.8847
BRA,NOR,2022,va,0.012296,0.8847
BRA,JPN,2022,va,0.023724,0.8847
BRA,CHL,2022,va,0.008475,0.8847
BRA,EGY,2022,va,0.002222,0.8847
BRA,NLD,2022,va,0.028059,0.8847
BRA,ISR,2022,va,0.009449,0.8847
BRA,KOR,2022,va,0.026675,0.8847
BRA,BEL,2022,va,0.008028,0.8847
BRA,CAN,2022,va,0.018841,0.8847
CAN,PER,2019,va,0.002046,0.9187
CAN,MYS,2019,va,0.004531,0.9187
CAN,CHN,2019,va,0.114666,0.9187
CAN,NLD,2019,va,0.008941,0.9187
CAN,ITA,2019,va,0.018313,0.9187
CAN,ISR,2019,va,0.003771,0.9187
CAN,KOR,2019,va,0.016604,0.9187
CAN,CHL,2019,va,0.002364,0.9187
CAN,ZAF,2019,va,0.002036,0.9187
CAN,HKG,2019,va,0.003927,0.9187
CAN,IDN,2019,va,0.004436,0.9187
CAN,GBR,2019,va,0.025676,0.9187
CAN,ARG,2019,va,0.00176,0.9187
CAN,POL,2019,va,0.004416,0.9187
CAN,MEX,2019,va,0.039651,0.9187
CAN,COL,2019,va,0.001756,0.9187
CAN,UKR,2019,va,0.00065,0.9187
CAN,RUS,2019,va,0.008,0.9187
CAN,TUR,2019,va,0.005167,0.9187
CAN,JPN,2019,va,0.032364,0.9187
CAN,TWN,2019,va,0.009921,0.9187
CAN,DEU,2019,va,0.037356,0.9187
CAN,TUN,2019,va,0.00036,0.9187
CAN,SWE,2019,va,0.005164,0.9187
CAN,PRT,2019,va,0.002218,0.9187
CAN,HUN,2019,va,0.001577,0.9187
CAN,DNK,2019,va,0.003382,0.9187
CAN,THA,2019,va,0.008232,0.9187
CAN,PHL,2019,va,0.003288,0.9187
CAN,CHE,2019,va,0.013168,0.9187
CAN,NOR,2019,va,0.004138,0.9187
CAN,AUS,2019,va,0.007439,0.9187
CAN,SAU,2019,va,0.007835,0.9187
CAN,IND,2019,va,0.016974,0.9187
CAN,BRA,2019,va,0.007063,0.9187
CAN,USA,2019,va,0.442743,0.9187
CAN,ESP,2019,va,0.010647,0.9187
CAN,FRA,2019,va,0.019938,0.9187
CAN,BEL,2019,va,0.005581,0.9187
CAN,VNM,2019,va,0.007181,0.9187
CAN,EGY,2019,va,0.001479,0.9187
CAN,FIN,2019,va,0.0019,0.9187
CAN,BEL,2021,va,0.005558,0.9235
CAN,TWN,2021,va,0.011874,0.9235
CAN,PER,2021,va,0.002518,0.9235
CAN,IDN,2021,va,0.004426,0.9235
CAN,GBR,2021,va,0.029827,0.9235
CAN,POL,2021,va,0.004222,0.9235
CAN,NOR,2021,va,0.004667,0.9235
CAN,DNK,2021,va,0.003855,0.9235
CAN,MYS,2021,va,0.00409,0.9235
CAN,CHN,2021,va,0.141954,0.9235
CAN,SWE,2021,va,0.005471,0.9235
CAN,ESP,2021,va,0.008647,0.9235
CAN,HUN,2021,va,0.001326,0.9235
CAN,JPN,2021,va,0.032132,0.9235
CAN,VNM,2021,va,0.008179,0.9235
CAN,PHL,2021,va,0.003449,0.9235
CAN,RUS,2021,va,0.008166,0.9235
CAN,IND,2021,va,0.023812,0.9235
CAN,HKG,2021,va,0.002552,0.9235
CAN,ARG,2021,va,0.001756,0.9235
CAN,CHE,2021,va,0.013287,0.9235
CAN,FIN,2021,va,0.002238,0.9235
CAN,CHL,2021,va,0.002643,0.9235
CAN,TUR,2021,va,0.005345,0.9235
CAN,MEX,2021,va,0.036564,0.9235
CAN,PRT,2021,va,0.001784,0.9235
CAN,ISR,2021,va,0.004721,0.9235
CAN,FRA,2021,va,0.018673,0.9235
CAN,AUS,2021,va,0.007916,0.9235
CAN,UKR,2021,va,0.000796,0.9235
CAN,SAU,2021,va,0.005234,0.9235
CAN,ZAF,2021,va,0.002361,0.9235
CAN,EGY,2021,va,0.001164,0.9235
CAN,BRA,2021,va,0.009295,0.9235
CAN,KOR,2021,va,0.02003,0.9235
CAN,NLD,2021,va,0.008914,0.9235
CAN,DEU,2021,va,0.035402,0.9235
CAN,THA,2021,va,0.005289,0.9235
CAN,TUN,2021,va,0.000294,0.9235
CAN,USA,2021,va,0.41388,0.9235
CAN,ITA,2021,va,0.017229,0.9235
CAN,COL,2021,va,0.001948,0.9235
CAN,PHL,2022,va,0.003563,0.9124
CAN,GBR,2022,va,0.029235,0.9124
CAN,ITA,2022,va,0.016812,0.9124
CAN,BEL,2022,va,0.004973,0.9124
CAN,VNM,2022,va,0.008803,0.9124
CAN,UKR,2022,va,0.000525,0.9124
CAN,PRT,2022,va,0.003032,0.9124
CAN,KOR,2022,va,0.018559,0.9124
CAN,FRA,2022,va,0.018298,0.9124
CAN,DNK,2022,va,0.004546,0.9124
CAN,AUS,2022,va,0.008157,0.9124
CAN,ZAF,2022,va,0.002309,0.9124
CAN,TWN,2022,va,0.011242,0.9124
CAN,MYS,2022,va,0.004029,0.9124
CAN,BRA,2022,va,0.009791,0.9124
CAN,SWE,2022,va,0.005696,0.9124
CAN,NLD,2022,va,0.007839,0.9124
CAN,THA,2022,va,0.005451,0.9124
CAN,PER,2022,va,0.002433,0.9124
CAN,IDN,2022,va,0.005285,0.9124
CAN,IND,2022,va,0.024392,0.9124
CAN,CHE,2022,va,0.013606,0.9124
CAN,DEU,2022,va,0.034217,0.9124
CAN,COL,2022,va,0.002354,0.9124
CAN,TUN,2022,va,0.000416,0.9124
CAN,EGY,2022,va,0.001203,0.9124
CAN,USA,2022,va,0.412473,0.9124
CAN,ARG,2022,va,0.001974,0.9124
CAN,POL,2022,va,0.004598,0.9124
CAN,MEX,2022,va,0.037518,0.9124
CAN,JPN,2022,va,0.02714,0.9124
CAN,CHL,2022,va,0.003237,0.9124
CAN,RUS,2022,va,0.007302,0.9124
CAN,FIN,2022,va,0.002133,0.9124
CAN,CHN,2022,va,0.132508,0.9124
CAN,ESP,2022,va,0.009582,0.9124
CAN,TUR,2022,va,0.005758,0.9124
CAN,ISR,2022,va,0.004805,0.9124
CAN,HUN,2022,va,0.001239,0.9124
CAN,SAU,2022,va,0.006912,0.9124
CAN,HKG,2022,va,0.002117,0.9124
CAN,NOR,2022,va,0.006316,0.9124
CHE,VNM,2019,va,0.005346,0.832
CHE,TUN,2019,va,0.000844,0.832
CHE,TWN,2019,va,0.005619,0.832
CHE,IDN,2019,va,0.003102,0.832
CHE,EGY,2019,va,0.002088,0.832
CHE,PRT,2019,va,0.006055,0.832
CHE,NOR,2019,va,0.005339,0.832
CHE,FRA,2019,va,0.058998,0.832
CHE,ZAF,2019,va,0.002785,0.832
CHE,BRA,2019,va,0.007036,0.832
CHE,IND,2019,va,0.022916,0.832
CHE,PHL,2019,va,0.003014,0.832
CHE,SAU,2019,va,0.003964,0.832
CHE,TUR,2019,va,0.008885,0.832
CHE,JPN,2019,va,0.021409,0.832
CHE,ITA,2019,va,0.064173,0.832
CHE,ESP,2019,va,0.029988,0.832
CHE,HUN,2019,va,0.005384,0.832
CHE,MEX,2019,va,0.004168,0.832
CHE,CAN,2019,va,0.009307,0.832
CHE,PER,2019,va,0.001851,0.832
CHE,MYS,2019,va,0.003415,0.832
CHE,CHN,2019,va,0.055489,0.832
CHE,SWE,2019,va,0.015553,0.832
CHE,NLD,2019,va,0.027902,0.832
CHE,FIN,2019,va,0.004383,0.832
CHE,COL,2019,va,0.001188,0.832
CHE,BEL,2019,va,0.019269,0.832
CHE,UKR,2019,va,0.006026,0.832
CHE,RUS,2019,va,0.016367,0.832
CHE,DNK,2019,va,0.007481,0.832
CHE,DEU,2019,va,0.172208,0.832
CHE,THA,2019,va,0.007991,0.832
CHE,HKG,2019,va,0.003567,0.832
CHE,GBR,2019,va,0.057346,0.832
CHE,ARG,2019,va,0.00186,0.832
CHE,POL,2019,va,0.020715,0.832
CHE,ISR,2019,va,0.00713,0.832
CHE,KOR,2019,va,0.007319,0.832
CHE,CHL,2019,va,0.001052,0.832
CHE,USA,2019,va,0.118174,0.832
CHE,AUS,2019,va,0.005328,0.832
CHE,ARG,2021,va,0.001581,0.8334
CHE,AUS,2021,va,0.004929,0.8334
CHE,HKG,2021,va,0.002746,0.8334
CHE,NLD,2021,va,0.02668,0.8334
CHE,NOR,2021,va,0.005835,0.8334
CHE,DEU,2021,va,0.172097,0.8334
CHE,SAU,2021,va,0.004196,0.8334
CHE,ZAF,2021,va,0.002928,0.8334
CHE,BRA,2021,va,0.006638,0.8334
CHE,SWE,2021,va,0.016323,0.8334
CHE,ESP,2021,va,0.0286,0.8334
CHE,TUR,2021,va,0.010144,0.8334
CHE,ITA,2021,va,0.064768,0.8334
CHE,UKR,2021,va,0.006014,0.8334
CHE,VNM,2021,va,0.003705,0.8334
CHE,RUS,2021,va,0.01591,0.8334
CHE,MYS,2021,va,0.002537,0.8334
CHE,CHN,2021,va,0.075353,0.8334
CHE,FRA,2021,va,0.058634,0.8334
CHE,TUN,2021,va,0.000763,0.8334
CHE,PHL,2021,va,0.002144,0.8334
CHE,IDN,2021,va,0.003037,0.8334
CHE,POL,2021,va,0.023944,0.8334
CHE,JPN,2021,va,0.018466,0.8334
CHE,ISR,2021,va,0.006723,0.8334
CHE,CHL,2021,va,0.001053,0.8334
CHE,COL,2021,va,0.001301,0.8334
CHE,BEL,2021,va,0.018896,0.8334
CHE,CAN,2021,va,0.009979,0.8334
CHE,TWN,2021,va,0.00634,0.8334
CHE,DNK,2021,va,0.008688,0.8334
CHE,FIN,2021,va,0.004301,0.8334
CHE,PER,2021,va,0.001642,0.8334
CHE,KOR,2021,va,0.009076,0.8334
CHE,HUN,2021,va,0.005748,0.8334
CHE,THA,2021,va,0.004966,0.8334
CHE,IND,2021,va,0.025251,0.8334
CHE,EGY,2021,va,0.002026,0.8334
CHE,USA,2021,va,0.102562,0.8334
CHE,GBR,2021,va,0.056805,0.8334
CHE,MEX,2021,va,0.004209,0.8334
CHE,PRT,2021,va,0.005863,0.8334
CHE,THA,2022,va,0.005298,0.8239
CHE,USA,2022,va,0.109879,0.8239
CHE,TUR,2022,va,0.010708,0.8239
CHE,PRT,2022,va,0.00608,0.8239
CHE,KOR,2022,va,0.00827,0.8239
CHE,BEL,2022,va,0.017167,0.8239
CHE,EGY,2022,va,0.001963,0.8239
CHE,ARG,2022,va,0.002015,0.8239
CHE,NOR,2022,va,0.008916,0.8239
CHE,HUN,2022,va,0.005272,0.8239
CHE,ZAF,2022,va,0.003105,0.8239
CHE,TWN,2022,va,0.006767,0.8239
CHE,VNM,2022,va,0.004032,0.8239
CHE,PHL,2022,va,0.002256,0.8239
CHE,HKG,2022,va,0.002428,0.8239
CHE,SWE,2022,va,0.014114,0.8239
CHE,ESP,2022,va,0.030482,0.8239
CHE,JPN,2022,va,0.016475,0.8239
CHE,ISR,2022,va,0.006986,0.8239
CHE,DEU,2022,va,0.161102,0.8239
CHE,AUS,2022,va,0.00552,0.8239
CHE,UKR,2022,va,0.003714,0.8239
CHE,IDN,2022,va,0.003638,0.8239
CHE,PER,2022,va,0.001665,0.8239
CHE,IND,2022,va,0.026143,0.8239
CHE,BRA,2022,va,0.006864,0.8239
CHE,POL,2022,va,0.023489,0.8239
CHE,NLD,2022,va,0.023933,0.8239
CHE,ITA,2022,va,0.060466,0.8239
CHE,FIN,2022,va,0.00395,0.8239
CHE,COL,2022,va,0.001819,0.8239
CHE,GBR,2022,va,0.053954,0.8239
CHE,CHL,2022,va,0.001043,0.8239
CHE,TUN,2022,va,0.000794,0.8239
CHE,MEX,2022,va,0.00471,0.8239
CHE,DNK,2022,va,0.009375,0.8239
CHE,CAN,2022,va,0.009547,0.8239
CHE,RUS,2022,va,0.015865,0.8239
CHE,SAU,2022,va,0.005882,0.8239
CHE,MYS,2022,va,0.002867,0.8239
CHE,CHN,2022,va,0.075366,0.8239
CHE,FRA,2022,va,0.05995,0.8239
CHL,RUS,2019,va,0.007243,0.8998
CHL,PER,2019,va,0.013329,0.8998
CHL,MYS,2019,va,0.003962,0.8998
CHL,IND,2019,va,0.019179,0.8998
CHL,CHE,2019,va,0.009221,0.8998
CHL,TUR,2019,va,0.006832,0.8998
CHL,MEX,2019,va,0.021649,0.8998
CHL,DEU,2019,va,0.052734,0.8998
CHL,FRA,2019,va,0.027187,0.8998
CHL,TWN,2019,va,0.006364,0.8998
CHL,HKG,2019,va,0.001803,0.8998
CHL,ARG,2019,va,0.039279,0.8998
CHL,PRT,2019,va,0.002663,0.8998
CHL,UKR,2019,va,0.000426,0.8998
CHL,VNM,2019,va,0.006734,0.8998
CHL,EGY,2019,va,0.001106,0.8998
CHL,USA,2019,va,0.189565,0.8998
CHL,KOR,2019,va,0.018734,0.8998
CHL,ZAF,2019,va,0.001874,0.8998
CHL,FIN,2019,va,0.004825,0.8998
CHL,AUS,2019,va,0.008912,0.8998
CHL,TUN,2019,va,0.000231,0.8998
CHL,NLD,2019,va,0.009887,0.8998
CHL,ESP,2019,va,0.027602,0.8998
CHL,BEL,2019,va,0.00522,0.8998
CHL,PHL,2019,va,0.001901,0.8998
CHL,SAU,2019,va,0.005661,0.8998
CHL,POL,2019,va,0.003984,0.8998
CHL,ISR,2019,va,0.003434,0.8998
CHL,DNK,2019,va,0.004742,0.8998
CHL,COL,2019,va,0.013393,0.8998
CHL,THA,2019,va,0.008991,0.8998
CHL,IDN,2019,va,0.004847,0.8998
CHL,CHN,2019,va,0.193116,0.8998
CHL,SWE,2019,va,0.008382,0.8998
CHL,GBR,2019,va,0.017737,0.8998
CHL,NOR,2019,va,0.004104,0.8998
CHL,HUN,2019,va,0.00127,0.8998
CHL,CAN,2019,va,0.017214,0.8998
CHL,BRA,2019,va,0.06407,0.8998
CHL,JPN,2019,va,0.039374,0.8998
CHL,ITA,2019,va,0.021045,0.8998
CHL,SAU,2021,va,0.004202,0.9159
CHL,RUS,2021,va,0.006766,0.9159
CHL,CHN,2021,va,0.276956,0.9159
CHL,ARG,2021,va,0.041652,0.9159
CHL,USA,2021,va,0.162467,0.9159
CHL,MEX,2021,va,0.019856,0.9159
CHL,PRT,2021,va,0.002048,0.9159
CHL,KOR,2021,va,0.021029,0.9159
CHL,THA,2021,va,0.006985,0.9159
CHL,UKR,2021,va,0.000565,0.9159
CHL,TUN,2021,va,0.000127,0.9159
CHL,POL,2021,va,0.003586,0.9159
CHL,ZAF,2021,va,0.002094,0.9159
CHL,HKG,2021,va,0.002001,0.9159
CHL,IND,2021,va,0.024165,0.9159
CHL,GBR,2021,va,0.0146,0.9159
CHL,NOR,2021,va,0.005166,0.9159
CHL,DEU,2021,va,0.038869,0.9159
CHL,COL,2021,va,0.010989,0.9159
CHL,TWN,2021,va,0.008653,0.9159
CHL,NLD,2021,va,0.008035,0.9159
CHL,HUN,2021,va,0.001013,0.9159
CHL,JPN,2021,va,0.033873,0.9159
CHL,VNM,2021,va,0.007602,0.9159
CHL,PHL,2021,va,0.001368,0.9159
CHL,BRA,2021,va,0.066208,0.9159
CHL,TUR,2021,va,0.006797,0.9159
CHL,SWE,2021,va,0.007097,0.9159
CHL,ESP,2021,va,0.022693,0.9159
CHL,DNK,2021,va,0.00459,0.9159
CHL,AUS,2021,va,0.010037,0.9159
CHL,PER,2021,va,0.013351,0.9159
CHL,FIN,2021,va,0.003273,0.9159
CHL,FRA,2021,va,0.016763,0.9159
CHL,IDN,2021,va,0.005336,0.9159
CHL,EGY,2021,va,0.000847,0.9159
CHL,ISR,2021,va,0.004028,0.9159
CHL,MYS,2021,va,0.003517,0.9159
CHL,CHE,2021,va,0.007457,0.9159
CHL,ITA,2021,va,0.016991,0.9159
CHL,BEL,2021,va,0.004711,0.9159
CHL,CAN,2021,va,0.017563,0.9159
CHL,CHN,2022,va,0.245835,0.9071
CHL,HKG,2022,va,0.001214,0.9071
CHL,SWE,2022,va,0.006861,0.9071
CHL,NLD,2022,va,0.007171,0.9071
CHL,DEU,2022,va,0.034832,0.9071
CHL,TUN,2022,va,0.000146,0.9071
CHL,PER,2022,va,0.013159,0.9071
CHL,BRA,2022,va,0.073593,0.9071
CHL,POL,2022,va,0.003652,0.9071
CHL,MEX,2022,va,0.017938,0.9071
CHL,ISR,2022,va,0.004363,0.9071
CHL,BEL,2022,va,0.005177,0.9071
CHL,VNM,2022,va,0.007082,0.9071
CHL,MYS,2022,va,0.003389,0.9071
CHL,NOR,2022,va,0.005962,0.9071
CHL,UKR,2022,va,0.000293,0.9071
CHL,THA,2022,va,0.006502,0.9071
CHL,EGY,2022,va,0.000907,0.9071
CHL,ARG,2022,va,0.04442,0.9071
CHL,GBR,2022,va,0.014785,0.9071
CHL,JPN,2022,va,0.025481,0.9071
CHL,KOR,2022,va,0.020721,0.9071
CHL,DNK,2022,va,0.005301,0.9071
CHL,ZAF,2022,va,0.001883,0.9071
CHL,CHE,2022,va,0.008193,0.9071
CHL,PRT,2022,va,0.001869,0.9071
CHL,USA,2022,va,0.184915,0.9071
CHL,ITA,2022,va,0.015088,0.9071
CHL,FIN,2022,va,0.003345,0.9071
CHL,COL,2022,va,0.010607,0.9071
CHL,TWN,2022,va,0.007137,0.9071
CHL,SAU,2022,va,0.006522,0.9071
CHL,FRA,2022,va,0.016704,0.9071
CHL,CAN,2022,va,0.020271,0.9071
CHL,RUS,2022,va,0.006897,0.9071
CHL,PHL,2022,va,0.001448,0.9071
CHL,IDN,2022,va,0.006607,0.9071
CHL,IND,2022,va,0.02538,0.9071
CHL,ESP,2022,va,0.021336,0.9071
CHL,TUR,2022,va,0.0072,0.9071
CHL,HUN,2022,va,0.000917,0.9071
CHL,AUS,2022,va,0.011957,0.9071
CHN,UKR,2019,va,0.00192,0.8032
CHN,PER,2019,va,0.006461,0.8032
CHN,MYS,2019,va,0.016852,0.8032
CHN,CHE,2019,va,0.010847,0.8032
CHN,TUR,2019,va,0.006126,0.8032
CHN,DNK,2019,va,0.004496,0.8032
CHN,TWN,2019,va,0.044189,0.8032
CHN,HKG,2019,va,0.010922,0.8032
CHN,BRA,2019,va,0.028501,0.8032
CHN,USA,2019,va,0.111399,0.8032
CHN,PRT,2019,va,0.002439,0.8032
CHN,MEX,2019,va,0.009152,0.8032
CHN,FIN,2019,va,0.003193,0.8032
CHN,AUS,2019,va,0.054625,0.8032
CHN,VNM,2019,va,0.014646,0.8032
CHN,SAU,2019,va,0.025347,0.8032
CHN,PHL,2019,va,0.007557,0.8032
CHN,NLD,2019,va,0.010347,0.8032
CHN,ITA,2019,va,0.017058,0.8032
CHN,NOR,2019,va,0.004037,0.8032
CHN,FRA,2019,va,0.026349,0.8032
CHN,BEL,2019,va,0.004548,0.8032
CHN,COL,2019,va,0.00269,0.8032
CHN,THA,2019,va,0.019117,0.8032
CHN,ARG,2019,va,0.004135,0.8032
CHN,POL,2019,va,0.004164,0.8032
CHN,DEU,2019,va,0.057426,0.8032
CHN,RUS,2019,va,0.027193,0.8032
CHN,CAN,2019,va,0.016582,0.8032
CHN,CHL,2019,va,0.010549,0.8032
CHN,TUN,2019,va,0.000296,0.8032
CHN,ZAF,2019,va,0.006435,0.8032
CHN,EGY,2019,va,0.002037,0.8032
CHN,IND,2019,va,0.018986,0.8032
CHN,GBR,2019,va,0.024558,0.8032
CHN,ESP,2019,va,0.011639,0.8032
CHN,HUN,2019,va,0.00193,0.8032
CHN,JPN,2019,va,0.082616,0.8032
CHN,IDN,2019,va,0.019016,0.8032
CHN,SWE,2019,va,0.007275,0.8032
CHN,ISR,2019,va,0.004471,0.8032
CHN,KOR,2019,va,0.061092,0.8032
CHN,SAU,2021,va,0.024659,0.8123
CHN,ZAF,2021,va,0.00659,0.8123
CHN,ARG,2021,va,0.00327,0.8123
CHN,BRA,2021,va,0.035785,0.8123
CHN,CHE,2021,va,0.011261,0.8123
CHN,NOR,2021,va,0.00767,0.8123
CHN,DNK,2021,va,0.005732,0.8123
CHN,VNM,2021,va,0.015825,0.8123
CHN,RUS,2021,va,0.028813,0.8123
CHN,HKG,2021,va,0.008978,0.8123
CHN,MEX,2021,va,0.009458,0.8123
CHN,TUR,2021,va,0.005717,0.8123
CHN,PRT,2021,va,0.002119,0.8123
CHN,NLD,2021,va,0.009968,0.8123
CHN,POL,2021,va,0.004283,0.8123
CHN,FIN,2021,va,0.002947,0.8123
CHN,KOR,2021,va,0.060514,0.8123
CHN,UKR,2021,va,0.00318,0.8123
CHN,IDN,2021,va,0.024564,0.8123
CHN,GBR,2021,va,0.02373,0.8123
CHN,HUN,2021,va,0.002,0.8123
CHN,CHL,2021,va,0.014656,0.8123
CHN,PER,2021,va,0.007403,0.8123
CHN,PHL,2021,va,0.005903,0.8123
CHN,EGY,2021,va,0.002152,0.8123
CHN,ISR,2021,va,0.004372,0.8123
CHN,ITA,2021,va,0.017062,0.8123
CHN,BEL,2021,va,0.004329,0.8123
CHN,CAN,2021,va,0.015132,0.8123
CHN,ESP,2021,va,0.009858,0.8123
CHN,FRA,2021,va,0.025372,0.8123
CHN,JPN,2021,va,0.078898,0.8123
CHN,COL,2021,va,0.002275,0.8123
CHN,TWN,2021,va,0.051717,0.8123
CHN,IND,2021,va,0.020669,0.8123
CHN,USA,2021,va,0.103674,0.8123
CHN,DEU,2021,va,0.053599,0.8123
CHN,THA,2021,va,0.016186,0.8123
CHN,TUN,2021,va,0.000232,0.8123
CHN,MYS,2021,va,0.015374,0.8123
CHN,SWE,2021,va,0.007061,0.8123
CHN,AUS,2021,va,0.059343,0.8123
CHN,ARG,2022,va,0.004191,0.7846
CHN,CHE,2022,va,0.011014,0.7846
CHN,GBR,2022,va,0.022115,0.7846
CHN,AUS,2022,va,0.048799,0.7846
CHN,ZAF,2022,va,0.006379,0.7846
CHN,PER,2022,va,0.007718,0.7846
CHN,EGY,2022,va,0.001685,0.7846
CHN,POL,2022,va,0.003969,0.7846
CHN,MEX,2022,va,0.008675,0.7846
CHN,ITA,2022,va,0.01457,0.7846
CHN,HUN,2022,va,0.001694,0.7846
CHN,SAU,2022,va,0.0329,0.7846
CHN,IDN,2022,va,0.029442,0.7846
CHN,IND,2022,va,0.019234,0.7846
CHN,ESP,2022,va,0.009331,0.7846
CHN,USA,2022,va,0.107803,0.7846
CHN,FRA,2022,va,0.022741,0.7846
CHN,CAN,2022,va,0.016322,0.7846
CHN,TUN,2022,va,0.000209,0.7846
CHN,SWE,2022,va,0.006132,0.7846
CHN,NLD,2022,va,0.008855,0.7846
CHN,KOR,2022,va,0.050488,0.7846
CHN,DEU,2022,va,0.048989,0.7846
CHN,COL,2022,va,0.002875,0.7846
CHN,VNM,2022,va,0.015455,0.7846
CHN,UKR,2022,va,0.001347,0.7846
CHN,MYS,2022,va,0.016921,0.7846
CHN,HKG,2022,va,0.00829,0.7846
CHN,BRA,2022,va,0.038959,0.7846
CHN,PRT,2022,va,0.002026,0.7846
CHN,THA,2022,va,0.014281,0.7846
CHN,TWN,2022,va,0.047045,0.7846
CHN,PHL,2022,va,0.005933,0.7846
CHN,JPN,2022,va,0.065464,0.7846
CHN,ISR,2022,va,0.004706,0.7846
CHN,DNK,2022,va,0.006202,0.7846
CHN,CHL,2022,va,0.012676,0.7846
CHN,FIN,2022,va,0.002705,0.7846
CHN,RUS,2022,va,0.038792,0.7846
CHN,TUR,2022,va,0.005155,0.7846
CHN,NOR,2022,va,0.008561,0.7846
CHN,BEL,2022,va,0.003965,0.7846
COL,VNM,2019,va,0.007791,0.8926
COL,RUS,2019,va,0.009825,0.8926
COL,PER,2019,va,0.01522,0.8926
COL,MYS,2019,va,0.0047,0.8926
COL,ITA,2019,va,0.0179,0.8926
COL,TUN,2019,va,0.00026,0.8926
COL,USA,2019,va,0.250132,0.8926
COL,PRT,2019,va,0.002562,0.8926
COL,JPN,2019,va,0.02755,0.8926
COL,CAN,2019,va,0.020118,0.8926
COL,THA,2019,va,0.007505,0.8926
COL,EGY,2019,va,0.001359,0.8926
COL,IND,2019,va,0.018079,0.8926
COL,HUN,2019,va,0.001681,0.8926
COL,CHL,2019,va,0.010224,0.8926
COL,IDN,2019,va,0.004976,0.8926
COL,MEX,2019,va,0.046684,0.8926
COL,NLD,2019,va,0.008809,0.8926
COL,AUS,2019,va,0.007152,0.8926
COL,UKR,2019,va,0.000576,0.8926
COL,ARG,2019,va,0.015966,0.8926
COL,CHN,2019,va,0.166792,0.8926
COL,BRA,2019,va,0.042981,0.8926
COL,CHE,2019,va,0.013538,0.8926
COL,GBR,2019,va,0.023359,0.8926
COL,POL,2019,va,0.003479,0.8926
COL,KOR,2019,va,0.018497,0.8926
COL,DEU,2019,va,0.045124,0.8926
COL,SAU,2019,va,0.005444,0.8926
COL,HKG,2019,va,0.003239,0.8926
COL,ESP,2019,va,0.022306,0.8926
COL,ISR,2019,va,0.003301,0.8926
COL,FRA,2019,va,0.024915,0.8926
COL,FIN,2019,va,0.003114,0.8926
COL,ZAF,2019,va,0.001636,0.8926
COL,TWN,2019,va,0.009615,0.8926
COL,PHL,2019,va,0.002083,0.8926
COL,SWE,2019,va,0.004271,0.8926
COL,TUR,2019,va,0.007609,0.8926
COL,NOR,2019,va,0.003283,0.8926
COL,BEL,2019,va,0.005083,0.8926
COL,DNK,2019,va,0.003856,0.8926
COL,VNM,2021,va,0.00897,0.9011
COL,TUN,2021,va,0.000249,0.9011
COL,MYS,2021,va,0.004118,0.9011
COL,PHL,2021,va,0.001451,0.9011
COL,GBR,2021,va,0.018853,0.9011
COL,DNK,2021,va,0.00481,0.9011
COL,FIN,2021,va,0.003058,0.9011
COL,SAU,2021,va,0.005208,0.9011
COL,ZAF,2021,va,0.001663,0.9011
COL,ARG,2021,va,0.017697,0.9011
COL,TUR,2021,va,0.009302,0.9011
COL,PRT,2021,va,0.002509,0.9011
COL,NLD,2021,va,0.011839,0.9011
COL,CHL,2021,va,0.010548,0.9011
COL,BEL,2021,va,0.00516,0.9011
COL,CAN,2021,va,0.018839,0.9011
COL,HKG,2021,va,0.001731,0.9011
COL,HUN,2021,va,0.001693,0.9011
COL,CHN,2021,va,0.216713,0.9011
COL,KOR,2021,va,0.018166,0.9011
COL,UKR,2021,va,0.001001,0.9011
COL,RUS,2021,va,0.010561,0.9011
COL,IND,2021,va,0.019404,0.9011
COL,CHE,2021,va,0.011305,0.9011
COL,SWE,2021,va,0.005,0.9011
COL,ITA,2021,va,0.017749,0.9011
COL,AUS,2021,va,0.007207,0.9011
COL,THA,2021,va,0.00545,0.9011
COL,PER,2021,va,0.014189,0.9011
COL,ESP,2021,va,0.019808,0.9011
COL,POL,2021,va,0.00347,0.9011
COL,MEX,2021,va,0.039832,0.9011
COL,JPN,2021,va,0.023784,0.9011
COL,ISR,2021,va,0.003069,0.9011
COL,TWN,2021,va,0.011807,0.9011
COL,IDN,2021,va,0.006777,0.9011
COL,EGY,2021,va,0.001589,0.9011
COL,BRA,2021,va,0.043568,0.9011
COL,USA,2021,va,0.226935,0.9011
COL,NOR,2021,va,0.003158,0.9011
COL,FRA,2021,va,0.024318,0.9011
COL,DEU,2021,va,0.038553,0.9011
COL,NOR,2022,va,0.005588,0.8951
COL,HUN,2022,va,0.00136,0.8951
COL,TUN,2022,va,0.00024,0.8951
COL,NLD,2022,va,0.011966,0.8951
COL,JPN,2022,va,0.02061,0.8951
COL,FIN,2022,va,0.003608,0.8951
COL,CAN,2022,va,0.019653,0.8951
COL,RUS,2022,va,0.010676,0.8951
COL,SAU,2022,va,0.006309,0.8951
COL,IDN,2022,va,0.00662,0.8951
COL,IND,2022,va,0.01917,0.8951
COL,MEX,2022,va,0.035876,0.8951
COL,POL,2022,va,0.00347,0.8951
COL,DEU,2022,va,0.038165,0.8951
COL,MYS,2022,va,0.003756,0.8951
COL,PRT,2022,va,0.002383,0.8951
COL,VNM,2022,va,0.008955,0.8951
COL,BRA,2022,va,0.050136,0.8951
COL,SWE,2022,va,0.00475,0.8951
COL,ESP,2022,va,0.020602,0.8951
COL,DNK,2022,va,0.00629,0.8951
COL,ZAF,2022,va,0.001516,0.8951
COL,THA,2022,va,0.00541,0.8951
COL,UKR,2022,va,0.000436,0.8951
COL,PER,2022,va,0.013793,0.8951
COL,PHL,2022,va,0.001443,0.8951
COL,CHN,2022,va,0.204937,0.8951
COL,ARG,2022,va,0.016576,0.8951
COL,CHE,2022,va,0.011932,0.8951
COL,KOR,2022,va,0.015282,0.8951
COL,ITA,2022,va,0.018219,0.8951
COL,CHL,2022,va,0.01004,0.8951
COL,AUS,2022,va,0.00706,0.8951
COL,ISR,2022,va,0.003815,0.8951
COL,FRA,2022,va,0.025241,0.8951
COL,TWN,2022,va,0.010856,0.8951
COL,GBR,2022,va,0.021914,0.8951
COL,HKG,2022,va,0.001812,0.8951
COL,EGY,2022,va,0.001388,0.8951
COL,TUR,2022,va,0.008485,0.8951
COL,USA,2022,va,0.228687,0.8951
COL,BEL,2022,va,0.006113,0.8951
DEU,VNM,2019,va,0.004993,0.7992
DEU,IDN,2019,va,0.004108,0.7992
DEU,FRA,2019,va,0.059628,0.7992
DEU,AUS,2019,va,0.006559,0.7992
DEU,PHL,2019,va,0.003201,0.7992
DEU,SAU,2019,va,0.005577,0.7992
DEU,EGY,2019,va,0.002726,0.7992
DEU,USA,2019,va,0.111886,0.7992
DEU,PRT,2019,va,0.00546,0.7992
DEU,JPN,2019,va,0.028677,0.7992
DEU,ITA,2019,va,0.044006,0.7992
DEU,UKR,2019,va,0.002584,0.7992
DEU,TWN,2019,va,0.007884,0.7992
DEU,MYS,2019,va,0.005028,0.7992
DEU,HKG,2019,va,0.003034,0.7992
DEU,CHN,2019,va,0.087787,0.7992
DEU,POL,2019,va,0.038472,0.7992
DEU,NOR,2019,va,0.011234,0.7992
DEU,HUN,2019,va,0.011842,0.7992
DEU,FIN,2019,va,0.006608,0.7992
DEU,RUS,2019,va,0.039173,0.7992
DEU,CHE,2019,va,0.038521,0.7992
DEU,TUR,2019,va,0.013341,0.7992
DEU,COL,2019,va,0.001147,0.7992
DEU,BEL,2019,va,0.020411,0.7992
DEU,SWE,2019,va,0.013743,0.7992
DEU,MEX,2019,va,0.007098,0.7992
DEU,CAN,2019,va,0.009483,0.7992
DEU,CHL,2019,va,0.001705,0.7992
DEU,DNK,2019,va,0.010395,0.7992
DEU,ZAF,2019,va,0.005743,0.7992
DEU,PER,2019,va,0.0017,0.7992
DEU,THA,2019,va,0.00696,0.7992
DEU,GBR,2019,va,0.054991,0.7992
DEU,ARG,2019,va,0.001954,0.7992
DEU,ISR,2019,va,0.005351,0.7992
DEU,KOR,2019,va,0.013108,0.7992
DEU,TUN,2019,va,0.00101,0.7992
DEU,BRA,2019,va,0.008186,0.7992
DEU,IND,2019,va,0.014587,0.7992
DEU,NLD,2019,va,0.048778,0.7992
DEU,ESP,2019,va,0.030558,0.7992
DEU,HKG,2021,va,0.00235,0.8043
DEU,IND,2021,va,0.01526,0.8043
DEU,EGY,2021,va,0.002387,0.8043
DEU,GBR,2021,va,0.051122,0.8043
DEU,CHL,2021,va,0.00201,0.8043
DEU,BEL,2021,va,0.01974,0.8043
DEU,CAN,2021,va,0.010015,0.8043
DEU,SAU,2021,va,0.004087,0.8043
DEU,MEX,2021,va,0.006601,0.8043
DEU,FRA,2021,va,0.056393,0.8043
DEU,UKR,2021,va,0.003172,0.8043
DEU,VNM,2021,va,0.004766,0.8043
DEU,RUS,2021,va,0.032564,0.8043
DEU,MYS,2021,va,0.004279,0.8043
DEU,CHN,2021,va,0.11611,0.8043
DEU,ARG,2021,va,0.001482,0.8043
DEU,POL,2021,va,0.042627,0.8043
DEU,FIN,2021,va,0.005887,0.8043
DEU,THA,2021,va,0.004387,0.8043
DEU,ZAF,2021,va,0.006685,0.8043
DEU,BRA,2021,va,0.008874,0.8043
DEU,NOR,2021,va,0.012614,0.8043
DEU,DNK,2021,va,0.0107,0.8043
DEU,CHE,2021,va,0.036502,0.8043
DEU,SWE,2021,va,0.015339,0.8043
DEU,TUR,2021,va,0.014437,0.8043
DEU,PRT,2021,va,0.005068,0.8043
DEU,JPN,2021,va,0.025707,0.8043
DEU,ISR,2021,va,0.005914,0.8043
DEU,KOR,2021,va,0.013351,0.8043
DEU,TWN,2021,va,0.009776,0.8043
DEU,ESP,2021,va,0.029452,0.8043
DEU,AUS,2021,va,0.006608,0.8043
DEU,IDN,2021,va,0.004081,0.8043
DEU,USA,2021,va,0.102037,0.8043
DEU,NLD,2021,va,0.04895,0.8043
DEU,TUN,2021,va,0.000989,0.8043
DEU,PER,2021,va,0.00194,0.8043
DEU,PHL,2021,va,0.00233,0.8043
DEU,HUN,2021,va,0.011966,0.8043
DEU,ITA,2021,va,0.044361,0.8043
DEU,COL,2021,va,0.001384,0.8043
DEU,TUN,2022,va,0.001066,0.8008
DEU,FIN,2022,va,0.005385,0.8008
DEU,COL,2022,va,0.00196,0.8008
DEU,PER,2022,va,0.001828,0.8008
DEU,EGY,2022,va,0.002396,0.8008
DEU,USA,2022,va,0.112746,0.8008
DEU,TUR,2022,va,0.015325,0.8008
DEU,POL,2022,va,0.039108,0.8008
DEU,PRT,2022,va,0.005044,0.8008
DEU,KOR,2022,va,0.012297,0.8008
DEU,TWN,2022,va,0.010177,0.8008
DEU,VNM,2022,va,0.005134,0.8008
DEU,IND,2022,va,0.015863,0.8008
DEU,HKG,2022,va,0.001953,0.8008
DEU,ARG,2022,va,0.001764,0.8008
DEU,ESP,2022,va,0.028279,0.8008
DEU,JPN,2022,va,0.021906,0.8008
DEU,ISR,2022,va,0.005963,0.8008
DEU,AUS,2022,va,0.008685,0.8008
DEU,IDN,2022,va,0.004693,0.8008
DEU,GBR,2022,va,0.050775,0.8008
DEU,MEX,2022,va,0.006674,0.8008
DEU,FRA,2022,va,0.052405,0.8008
DEU,DNK,2022,va,0.010962,0.8008
DEU,CAN,2022,va,0.009603,0.8008
DEU,SWE,2022,va,0.012679,0.8008
DEU,NLD,2022,va,0.04078,0.8008
DEU,UKR,2022,va,0.002002,0.8008
DEU,ZAF,2022,va,0.005701,0.8008
DEU,SAU,2022,va,0.007195,0.8008
DEU,CHN,2022,va,0.116515,0.8008
DEU,NOR,2022,va,0.0258,0.8008
DEU,BEL,2022,va,0.018343,0.8008
DEU,PHL,2022,va,0.002542,0.8008
DEU,ITA,2022,va,0.039341,0.8008
DEU,THA,2022,va,0.004523,0.8008
DEU,RUS,2022,va,0.03377,0.8008
DEU,MYS,2022,va,0.004731,0.8008
DEU,BRA,2022,va,0.009466,0.8008
DEU,CHE,2022,va,0.033457,0.8008
DEU,HUN,2022,va,0.010252,0.8008
DEU,CHL,2022,va,0.001691,0.8008
DNK,HUN,2019,va,0.005714,0.8498
DNK,PHL,2019,va,0.002732,0.8498
DNK,CHN,2019,va,0.057779,0.8498
DNK,GBR,2019,va,0.067908,0.8498
DNK,ARG,2019,va,0.002775,0.8498
DNK,CHE,2019,va,0.021029,0.8498
DNK,DEU,2019,va,0.143537,0.8498
DNK,COL,2019,va,0.001013,0.8498
DNK,VNM,2019,va,0.003089,0.8498
DNK,RUS,2019,va,0.024996,0.8498
DNK,HKG,2019,va,0.002916,0.8498
DNK,EGY,2019,va,0.004954,0.8498
DNK,CAN,2019,va,0.008984,0.8498
DNK,CHL,2019,va,0.002236,0.8498
DNK,ZAF,2019,va,0.00324,0.8498
DNK,IDN,2019,va,0.003331,0.8498
DNK,USA,2019,va,0.082728,0.8498
DNK,NOR,2019,va,0.028691,0.8498
DNK,FIN,2019,va,0.011117,0.8498
DNK,BEL,2019,va,0.020183,0.8498
DNK,SWE,2019,va,0.085398,0.8498
DNK,TUR,2019,va,0.008776,0.8498
DNK,MEX,2019,va,0.005028,0.8498
DNK,NLD,2019,va,0.04856,0.8498
DNK,ISR,2019,va,0.002745,0.8498
DNK,KOR,2019,va,0.00725,0.8498
DNK,SAU,2019,va,0.004134,0.8498
DNK,PRT,2019,va,0.004266,0.8498
DNK,JPN,2019,va,0.014311,0.8498
DNK,ITA,2019,va,0.027646,0.8498
DNK,UKR,2019,va,0.002014,0.8498
DNK,TWN,2019,va,0.004906,0.8498
DNK,THA,2019,va,0.006376,0.8498
DNK,IND,2019,va,0.016028,0.8498
DNK,BRA,2019,va,0.006072,0.8498
DNK,ESP,2019,va,0.027947,0.8498
DNK,AUS,2019,va,0.005354,0.8498
DNK,TUN,2019,va,0.000379,0.8498
DNK,PER,2019,va,0.001355,0.8498
DNK,MYS,2019,va,0.003872,0.8498
DNK,POL,2019,va,0.030591,0.8498
DNK,FRA,2019,va,0.037846,0.8498
DNK,ZAF,2021,va,0.003325,0.8586
DNK,BRA,2021,va,0.006219,0.8586
DNK,POL,2021,va,0.033337,0.8586
DNK,DEU,2021,va,0.141556,0.8586
DNK,RUS,2021,va,0.026767,0.8586
DNK,MYS,2021,va,0.003041,0.8586
DNK,IND,2021,va,0.017031,0.8586
DNK,EGY,2021,va,0.005658,0.8586
DNK,HKG,2021,va,0.002669,0.8586
DNK,MEX,2021,va,0.005585,0.8586
DNK,PRT,2021,va,0.004366,0.8586
DNK,FRA,2021,va,0.037445,0.8586
DNK,CAN,2021,va,0.00854,0.8586
DNK,SAU,2021,va,0.003996,0.8586
DNK,ARG,2021,va,0.002077,0.8586
DNK,CHE,2021,va,0.017865,0.8586
DNK,UKR,2021,va,0.002235,0.8586
DNK,TUN,2021,va,0.000297,0.8586
DNK,CHN,2021,va,0.075839,0.8586
DNK,USA,2021,va,0.073485,0.8586
DNK,GBR,2021,va,0.05945,0.8586
DNK,ITA,2021,va,0.029176,0.8586
DNK,PER,2021,va,0.001311,0.8586
DNK,TUR,2021,va,0.009383,0.8586
DNK,SWE,2021,va,0.096701,0.8586
DNK,ESP,2021,va,0.025283,0.8586
DNK,NOR,2021,va,0.032849,0.8586
DNK,FIN,2021,va,0.011455,0.8586
DNK,KOR,2021,va,0.008049,0.8586
DNK,COL,2021,va,0.000901,0.8586
DNK,IDN,2021,va,0.002618,0.8586
DNK,NLD,2021,va,0.048013,0.8586
DNK,ISR,2021,va,0.003007,0.8586
DNK,CHL,2021,va,0.002041,0.8586
DNK,VNM,2021,va,0.002322,0.8586
DNK,PHL,2021,va,0.002106,0.8586
DNK,JPN,2021,va,0.011441,0.8586
DNK,BEL,2021,va,0.021234,0.8586
DNK,THA,2021,va,0.003547,0.8586
DNK,TWN,2021,va,0.005768,0.8586
DNK,HUN,2021,va,0.005332,0.8586
DNK,AUS,2021,va,0.005317,0.8586
DNK,SWE,2022,va,0.08615,0.8493
DNK,UKR,2022,va,0.001419,0.8493
DNK,THA,2022,va,0.003739,0.8493
DNK,MYS,2022,va,0.003324,0.8493
DNK,BRA,2022,va,0.00786,0.8493
DNK,USA,2022,va,0.077746,0.8493
DNK,PRT,2022,va,0.004677,0.8493
DNK,KOR,2022,va,0.008049,0.8493
DNK,DEU,2022,va,0.134825,0.8493
DNK,FRA,2022,va,0.03615,0.8493
DNK,COL,2022,va,0.001235,0.8493
DNK,AUS,2022,va,0.005612,0.8493
DNK,TUN,2022,va,0.000372,0.8493
DNK,PER,2022,va,0.001328,0.8493
DNK,IDN,2022,va,0.003666,0.8493
DNK,IND,2022,va,0.020961,0.8493
DNK,CHE,2022,va,0.018445,0.8493
DNK,ITA,2022,va,0.027281,0.8493
DNK,JPN,2022,va,0.010878,0.8493
DNK,CHL,2022,va,0.002075,0.8493
DNK,FIN,2022,va,0.010497,0.8493
DNK,TWN,2022,va,0.006595,0.8493
DNK,EGY,2022,va,0.005644,0.8493
DNK,BEL,2022,va,0.020903,0.8493
DNK,SAU,2022,va,0.006153,0.8493
DNK,ESP,2022,va,0.026992,0.8493
DNK,TUR,2022,va,0.009488,0.8493
DNK,NLD,2022,va,0.04463,0.8493
DNK,CAN,2022,va,0.009117,0.8493
DNK,PHL,2022,va,0.002473,0.8493
DNK,ARG,2022,va,0.002529,0.8493
DNK,POL,2022,va,0.034322,0.8493
DNK,MEX,2022,va,0.006261,0.8493
DNK,ISR,2022,va,0.003309,0.8493
DNK,VNM,2022,va,0.002691,0.8493
DNK,ZAF,2022,va,0.003238,0.8493
DNK,RUS,2022,va,0.017498,0.8493
DNK,HKG,2022,va,0.00287,0.8493
DNK,GBR,2022,va,0.06147,0.8493
DNK,NOR,2022,va,0.037629,0.8493
DNK,HUN,2022,va,0.005187,0.8493
DNK,CHN,2022,va,0.074013,0.8493
EGY,VNM,2019,va,0.006638,0.7996
EGY,RUS,2019,va,0.046285,0.7996
EGY,MYS,2019,va,0.005535,0.7996
EGY,SWE,2019,va,0.010974,0.7996
EGY,CHE,2019,va,0.016213,0.7996
EGY,JPN,2019,va,0.019989,0.7996
EGY,SAU,2019,va,0.056799,0.7996
EGY,TUR,2019,va,0.035041,0.7996
EGY,MEX,2019,va,0.004478,0.7996
EGY,UKR,2019,va,0.013443,0.7996
EGY,BRA,2019,va,0.024727,0.7996
EGY,NLD,2019,va,0.016459,0.7996
EGY,ESP,2019,va,0.020244,0.7996
EGY,AUS,2019,va,0.008154,0.7996
EGY,TWN,2019,va,0.006665,0.7996
EGY,PHL,2019,va,0.001719,0.7996
EGY,GBR,2019,va,0.030625,0.7996
EGY,ARG,2019,va,0.009937,0.7996
EGY,PRT,2019,va,0.003795,0.7996
EGY,FRA,2019,va,0.029356,0.7996
EGY,FIN,2019,va,0.008097,0.7996
EGY,DNK,2019,va,0.006086,0.7996
EGY,ZAF,2019,va,0.002263,0.7996
EGY,HUN,2019,va,0.002412,0.7996
EGY,CHN,2019,va,0.106784,0.7996
EGY,USA,2019,va,0.099821,0.7996
EGY,ITA,2019,va,0.03382,0.7996
EGY,NOR,2019,va,0.008252,0.7996
EGY,ISR,2019,va,0.003286,0.7996
EGY,CHL,2019,va,0.00126,0.7996
EGY,COL,2019,va,0.001115,0.7996
EGY,CAN,2019,va,0.007144,0.7996
EGY,PER,2019,va,0.000943,0.7996
EGY,HKG,2019,va,0.001699,0.7996
EGY,IND,2019,va,0.036249,0.7996
EGY,POL,2019,va,0.008783,0.7996
EGY,DEU,2019,va,0.054002,0.7996
EGY,TUN,2019,va,0.001021,0.7996
EGY,THA,2019,va,0.010312,0.7996
EGY,IDN,2019,va,0.012753,0.7996
EGY,KOR,2019,va,0.016389,0.7996
EGY,BEL,2019,va,0.009998,0.7996
EGY,PHL,2021,va,0.001153,0.8199
EGY,PRT,2021,va,0.003177,0.8199
EGY,DNK,2021,va,0.009275,0.8199
EGY,THA,2021,va,0.008893,0.8199
EGY,MYS,2021,va,0.005483,0.8199
EGY,ISR,2021,va,0.003383,0.8199
EGY,COL,2021,va,0.001605,0.8199
EGY,CHL,2021,va,0.001588,0.8199
EGY,TWN,2021,va,0.00734,0.8199
EGY,HKG,2021,va,0.001126,0.8199
EGY,SWE,2021,va,0.011285,0.8199
EGY,ITA,2021,va,0.032025,0.8199
EGY,FRA,2021,va,0.029874,0.8199
EGY,CHE,2021,va,0.014677,0.8199
EGY,HUN,2021,va,0.002506,0.8199
EGY,ZAF,2021,va,0.002524,0.8199
EGY,ARG,2021,va,0.011232,0.8199
EGY,BRA,2021,va,0.01796,0.8199
EGY,USA,2021,va,0.091841,0.8199
EGY,ESP,2021,va,0.018572,0.8199
EGY,MEX,2021,va,0.004852,0.8199
EGY,NOR,2021,va,0.008679,0.8199
EGY,JPN,2021,va,0.016642,0.8199
EGY,FIN,2021,va,0.007579,0.8199
EGY,VNM,2021,va,0.005086,0.8199
EGY,TUN,2021,va,0.000783,0.8199
EGY,IDN,2021,va,0.017357,0.8199
EGY,CHN,2021,va,0.13618,0.8199
EGY,GBR,2021,va,0.029593,0.8199
EGY,BEL,2021,va,0.011076,0.8199
EGY,CAN,2021,va,0.007698,0.8199
EGY,PER,2021,va,0.001243,0.8199
EGY,IND,2021,va,0.035934,0.8199
EGY,NLD,2021,va,0.015963,0.8199
EGY,POL,2021,va,0.00862,0.8199
EGY,DEU,2021,va,0.049565,0.8199
EGY,UKR,2021,va,0.012526,0.8199
EGY,SAU,2021,va,0.076003,0.8199
EGY,RUS,2021,va,0.035214,0.8199
EGY,TUR,2021,va,0.036424,0.8199
EGY,KOR,2021,va,0.017096,0.8199
EGY,AUS,2021,va,0.01025,0.8199
EGY,RUS,2022,va,0.052837,0.804
EGY,PHL,2022,va,0.001269,0.804
EGY,BRA,2022,va,0.026136,0.804
EGY,HUN,2022,va,0.001921,0.804
EGY,VNM,2022,va,0.004069,0.804
EGY,THA,2022,va,0.008658,0.804
EGY,PER,2022,va,0.001157,0.804
EGY,CHN,2022,va,0.11807,0.804
EGY,CHE,2022,va,0.014587,0.804
EGY,DNK,2022,va,0.010821,0.804
EGY,CAN,2022,va,0.007741,0.804
EGY,ZAF,2022,va,0.002697,0.804
EGY,HKG,2022,va,0.001218,0.804
EGY,USA,2022,va,0.096393,0.804
EGY,ARG,2022,va,0.006896,0.804
EGY,POL,2022,va,0.008468,0.804
EGY,KOR,2022,va,0.015223,0.804
EGY,MEX,2022,va,0.004764,0.804
EGY,COL,2022,va,0.002412,0.804
EGY,TWN,2022,va,0.006998,0.804
EGY,IDN,2022,va,0.016302,0.804
EGY,IND,2022,va,0.040339,0.804
EGY,GBR,2022,va,0.02881,0.804
EGY,TUR,2022,va,0.032124,0.804
EGY,PRT,2022,va,0.002558,0.804
EGY,ITA,2022,va,0.027975,0.804
EGY,SAU,2022,va,0.075559,0.804
EGY,MYS,2022,va,0.007266,0.804
EGY,ESP,2022,va,0.016288,0.804
EGY,DEU,2022,va,0.044902,0.804
EGY,CHL,2022,va,0.001231,0.804
EGY,SWE,2022,va,0.010923,0.804
EGY,NLD,2022,va,0.01499,0.804
EGY,BEL,2022,va,0.008922,0.804
EGY,NOR,2022,va,0.010379,0.804
EGY,AUS,2022,va,0.009691,0.804
EGY,TUN,2022,va,0.000652,0.804
EGY,UKR,2022,va,0.00568,0.804
EGY,JPN,2022,va,0.013912,0.804
EGY,ISR,2022,va,0.006629,0.804
EGY,FRA,2022,va,0.029854,0.804
EGY,FIN,2022,va,0.006706,0.804
ESP,RUS,2019,va,0.017857,0.8171
ESP,ITA,2019,va,0.056058,0.8171
ESP,NOR,2019,va,0.008587,0.8171
ESP,FRA,2019,va,0.09023,0.8171
ESP,FIN,2019,va,0.004765,0.8171
ESP,TUN,2019,va,0.001733,0.8171
ESP,PHL,2019,va,0.002178,0.8171
ESP,TWN,2019,va,0.005066,0.8171
ESP,IND,2019,va,0.016227,0.8171
ESP,BRA,2019,va,0.010819,0.8171
ESP,GBR,2019,va,0.05368,0.8171
ESP,DNK,2019,va,0.006913,0.8171
ESP,PRT,2019,va,0.023506,0.8171
ESP,DEU,2019,va,0.11193,0.8171
ESP,SAU,2019,va,0.012986,0.8171
ESP,EGY,2019,va,0.003533,0.8171
ESP,ARG,2019,va,0.005397,0.8171
ESP,JPN,2019,va,0.019335,0.8171
ESP,ZAF,2019,va,0.003608,0.8171
ESP,UKR,2019,va,0.003916,0.8171
ESP,VNM,2019,va,0.005414,0.8171
ESP,IDN,2019,va,0.006975,0.8171
ESP,SWE,2019,va,0.010551,0.8171
ESP,TUR,2019,va,0.016707,0.8171
ESP,MEX,2019,va,0.010465,0.8171
ESP,NLD,2019,va,0.03007,0.8171
ESP,ISR,2019,va,0.004676,0.8171
ESP,CAN,2019,va,0.007638,0.8171
ESP,COL,2019,va,0.002861,0.8171
ESP,PER,2019,va,0.003503,0.8171
ESP,MYS,2019,va,0.003654,0.8171
ESP,USA,2019,va,0.086308,0.8171
ESP,AUS,2019,va,0.005766,0.8171
ESP,THA,2019,va,0.006142,0.8171
ESP,HKG,2019,va,0.001915,0.8171
ESP,CHN,2019,va,0.085799,0.8171
ESP,CHE,2019,va,0.018998,0.8171
ESP,POL,2019,va,0.016635,0.8171
ESP,KOR,2019,va,0.010635,0.8171
ESP,HUN,2019,va,0.005956,0.8171
ESP,CHL,2019,va,0.00287,0.8171
ESP,BEL,2019,va,0.015269,0.8171
ESP,VNM,2021,va,0.004601,0.8283
ESP,TUN,2021,va,0.0015,0.8283
ESP,PER,2021,va,0.003267,0.8283
ESP,CHN,2021,va,0.108508,0.8283
ESP,GBR,2021,va,0.045798,0.8283
ESP,MYS,2021,va,0.002806,0.8283
ESP,ITA,2021,va,0.054424,0.8283
ESP,HUN,2021,va,0.005147,0.8283
ESP,IDN,2021,va,0.006874,0.8283
ESP,ARG,2021,va,0.00557,0.8283
ESP,SWE,2021,va,0.012192,0.8283
ESP,JPN,2021,va,0.014331,0.8283
ESP,THA,2021,va,0.003462,0.8283
ESP,CHE,2021,va,0.035239,0.8283
ESP,BEL,2021,va,0.016387,0.8283
ESP,USA,2021,va,0.076534,0.8283
ESP,NLD,2021,va,0.031265,0.8283
ESP,FRA,2021,va,0.086394,0.8283
ESP,TWN,2021,va,0.005836,0.8283
ESP,SAU,2021,va,0.009687,0.8283
ESP,ZAF,2021,va,0.004004,0.8283
ESP,HKG,2021,va,0.001033,0.8283
ESP,IND,2021,va,0.018228,0.8283
ESP,ISR,2021,va,0.00472,0.8283
ESP,DEU,2021,va,0.104958,0.8283
ESP,CHL,2021,va,0.002689,0.8283
ESP,CAN,2021,va,0.008025,0.8283
ESP,PHL,2021,va,0.001675,0.8283
ESP,EGY,2021,va,0.003522,0.8283
ESP,POL,2021,va,0.016797,0.8283
ESP,MEX,2021,va,0.009852,0.8283
ESP,DNK,2021,va,0.007241,0.8283
ESP,FIN,2021,va,0.004913,0.8283
ESP,AUS,2021,va,0.00542,0.8283
ESP,UKR,2021,va,0.003986,0.8283
ESP,RUS,2021,va,0.022966,0.8283
ESP,BRA,2021,va,0.012642,0.8283
ESP,TUR,2021,va,0.019104,0.8283
ESP,NOR,2021,va,0.009032,0.8283
ESP,PRT,2021,va,0.024693,0.8283
ESP,KOR,2021,va,0.009917,0.8283
ESP,COL,2021,va,0.003065,0.8283
ESP,RUS,2022,va,0.019259,0.8223
ESP,SAU,2022,va,0.012709,0.8223
ESP,SWE,2022,va,0.011168,0.8223
ESP,DEU,2022,va,0.09613,0.8223
ESP,TWN,2022,va,0.006349,0.8223
ESP,MYS,2022,va,0.003262,0.8223
ESP,COL,2022,va,0.003422,0.8223
ESP,IDN,2022,va,0.007106,0.8223
ESP,TUR,2022,va,0.018635,0.8223
ESP,HUN,2022,va,0.004657,0.8223
ESP,BEL,2022,va,0.015527,0.8223
ESP,CHE,2022,va,0.026379,0.8223
ESP,PRT,2022,va,0.022354,0.8223
ESP,EGY,2022,va,0.004323,0.8223
ESP,USA,2022,va,0.089476,0.8223
ESP,ARG,2022,va,0.005732,0.8223
ESP,CHL,2022,va,0.002266,0.8223
ESP,CHN,2022,va,0.11913,0.8223
ESP,ITA,2022,va,0.051684,0.8223
ESP,AUS,2022,va,0.006225,0.8223
ESP,PER,2022,va,0.00342,0.8223
ESP,PHL,2022,va,0.0018,0.8223
ESP,BRA,2022,va,0.016272,0.8223
ESP,JPN,2022,va,0.013375,0.8223
ESP,TUN,2022,va,0.001943,0.8223
ESP,UKR,2022,va,0.003387,0.8223
ESP,ZAF,2022,va,0.003802,0.8223
ESP,IND,2022,va,0.019471,0.8223
ESP,HKG,2022,va,0.00092,0.8223
ESP,GBR,2022,va,0.042833,0.8223
ESP,MEX,2022,va,0.007985,0.8223
ESP,NOR,2022,va,0.011431,0.8223
ESP,POL,2022,va,0.017174,0.8223
ESP,ISR,2022,va,0.005154,0.8223
ESP,FIN,2022,va,0.0046,0.8223
ESP,CAN,2022,va,0.00868,0.8223
ESP,VNM,2022,va,0.005322,0.8223
ESP,THA,2022,va,0.003663,0.8223
ESP,NLD,2022,va,0.026961,0.8223
ESP,KOR,2022,va,0.009393,0.8223
ESP,FRA,2022,va,0.081434,0.8223
ESP,DNK,2022,va,0.007478,0.8223
FIN,GBR,2019,va,0.049201,0.8605
FIN,ARG,2019,va,0.002521,0.8605
FIN,PRT,2019,va,0.004624,0.8605
FIN,POL,2019,va,0.028011,0.8605
FIN,ISR,2019,va,0.003424,0.8605
FIN,RUS,2019,va,0.062014,0.8605
FIN,PER,2019,va,0.001082,0.8605
FIN,MYS,2019,va,0.003804,0.8605
FIN,USA,2019,va,0.093794,0.8605
FIN,ESP,2019,va,0.020545,0.8605
FIN,DEU,2019,va,0.120658,0.8605
FIN,COL,2019,va,0.000903,0.8605
FIN,SAU,2019,va,0.003236,0.8605
FIN,PHL,2019,va,0.00236,0.8605
FIN,BRA,2019,va,0.00675,0.8605
FIN,SWE,2019,va,0.086091,0.8605
FIN,TUR,2019,va,0.008279,0.8605
FIN,JPN,2019,va,0.017367,0.8605
FIN,TUN,2019,va,0.000354,0.8605
FIN,TWN,2019,va,0.005628,0.8605
FIN,THA,2019,va,0.005529,0.8605
FIN,IND,2019,va,0.023033,0.8605
FIN,HKG,2019,va,0.00238,0.8605
FIN,IDN,2019,va,0.003528,0.8605
FIN,ITA,2019,va,0.02691,0.8605
FIN,NOR,2019,va,0.024157,0.8605
FIN,FRA,2019,va,0.03737,0.8605
FIN,VNM,2019,va,0.003306,0.8605
FIN,EGY,2019,va,0.002141,0.8605
FIN,MEX,2019,va,0.004372,0.8605
FIN,NLD,2019,va,0.036465,0.8605
FIN,CAN,2019,va,0.008645,0.8605
FIN,BEL,2019,va,0.016046,0.8605
FIN,HUN,2019,va,0.005315,0.8605
FIN,AUS,2019,va,0.004567,0.8605
FIN,UKR,2019,va,0.00157,0.8605
FIN,ZAF,2019,va,0.003095,0.8605
FIN,CHN,2019,va,0.07647,0.8605
FIN,CHE,2019,va,0.014947,0.8605
FIN,KOR,2019,va,0.010658,0.8605
FIN,CHL,2019,va,0.001971,0.8605
FIN,DNK,2019,va,0.027386,0.8605
FIN,CHN,2021,va,0.102378,0.8612
FIN,ESP,2021,va,0.020116,0.8612
FIN,POL,2021,va,0.030016,0.8612
FIN,NLD,2021,va,0.035835,0.8612
FIN,JPN,2021,va,0.015694,0.8612
FIN,FRA,2021,va,0.0318,0.8612
FIN,AUS,2021,va,0.004512,0.8612
FIN,PER,2021,va,0.001041,0.8612
FIN,ISR,2021,va,0.003849,0.8612
FIN,CAN,2021,va,0.008022,0.8612
FIN,TWN,2021,va,0.007048,0.8612
FIN,EGY,2021,va,0.001529,0.8612
FIN,KOR,2021,va,0.012309,0.8612
FIN,BEL,2021,va,0.016226,0.8612
FIN,GBR,2021,va,0.046877,0.8612
FIN,HUN,2021,va,0.004945,0.8612
FIN,ITA,2021,va,0.026706,0.8612
FIN,COL,2021,va,0.000716,0.8612
FIN,UKR,2021,va,0.001932,0.8612
FIN,MYS,2021,va,0.003559,0.8612
FIN,PHL,2021,va,0.001878,0.8612
FIN,USA,2021,va,0.084,0.8612
FIN,DNK,2021,va,0.026861,0.8612
FIN,VNM,2021,va,0.003802,0.8612
FIN,TUN,2021,va,0.000247,0.8612
FIN,SAU,2021,va,0.002767,0.8612
FIN,ZAF,2021,va,0.00369,0.8612
FIN,HKG,2021,va,0.001446,0.8612
FIN,ARG,2021,va,0.001576,0.8612
FIN,CHE,2021,va,0.013908,0.8612
FIN,SWE,2021,va,0.088295,0.8612
FIN,MEX,2021,va,0.003824,0.8612
FIN,THA,2021,va,0.003564,0.8612
FIN,RUS,2021,va,0.056904,0.8612
FIN,IND,2021,va,0.025595,0.8612
FIN,IDN,2021,va,0.003301,0.8612
FIN,BRA,2021,va,0.005085,0.8612
FIN,TUR,2021,va,0.00867,0.8612
FIN,NOR,2021,va,0.02787,0.8612
FIN,PRT,2021,va,0.004192,0.8612
FIN,DEU,2021,va,0.116621,0.8612
FIN,CHL,2021,va,0.001945,0.8612
FIN,PER,2022,va,0.001058,0.8541
FIN,PHL,2022,va,0.001932,0.8541
FIN,EGY,2022,va,0.00187,0.8541
FIN,SWE,2022,va,0.082866,0.8541
FIN,CHL,2022,va,0.001225,0.8541
FIN,ZAF,2022,va,0.003505,0.8541
FIN,CHE,2022,va,0.013783,0.8541
FIN,PRT,2022,va,0.004129,0.8541
FIN,AUS,2022,va,0.006972,0.8541
FIN,HKG,2022,va,0.001843,0.8541
FIN,CHN,2022,va,0.094353,0.8541
FIN,ARG,2022,va,0.002145,0.8541
FIN,JPN,2022,va,0.01361,0.8541
FIN,FRA,2022,va,0.029998,0.8541
FIN,DNK,2022,va,0.026194,0.8541
FIN,COL,2022,va,0.001306,0.8541
FIN,RUS,2022,va,0.046967,0.8541
FIN,IDN,2022,va,0.003892,0.8541
FIN,GBR,2022,va,0.046147,0.8541
FIN,TWN,2022,va,0.007524,0.8541
FIN,POL,2022,va,0.030206,0.8541
FIN,NLD,2022,va,0.033279,0.8541
FIN,KOR,2022,va,0.010882,0.8541
FIN,ISR,2022,va,0.004317,0.8541
FIN,UKR,2022,va,0.001157,0.8541
FIN,SAU,2022,va,0.004606,0.8541
FIN,TUR,2022,va,0.00936,0.8541
FIN,MEX,2022,va,0.003863,0.8541
FIN,NOR,2022,va,0.049612,0.8541
FIN,HUN,2022,va,0.004396,0.8541
FIN,ITA,2022,va,0.024903,0.8541
FIN,THA,2022,va,0.003647,0.8541
FIN,VNM,2022,va,0.003714,0.8541
FIN,MYS,2022,va,0.003594,0.8541
FIN,BRA,2022,va,0.006332,0.8541
FIN,DEU,2022,va,0.103138,0.8541
FIN,BEL,2022,va,0.01545,0.8541
FIN,TUN,2022,va,0.000252,0.8541
FIN,IND,2022,va,0.026437,0.8541
FIN,ESP,2022,va,0.020865,0.8541
FIN,USA,2022,va,0.093947,0.8541
FIN,CAN,2022,va,0.00883,0.8541
FRA,UKR,2019,va,0.001639,0.8305
FRA,ZAF,2019,va,0.002688,0.8305
FRA,EGY,2019,va,0.003129,0.8305
FRA,IND,2019,va,0.01777,0.8305
FRA,KOR,2019,va,0.009511,0.8305
FRA,BEL,2019,va,0.033915,0.8305
FRA,TUN,2019,va,0.003796,0.8305
FRA,RUS,2019,va,0.020737,0.8305
FRA,POL,2019,va,0.019832,0.8305
FRA,DNK,2019,va,0.006539,0.8305
FRA,FIN,2019,va,0.004656,0.8305
FRA,THA,2019,va,0.006989,0.8305
FRA,CHN,2019,va,0.080804,0.8305
FRA,HKG,2019,va,0.00295,0.8305
FRA,BRA,2019,va,0.006743,0.8305
FRA,CHE,2019,va,0.027339,0.8305
FRA,TUR,2019,va,0.013432,0.8305
FRA,HUN,2019,va,0.005167,0.8305
FRA,MEX,2019,va,0.005841,0.8305
FRA,COL,2019,va,0.000992,0.8305
FRA,TWN,2019,va,0.005604,0.8305
FRA,IDN,2019,va,0.003901,0.8305
FRA,SWE,2019,va,0.013101,0.8305
FRA,NLD,2019,va,0.034854,0.8305
FRA,NOR,2019,va,0.010249,0.8305
FRA,AUS,2019,va,0.005633,0.8305
FRA,PHL,2019,va,0.002262,0.8305
FRA,SAU,2019,va,0.012758,0.8305
FRA,GBR,2019,va,0.059562,0.8305
FRA,ARG,2019,va,0.001529,0.8305
FRA,PRT,2019,va,0.010082,0.8305
FRA,ISR,2019,va,0.004777,0.8305
FRA,DEU,2019,va,0.123847,0.8305
FRA,VNM,2019,va,0.004895,0.8305
FRA,PER,2019,va,0.001433,0.8305
FRA,MYS,2019,va,0.003654,0.8305
FRA,USA,2019,va,0.103672,0.8305
FRA,ESP,2019,va,0.05528,0.8305
FRA,JPN,2019,va,0.024901,0.8305
FRA,ITA,2019,va,0.061,0.8305
FRA,CHL,2019,va,0.001494,0.8305
FRA,CAN,2019,va,0.011551,0.8305
FRA,UKR,2021,va,0.001906,0.8437
FRA,VNM,2021,va,0.003249,0.8437
FRA,SAU,2021,va,0.00934,0.8437
FRA,RUS,2021,va,0.022455,0.8437
FRA,CHN,2021,va,0.081862,0.8437
FRA,CHE,2021,va,0.029454,0.8437
FRA,KOR,2021,va,0.010226,0.8437
FRA,CAN,2021,va,0.01007,0.8437
FRA,TUN,2021,va,0.003486,0.8437
FRA,ARG,2021,va,0.001352,0.8437
FRA,DNK,2021,va,0.007855,0.8437
FRA,FIN,2021,va,0.004411,0.8437
FRA,ZAF,2021,va,0.002153,0.8437
FRA,PRT,2021,va,0.010234,0.8437
FRA,POL,2021,va,0.021983,0.8437
FRA,CHL,2021,va,0.001342,0.8437
FRA,HUN,2021,va,0.004838,0.8437
FRA,COL,2021,va,0.000899,0.8437
FRA,THA,2021,va,0.003168,0.8437
FRA,PER,2021,va,0.001197,0.8437
FRA,PHL,2021,va,0.001258,0.8437
FRA,IND,2021,va,0.018357,0.8437
FRA,ITA,2021,va,0.06511,0.8437
FRA,HKG,2021,va,0.002291,0.8437
FRA,USA,2021,va,0.079313,0.8437
FRA,NOR,2021,va,0.016719,0.8437
FRA,JPN,2021,va,0.017475,0.8437
FRA,TWN,2021,va,0.005079,0.8437
FRA,MYS,2021,va,0.00244,0.8437
FRA,GBR,2021,va,0.058303,0.8437
FRA,NLD,2021,va,0.04946,0.8437
FRA,ISR,2021,va,0.005101,0.8437
FRA,BEL,2021,va,0.042897,0.8437
FRA,IDN,2021,va,0.002972,0.8437
FRA,EGY,2021,va,0.003134,0.8437
FRA,BRA,2021,va,0.005601,0.8437
FRA,SWE,2021,va,0.015331,0.8437
FRA,ESP,2021,va,0.060193,0.8437
FRA,TUR,2021,va,0.013246,0.8437
FRA,MEX,2021,va,0.004757,0.8437
FRA,DEU,2021,va,0.138289,0.8437
FRA,AUS,2021,va,0.004916,0.8437
FRA,PRT,2022,va,0.009567,0.8376
FRA,AUS,2022,va,0.005954,0.8376
FRA,TUN,2022,va,0.003299,0.8376
FRA,TWN,2022,va,0.005469,0.8376
FRA,UKR,2022,va,0.001187,0.8376
FRA,EGY,2022,va,0.003306,0.8376
FRA,ISR,2022,va,0.005545,0.8376
FRA,CAN,2022,va,0.009985,0.8376
FRA,VNM,2022,va,0.00349,0.8376
FRA,CHE,2022,va,0.028417,0.8376
FRA,GBR,2022,va,0.057646,0.8376
FRA,TUR,2022,va,0.012621,0.8376
FRA,POL,2022,va,0.021167,0.8376
FRA,NLD,2022,va,0.042739,0.8376
FRA,JPN,2022,va,0.013845,0.8376
FRA,CHL,2022,va,0.00127,0.8376
FRA,IDN,2022,va,0.003519,0.8376
FRA,IND,2022,va,0.019859,0.8376
FRA,BEL,2022,va,0.041417,0.8376
FRA,SAU,2022,va,0.015269,0.8376
FRA,MYS,2022,va,0.002745,0.8376
FRA,CHN,2022,va,0.078953,0.8376
FRA,BRA,2022,va,0.006982,0.8376
FRA,SWE,2022,va,0.01412,0.8376
FRA,KOR,2022,va,0.009874,0.8376
FRA,ITA,2022,va,0.057999,0.8376
FRA,NOR,2022,va,0.026836,0.8376
FRA,HUN,2022,va,0.004394,0.8376
FRA,PHL,2022,va,0.001471,0.8376
FRA,RUS,2022,va,0.026359,0.8376
FRA,MEX,2022,va,0.004807,0.8376
FRA,DNK,2022,va,0.009402,0.8376
FRA,ZAF,2022,va,0.002001,0.8376
FRA,THA,2022,va,0.003256,0.8376
FRA,PER,2022,va,0.001167,0.8376
FRA,HKG,2022,va,0.002046,0.8376
FRA,ARG,2022,va,0.001722,0.8376
FRA,ESP,2022,va,0.059329,0.8376
FRA,USA,2022,va,0.087939,0.8376
FRA,DEU,2022,va,0.125442,0.8376
FRA,FIN,2022,va,0.00405,0.8376
FRA,COL,2022,va,0.001148,0.8376
GBR,VNM,2019,va,0.006027,0.8412
GBR,CHE,2019,va,0.012509,0.8412
GBR,MEX,2019,va,0.006051,0.8412
GBR,ISR,2019,va,0.00541,0.8412
GBR,CAN,2019,va,0.017011,0.8412
GBR,CHL,2019,va,0.001506,0.8412
GBR,TUN,2019,va,0.000562,0.8412
GBR,PER,2019,va,0.001499,0.8412
GBR,THA,2019,va,0.009299,0.8412
GBR,IDN,2019,va,0.004222,0.8412
GBR,CHN,2019,va,0.092084,0.8412
GBR,PRT,2019,va,0.006921,0.8412
GBR,KOR,2019,va,0.011743,0.8412
GBR,BEL,2019,va,0.020602,0.8412
GBR,AUS,2019,va,0.009746,0.8412
GBR,RUS,2019,va,0.021197,0.8412
GBR,MYS,2019,va,0.004594,0.8412
GBR,EGY,2019,va,0.002888,0.8412
GBR,COL,2019,va,0.001328,0.8412
GBR,ZAF,2019,va,0.004336,0.8412
GBR,BRA,2019,va,0.005829,0.8412
GBR,IND,2019,va,0.022425,0.8412
GBR,FIN,2019,va,0.004322,0.8412
GBR,SAU,2019,va,0.008969,0.8412
GBR,HKG,2019,va,0.007456,0.8412
GBR,USA,2019,va,0.138472,0.8412
GBR,ITA,2019,va,0.039372,0.8412
GBR,NOR,2019,va,0.023197,0.8412
GBR,HUN,2019,va,0.004223,0.8412
GBR,SWE,2019,va,0.012601,0.8412
GBR,TUR,2019,va,0.014559,0.8412
GBR,DNK,2019,va,0.010432,0.8412
GBR,PHL,2019,va,0.003352,0.8412
GBR,ARG,2019,va,0.002029,0.8412
GBR,NLD,2019,va,0.041676,0.8412
GBR,ESP,2019,va,0.035977,0.8412
GBR,DEU,2019,va,0.107079,0.8412
GBR,FRA,2019,va,0.062916,0.8412
GBR,UKR,2019,va,0.00149,0.8412
GBR,TWN,2019,va,0.007702,0.8412
GBR,POL,2019,va,0.018147,0.8412
GBR,JPN,2019,va,0.029412,0.8412
GBR,TWN,2021,va,0.008097,0.8515
GBR,IND,2021,va,0.023614,0.8515
GBR,USA,2021,va,0.121039,0.8515
GBR,PRT,2021,va,0.005816,0.8515
GBR,KOR,2021,va,0.013737,0.8515
GBR,FRA,2021,va,0.056973,0.8515
GBR,COL,2021,va,0.001351,0.8515
GBR,TUN,2021,va,0.000437,0.8515
GBR,RUS,2021,va,0.020117,0.8515
GBR,BRA,2021,va,0.006158,0.8515
GBR,ZAF,2021,va,0.005081,0.8515
GBR,SAU,2021,va,0.005807,0.8515
GBR,MYS,2021,va,0.003685,0.8515
GBR,EGY,2021,va,0.002734,0.8515
GBR,HKG,2021,va,0.005115,0.8515
GBR,NLD,2021,va,0.03922,0.8515
GBR,ITA,2021,va,0.035668,0.8515
GBR,CAN,2021,va,0.015043,0.8515
GBR,CHE,2021,va,0.014651,0.8515
GBR,HUN,2021,va,0.00372,0.8515
GBR,CHL,2021,va,0.001429,0.8515
GBR,PER,2021,va,0.001831,0.8515
GBR,ARG,2021,va,0.001897,0.8515
GBR,SWE,2021,va,0.013841,0.8515
GBR,NOR,2021,va,0.050794,0.8515
GBR,MEX,2021,va,0.005265,0.8515
GBR,DEU,2021,va,0.099432,0.8515
GBR,THA,2021,va,0.004725,0.8515
GBR,IDN,2021,va,0.003618,0.8515
GBR,TUR,2021,va,0.016381,0.8515
GBR,JPN,2021,va,0.023751,0.8515
GBR,BEL,2021,va,0.023011,0.8515
GBR,CHN,2021,va,0.127452,0.8515
GBR,POL,2021,va,0.019348,0.8515
GBR,ESP,2021,va,0.031467,0.8515
GBR,ISR,2021,va,0.007672,0.8515
GBR,FIN,2021,va,0.004165,0.8515
GBR,AUS,2021,va,0.007851,0.8515
GBR,UKR,2021,va,0.002051,0.8515
GBR,VNM,2021,va,0.004904,0.8515
GBR,PHL,2021,va,0.00241,0.8515
GBR,DNK,2021,va,0.010111,0.8515
GBR,UKR,2022,va,0.001135,0.8415
GBR,RUS,2022,va,0.013956,0.8415
GBR,SAU,2022,va,0.009343,0.8415
GBR,HKG,2022,va,0.004506,0.8415
GBR,MYS,2022,va,0.004143,0.8415
GBR,CHN,2022,va,0.119616,0.8415
GBR,ARG,2022,va,0.002305,0.8415
GBR,KOR,2022,va,0.012754,0.8415
GBR,DNK,2022,va,0.008659,0.8415
GBR,CHL,2022,va,0.001432,0.8415
GBR,FIN,2022,va,0.003801,0.8415
GBR,AUS,2022,va,0.008336,0.8415
GBR,THA,2022,va,0.005447,0.8415
GBR,TUN,2022,va,0.000634,0.8415
GBR,PHL,2022,va,0.002706,0.8415
GBR,IDN,2022,va,0.004521,0.8415
GBR,IND,2022,va,0.023543,0.8415
GBR,BRA,2022,va,0.007523,0.8415
GBR,CHE,2022,va,0.018718,0.8415
GBR,MEX,2022,va,0.006945,0.8415
GBR,NOR,2022,va,0.070108,0.8415
GBR,USA,2022,va,0.144894,0.8415
GBR,ISR,2022,va,0.009146,0.8415
GBR,FRA,2022,va,0.051667,0.8415
GBR,COL,2022,va,0.001549,0.8415
GBR,TWN,2022,va,0.008586,0.8415
GBR,SWE,2022,va,0.012001,0.8415
GBR,NLD,2022,va,0.025662,0.8415
GBR,VNM,2022,va,0.005551,0.8415
GBR,ZAF,2022,va,0.004665,0.8415
GBR,PER,2022,va,0.002628,0.8415
GBR,ESP,2022,va,0.03196,0.8415
GBR,TUR,2022,va,0.01572,0.8415
GBR,CAN,2022,va,0.016484,0.8415
GBR,PRT,2022,va,0.006344,0.8415
GBR,ITA,2022,va,0.033366,0.8415
GBR,DEU,2022,va,0.078429,0.8415
GBR,BEL,2022,va,0.015392,0.8415
GBR,EGY,2022,va,0.003071,0.8415
GBR,HUN,2022,va,0.004036,0.8415
GBR,POL,2022,va,0.018695,0.8415
GBR,JPN,2022,va,0.021557,0.8415
HKG,TUN,2019,va,0.00036,0.8473
HKG,TWN,2019,va,0.016088,0.8473
HKG,JPN,2019,va,0.05748,0.8473
HKG,ITA,2019,va,0.016064,0.8473
HKG,EGY,2019,va,0.002753,0.8473
HKG,ISR,2019,va,0.006673,0.8473
HKG,ZAF,2019,va,0.003191,0.8473
HKG,THA,2019,va,0.019617,0.8473
HKG,PHL,2019,va,0.009967,0.8473
HKG,POL,2019,va,0.003422,0.8473
HKG,CAN,2019,va,0.012846,0.8473
HKG,MYS,2019,va,0.011278,0.8473
HKG,BRA,2019,va,0.011007,0.8473
HKG,NLD,2019,va,0.022728,0.8473
HKG,ESP,2019,va,0.01283,0.8473
HKG,DEU,2019,va,0.033383,0.8473
HKG,FRA,2019,va,0.024891,0.8473
HKG,IDN,2019,va,0.010708,0.8473
HKG,CHN,2019,va,0.256753,0.8473
HKG,KOR,2019,va,0.018162,0.8473
HKG,DNK,2019,va,0.004041,0.8473
HKG,COL,2019,va,0.001197,0.8473
HKG,UKR,2019,va,0.000844,0.8473
HKG,VNM,2019,va,0.005713,0.8473
HKG,PER,2019,va,0.001247,0.8473
HKG,GBR,2019,va,0.042634,0.8473
HKG,ARG,2019,va,0.002093,0.8473
HKG,USA,2019,va,0.124031,0.8473
HKG,PRT,2019,va,0.003326,0.8473
HKG,MEX,2019,va,0.005549,0.8473
HKG,FIN,2019,va,0.001663,0.8473
HKG,SAU,2019,va,0.006444,0.8473
HKG,SWE,2019,va,0.004197,0.8473
HKG,TUR,2019,va,0.007822,0.8473
HKG,NOR,2019,va,0.002886,0.8473
HKG,HUN,2019,va,0.00135,0.8473
HKG,CHL,2019,va,0.002671,0.8473
HKG,RUS,2019,va,0.012445,0.8473
HKG,IND,2019,va,0.02957,0.8473
HKG,CHE,2019,va,0.012204,0.8473
HKG,BEL,2019,va,0.005669,0.8473
HKG,AUS,2019,va,0.019515,0.8473
HKG,THA,2021,va,0.012839,0.8685
HKG,UKR,2021,va,0.00076,0.8685
HKG,TUN,2021,va,0.000122,0.8685
HKG,SAU,2021,va,0.004288,0.8685
HKG,MYS,2021,va,0.008388,0.8685
HKG,PER,2021,va,0.001286,0.8685
HKG,POL,2021,va,0.002563,0.8685
HKG,JPN,2021,va,0.05654,0.8685
HKG,TWN,2021,va,0.01798,0.8685
HKG,SWE,2021,va,0.003339,0.8685
HKG,ESP,2021,va,0.005327,0.8685
HKG,DEU,2021,va,0.031582,0.8685
HKG,COL,2021,va,0.00085,0.8685
HKG,CHL,2021,va,0.003421,0.8685
HKG,TUR,2021,va,0.004859,0.8685
HKG,GBR,2021,va,0.038218,0.8685
HKG,PRT,2021,va,0.001225,0.8685
HKG,NLD,2021,va,0.019079,0.8685
HKG,ISR,2021,va,0.006126,0.8685
HKG,FRA,2021,va,0.018684,0.8685
HKG,AUS,2021,va,0.018166,0.8685
HKG,IDN,2021,va,0.009292,0.8685
HKG,ARG,2021,va,0.001649,0.8685
HKG,USA,2021,va,0.091681,0.8685
HKG,ITA,2021,va,0.010678,0.8685
HKG,HUN,2021,va,0.000726,0.8685
HKG,FIN,2021,va,0.001308,0.8685
HKG,ZAF,2021,va,0.003387,0.8685
HKG,RUS,2021,va,0.009572,0.8685
HKG,IND,2021,va,0.03084,0.8685
HKG,EGY,2021,va,0.00136,0.8685
HKG,NOR,2021,va,0.002704,0.8685
HKG,MEX,2021,va,0.002805,0.8685
HKG,BRA,2021,va,0.013962,0.8685
HKG,CHE,2021,va,0.009606,0.8685
HKG,KOR,2021,va,0.022579,0.8685
HKG,BEL,2021,va,0.005128,0.8685
HKG,CAN,2021,va,0.008753,0.8685
HKG,VNM,2021,va,0.004854,0.8685
HKG,PHL,2021,va,0.007422,0.8685
HKG,CHN,2021,va,0.369667,0.8685
HKG,DNK,2021,va,0.004864,0.8685
HKG,BEL,2022,va,0.005029,0.85
HKG,RUS,2022,va,0.010939,0.85
HKG,PHL,2022,va,0.008697,0.85
HKG,ARG,2022,va,0.001833,0.85
HKG,POL,2022,va,0.002478,0.85
HKG,JPN,2022,va,0.050549,0.85
HKG,DNK,2022,va,0.006392,0.85
HKG,CAN,2022,va,0.009707,0.85
HKG,EGY,2022,va,0.001362,0.85
HKG,SWE,2022,va,0.003338,0.85
HKG,NLD,2022,va,0.018326,0.85
HKG,SAU,2022,va,0.006064,0.85
HKG,CHN,2022,va,0.337731,0.85
HKG,NOR,2022,va,0.003707,0.85
HKG,CHE,2022,va,0.010158,0.85
HKG,MYS,2022,va,0.010692,0.85
HKG,ESP,2022,va,0.006617,0.85
HKG,FIN,2022,va,0.001263,0.85
HKG,TUN,2022,va,0.000135,0.85
HKG,TWN,2022,va,0.018329,0.85
HKG,UKR,2022,va,0.000489,0.85
HKG,ZAF,2022,va,0.003,0.85
HKG,THA,2022,va,0.013466,0.85
HKG,BRA,2022,va,0.010155,0.85
HKG,USA,2022,va,0.100805,0.85
HKG,HUN,2022,va,0.000725,0.85
HKG,VNM,2022,va,0.005273,0.85
HKG,PER,2022,va,0.00118,0.85
HKG,GBR,2022,va,0.039034,0.85
HKG,MEX,2022,va,0.0028,0.85
HKG,ISR,2022,va,0.006939,0.85
HKG,CHL,2022,va,0.003053,0.85
HKG,COL,2022,va,0.001097,0.85
HKG,AUS,2022,va,0.017389,0.85
HKG,IDN,2022,va,0.011291,0.85
HKG,IND,2022,va,0.031245,0.85
HKG,TUR,2022,va,0.004821,0.85
HKG,PRT,2022,va,0.001619,0.85
HKG,ITA,2022,va,0.010543,0.85
HKG,KOR,2022,va,0.02185,0.85
HKG,FRA,2022,va,0.018947,0.85
HKG,DEU,2022,va,0.030968,0.85
HUN,SWE,2019,va,0.010296,0.7605
HUN,CHL,2019,va,0.000687,0.7605
HUN,VNM,2019,va,0.003032,0.7605
HUN,RUS,2019,va,0.054266,0.7605
HUN,CHE,2019,va,0.013109,0.7605
HUN,TUR,2019,va,0.011079,0.7605
HUN,KOR,2019,va,0.019989,0.7605
HUN,DEU,2019,va,0.200413,0.7605
HUN,FRA,2019,va,0.041576,0.7605
HUN,CAN,2019,va,0.00423,0.7605
HUN,BEL,2019,va,0.016057,0.7605
HUN,COL,2019,va,0.000433,0.7605
HUN,ZAF,2019,va,0.001715,0.7605
HUN,NLD,2019,va,0.036259,0.7605
HUN,ITA,2019,va,0.042541,0.7605
HUN,NOR,2019,va,0.003591,0.7605
HUN,FIN,2019,va,0.003332,0.7605
HUN,PER,2019,va,0.000571,0.7605
HUN,MYS,2019,va,0.003243,0.7605
HUN,CHN,2019,va,0.053756,0.7605
HUN,AUS,2019,va,0.003598,0.7605
HUN,TUN,2019,va,0.00049,0.7605
HUN,TWN,2019,va,0.005533,0.7605
HUN,IND,2019,va,0.007756,0.7605
HUN,BRA,2019,va,0.003946,0.7605
HUN,USA,2019,va,0.059092,0.7605
HUN,MEX,2019,va,0.003264,0.7605
HUN,ISR,2019,va,0.003418,0.7605
HUN,DNK,2019,va,0.007372,0.7605
HUN,UKR,2019,va,0.005922,0.7605
HUN,SAU,2019,va,0.003446,0.7605
HUN,HKG,2019,va,0.002694,0.7605
HUN,IDN,2019,va,0.002473,0.7605
HUN,EGY,2019,va,0.001726,0.7605
HUN,GBR,2019,va,0.029745,0.7605
HUN,ESP,2019,va,0.020904,0.7605
HUN,PHL,2019,va,0.001721,0.7605
HUN,THA,2019,va,0.003796,0.7605
HUN,ARG,2019,va,0.000757,0.7605
HUN,JPN,2019,va,0.020749,0.7605
HUN,PRT,2019,va,0.002585,0.7605
HUN,POL,2019,va,0.049294,0.7605
HUN,UKR,2021,va,0.006334,0.7629
HUN,VNM,2021,va,0.003272,0.7629
HUN,RUS,2021,va,0.048401,0.7629
HUN,PER,2021,va,0.000668,0.7629
HUN,NLD,2021,va,0.036436,0.7629
HUN,TUN,2021,va,0.000554,0.7629
HUN,USA,2021,va,0.052327,0.7629
HUN,ISR,2021,va,0.003829,0.7629
HUN,FRA,2021,va,0.039503,0.7629
HUN,DEU,2021,va,0.197578,0.7629
HUN,JPN,2021,va,0.018313,0.7629
HUN,CHL,2021,va,0.000879,0.7629
HUN,COL,2021,va,0.000412,0.7629
HUN,HKG,2021,va,0.002827,0.7629
HUN,EGY,2021,va,0.001476,0.7629
HUN,AUS,2021,va,0.003762,0.7629
HUN,SAU,2021,va,0.003149,0.7629
HUN,MYS,2021,va,0.002635,0.7629
HUN,CHE,2021,va,0.012769,0.7629
HUN,THA,2021,va,0.002596,0.7629
HUN,PHL,2021,va,0.00115,0.7629
HUN,IDN,2021,va,0.002278,0.7629
HUN,CHN,2021,va,0.073392,0.7629
HUN,ESP,2021,va,0.01947,0.7629
HUN,POL,2021,va,0.053284,0.7629
HUN,KOR,2021,va,0.023151,0.7629
HUN,CAN,2021,va,0.004143,0.7629
HUN,TWN,2021,va,0.006728,0.7629
HUN,ZAF,2021,va,0.001632,0.7629
HUN,IND,2021,va,0.008206,0.7629
HUN,GBR,2021,va,0.024122,0.7629
HUN,MEX,2021,va,0.003429,0.7629
HUN,NOR,2021,va,0.005077,0.7629
HUN,DNK,2021,va,0.007246,0.7629
HUN,PRT,2021,va,0.002602,0.7629
HUN,FIN,2021,va,0.002989,0.7629
HUN,ARG,2021,va,0.00057,0.7629
HUN,BRA,2021,va,0.003382,0.7629
HUN,SWE,2021,va,0.012819,0.7629
HUN,TUR,2021,va,0.011736,0.7629
HUN,ITA,2021,va,0.042212,0.7629
HUN,BEL,2021,va,0.015529,0.7629
HUN,VNM,2022,va,0.003064,0.7565
HUN,CHE,2022,va,0.012169,0.7565
HUN,CHL,2022,va,0.000952,0.7565
HUN,UKR,2022,va,0.007618,0.7565
HUN,TWN,2022,va,0.007175,0.7565
HUN,HKG,2022,va,0.003058,0.7565
HUN,ISR,2022,va,0.003951,0.7565
HUN,DNK,2022,va,0.007563,0.7565
HUN,FIN,2022,va,0.003064,0.7565
HUN,EGY,2022,va,0.001599,0.7565
HUN,BRA,2022,va,0.003794,0.7565
HUN,RUS,2022,va,0.046491,0.7565
HUN,SAU,2022,va,0.005246,0.7565
HUN,USA,2022,va,0.055307,0.7565
HUN,ARG,2022,va,0.000745,0.7565
HUN,PRT,2022,va,0.002474,0.7565
HUN,ITA,2022,va,0.039319,0.7565
HUN,THA,2022,va,0.002827,0.7565
HUN,PER,2022,va,0.000724,0.7565
HUN,PHL,2022,va,0.00129,0.7565
HUN,GBR,2022,va,0.024044,0.7565
HUN,POL,2022,va,0.050837,0.7565
HUN,KOR,2022,va,0.023243,0.7565
HUN,MEX,2022,va,0.003627,0.7565
HUN,JPN,2022,va,0.014905,0.7565
HUN,DEU,2022,va,0.189477,0.7565
HUN,TUN,2022,va,0.000576,0.7565
HUN,ZAF,2022,va,0.001905,0.7565
HUN,IND,2022,va,0.009204,0.7565
HUN,ESP,2022,va,0.019456,0.7565
HUN,AUS,2022,va,0.004484,0.7565
HUN,BEL,2022,va,0.014259,0.7565
HUN,IDN,2022,va,0.002773,0.7565
HUN,TUR,2022,va,0.011386,0.7565
HUN,NOR,2022,va,0.011253,0.7565
HUN,FRA,2022,va,0.038048,0.7565
HUN,COL,2022,va,0.00064,0.7565
HUN,MYS,2022,va,0.002685,0.7565
HUN,CHN,2022,va,0.0768,0.7565
HUN,SWE,2022,va,0.012307,0.7565
HUN,NLD,2022,va,0.031713,0.7565
HUN,CAN,2022,va,0.00443,0.7565
IDN,POL,2019,va,0.002637,0.8337
IDN,DNK,2019,va,0.002577,0.8337
IDN,ISR,2019,va,0.001503,0.8337
IDN,DEU,2019,va,0.028304,0.8337
IDN,TWN,2019,va,0.019013,0.8337
IDN,THA,2019,va,0.041033,0.8337
IDN,IND,2019,va,0.029072,0.8337
IDN,CHE,2019,va,0.006669,0.8337
IDN,TUR,2019,va,0.004437,0.8337
IDN,MEX,2019,va,0.003875,0.8337
IDN,CHL,2019,va,0.00197,0.8337
IDN,BEL,2019,va,0.003776,0.8337
IDN,UKR,2019,va,0.003492,0.8337
IDN,PHL,2019,va,0.008269,0.8337
IDN,ESP,2019,va,0.007252,0.8337
IDN,COL,2019,va,0.000754,0.8337
IDN,CAN,2019,va,0.013891,0.8337
IDN,TUN,2019,va,0.000253,0.8337
IDN,HKG,2019,va,0.006594,0.8337
IDN,BRA,2019,va,0.013751,0.8337
IDN,SWE,2019,va,0.004536,0.8337
IDN,JPN,2019,va,0.093234,0.8337
IDN,VNM,2019,va,0.01415,0.8337
IDN,RUS,2019,va,0.013049,0.8337
IDN,MYS,2019,va,0.026007,0.8337
IDN,GBR,2019,va,0.015724,0.8337
IDN,ITA,2019,va,0.012825,0.8337
IDN,NOR,2019,va,0.002676,0.8337
IDN,HUN,2019,va,0.001034,0.8337
IDN,FIN,2019,va,0.003209,0.8337
IDN,AUS,2019,va,0.029785,0.8337
IDN,SAU,2019,va,0.025011,0.8337
IDN,EGY,2019,va,0.001752,0.8337
IDN,ARG,2019,va,0.009114,0.8337
IDN,USA,2019,va,0.086239,0.8337
IDN,PRT,2019,va,0.001129,0.8337
IDN,NLD,2019,va,0.010115,0.8337
IDN,FRA,2019,va,0.019228,0.8337
IDN,ZAF,2019,va,0.004464,0.8337
IDN,PER,2019,va,0.001516,0.8337
IDN,CHN,2019,va,0.222647,0.8337
IDN,KOR,2019,va,0.037129,0.8337
IDN,THA,2021,va,0.031903,0.8458
IDN,ZAF,2021,va,0.009073,0.8458
IDN,ESP,2021,va,0.00487,0.8458
IDN,NLD,2021,va,0.009077,0.8458
IDN,HUN,2021,va,0.000811,0.8458
IDN,ITA,2021,va,0.010173,0.8458
IDN,FRA,2021,va,0.014253,0.8458
IDN,HKG,2021,va,0.006039,0.8458
IDN,PRT,2021,va,0.000627,0.8458
IDN,POL,2021,va,0.00229,0.8458
IDN,DEU,2021,va,0.02299,0.8458
IDN,UKR,2021,va,0.004017,0.8458
IDN,TUN,2021,va,0.000416,0.8458
IDN,EGY,2021,va,0.001697,0.8458
IDN,USA,2021,va,0.080952,0.8458
IDN,ISR,2021,va,0.001366,0.8458
IDN,CHE,2021,va,0.005875,0.8458
IDN,CHL,2021,va,0.002515,0.8458
IDN,COL,2021,va,0.000855,0.8458
IDN,PHL,2021,va,0.006984,0.8458
IDN,RUS,2021,va,0.011231,0.8458
IDN,IND,2021,va,0.039792,0.8458
IDN,ARG,2021,va,0.009231,0.8458
IDN,BRA,2021,va,0.014796,0.8458
IDN,SWE,2021,va,0.004238,0.8458
IDN,TUR,2021,va,0.003631,0.8458
IDN,BEL,2021,va,0.003886,0.8458
IDN,PER,2021,va,0.001707,0.8458
IDN,KOR,2021,va,0.039299,0.8458
IDN,CAN,2021,va,0.012512,0.8458
IDN,AUS,2021,va,0.040875,0.8458
IDN,VNM,2021,va,0.011947,0.8458
IDN,SAU,2021,va,0.027411,0.8458
IDN,CHN,2021,va,0.265395,0.8458
IDN,MEX,2021,va,0.003254,0.8458
IDN,NOR,2021,va,0.003054,0.8458
IDN,DNK,2021,va,0.002642,0.8458
IDN,TWN,2021,va,0.020483,0.8458
IDN,MYS,2021,va,0.020433,0.8458
IDN,GBR,2021,va,0.013159,0.8458
IDN,JPN,2021,va,0.077395,0.8458
IDN,FIN,2021,va,0.002641,0.8458
IDN,HKG,2022,va,0.005889,0.8212
IDN,GBR,2022,va,0.013498,0.8212
IDN,POL,2022,va,0.0023,0.8212
IDN,NLD,2022,va,0.008772,0.8212
IDN,KOR,2022,va,0.034822,0.8212
IDN,ISR,2022,va,0.001623,0.8212
IDN,DEU,2022,va,0.022094,0.8212
IDN,EGY,2022,va,0.00172,0.8212
IDN,SWE,2022,va,0.003874,0.8212
IDN,HUN,2022,va,0.000813,0.8212
IDN,FRA,2022,va,0.014025,0.8212
IDN,PER,2022,va,0.001571,0.8212
IDN,MYS,2022,va,0.021094,0.8212
IDN,CHN,2022,va,0.249534,0.8212
IDN,BEL,2022,va,0.003319,0.8212
IDN,CAN,2022,va,0.013645,0.8212
IDN,PHL,2022,va,0.008102,0.8212
IDN,ARG,2022,va,0.009054,0.8212
IDN,NOR,2022,va,0.004229,0.8212
IDN,CHL,2022,va,0.002133,0.8212
IDN,VNM,2022,va,0.011189,0.8212
IDN,TUN,2022,va,0.000327,0.8212
IDN,IND,2022,va,0.045562,0.8212
IDN,TUR,2022,va,0.003802,0.8212
IDN,PRT,2022,va,0.000662,0.8212
IDN,THA,2022,va,0.030671,0.8212
IDN,UKR,2022,va,0.000498,0.8212
IDN,ZAF,2022,va,0.007543,0.8212
IDN,FIN,2022,va,0.002659,0.8212
IDN,TWN,2022,va,0.016699,0.8212
IDN,CHE,2022,va,0.00563,0.8212
IDN,BRA,2022,va,0.017599,0.8212
IDN,ESP,2022,va,0.004542,0.8212
IDN,USA,2022,va,0.078919,0.8212
IDN,MEX,2022,va,0.003515,0.8212
IDN,ITA,2022,va,0.007634,0.8212
IDN,AUS,2022,va,0.035308,0.8212
IDN,RUS,2022,va,0.015852,0.8212
IDN,SAU,2022,va,0.034974,0.8212
IDN,JPN,2022,va,0.07135,0.8212
IDN,DNK,2022,va,0.003236,0.8212
IDN,COL,2022,va,0.000894,0.8212
IND,UKR,2019,va,0.00312,0.7184
IND,VNM,2019,va,0.008367,0.7184
IND,RUS,2019,va,0.020114,0.7184
IND,PER,2019,va,0.007901,0.7184
IND,MYS,2019,va,0.014284,0.7184
IND,HKG,2019,va,0.007627,0.7184
IND,SWE,2019,va,0.005123,0.7184
IND,TUR,2019,va,0.006372,0.7184
IND,NOR,2019,va,0.003555,0.7184
IND,MEX,2019,va,0.00891,0.7184
IND,NLD,2019,va,0.009372,0.7184
IND,HUN,2019,va,0.000968,0.7184
IND,CAN,2019,va,0.010862,0.7184
IND,ESP,2019,va,0.007778,0.7184
IND,FRA,2019,va,0.017219,0.7184
IND,FIN,2019,va,0.002989,0.7184
IND,PHL,2019,va,0.003454,0.7184
IND,BRA,2019,va,0.00833,0.7184
IND,CHL,2019,va,0.005152,0.7184
IND,AUS,2019,va,0.022577,0.7184
IND,THA,2019,va,0.012285,0.7184
IND,EGY,2019,va,0.004213,0.7184
IND,USA,2019,va,0.114359,0.7184
IND,PRT,2019,va,0.001231,0.7184
IND,POL,2019,va,0.003533,0.7184
IND,JPN,2019,va,0.036293,0.7184
IND,ITA,2019,va,0.012919,0.7184
IND,COL,2019,va,0.002517,0.7184
IND,SAU,2019,va,0.049155,0.7184
IND,DEU,2019,va,0.037959,0.7184
IND,TUN,2019,va,0.000349,0.7184
IND,TWN,2019,va,0.01045,0.7184
IND,ARG,2019,va,0.005622,0.7184
IND,ISR,2019,va,0.006961,0.7184
IND,ZAF,2019,va,0.010478,0.7184
IND,IDN,2019,va,0.030477,0.7184
IND,CHN,2019,va,0.128874,0.7184
IND,CHE,2019,va,0.011947,0.7184
IND,GBR,2019,va,0.024959,0.7184
IND,KOR,2019,va,0.028677,0.7184
IND,BEL,2019,va,0.006985,0.7184
IND,DNK,2019,va,0.004064,0.7184
IND,UKR,2021,va,0.003916,0.7284
IND,EGY,2021,va,0.00528,0.7284
IND,HKG,2021,va,0.007905,0.7284
IND,POL,2021,va,0.003637,0.7284
IND,JPN,2021,va,0.030904,0.7284
IND,SAU,2021,va,0.041225,0.7284
IND,ESP,2021,va,0.006426,0.7284
IND,MEX,2021,va,0.007183,0.7284
IND,DNK,2021,va,0.00505,0.7284
IND,FIN,2021,va,0.002848,0.7284
IND,RUS,2021,va,0.021387,0.7284
IND,MYS,2021,va,0.014288,0.7284
IND,CHE,2021,va,0.010995,0.7284
IND,SWE,2021,va,0.005513,0.7284
IND,THA,2021,va,0.011295,0.7284
IND,TWN,2021,va,0.012578,0.7284
IND,ZAF,2021,va,0.017261,0.7284
IND,TUR,2021,va,0.006714,0.7284
IND,PRT,2021,va,0.001041,0.7284
IND,NLD,2021,va,0.009756,0.7284
IND,HUN,2021,va,0.000956,0.7284
IND,VNM,2021,va,0.006925,0.7284
IND,TUN,2021,va,0.000757,0.7284
IND,PHL,2021,va,0.002969,0.7284
IND,CHN,2021,va,0.156477,0.7284
IND,ARG,2021,va,0.006826,0.7284
IND,GBR,2021,va,0.024718,0.7284
IND,ITA,2021,va,0.011572,0.7284
IND,ISR,2021,va,0.008342,0.7284
IND,DEU,2021,va,0.034152,0.7284
IND,CHL,2021,va,0.005746,0.7284
IND,BEL,2021,va,0.006669,0.7284
IND,IDN,2021,va,0.027771,0.7284
IND,FRA,2021,va,0.016334,0.7284
IND,AUS,2021,va,0.028771,0.7284
IND,PER,2021,va,0.009428,0.7284
IND,USA,2021,va,0.097039,0.7284
IND,BRA,2021,va,0.010796,0.7284
IND,NOR,2021,va,0.005463,0.7284
IND,KOR,2021,va,0.02806,0.7284
IND,CAN,2021,va,0.009076,0.7284
IND,COL,2021,va,0.004318,0.7284
IND,GBR,2022,va,0.02421,0.7157
IND,TUN,2022,va,0.000621,0.7157
IND,ZAF,2022,va,0.010106,0.7157
IND,IDN,2022,va,0.036711,0.7157
IND,ARG,2022,va,0.005891,0.7157
IND,USA,2022,va,0.098334,0.7157
IND,CHE,2022,va,0.010854,0.7157
IND,POL,2022,va,0.003653,0.7157
IND,KOR,2022,va,0.026425,0.7157
IND,DEU,2022,va,0.031017,0.7157
IND,UKR,2022,va,0.001394,0.7157
IND,HKG,2022,va,0.006492,0.7157
IND,CHN,2022,va,0.135862,0.7157
IND,NOR,2022,va,0.0053,0.7157
IND,JPN,2022,va,0.028217,0.7157
IND,ITA,2022,va,0.010296,0.7157
IND,FRA,2022,va,0.015351,0.7157
IND,DNK,2022,va,0.00626,0.7157
IND,THA,2022,va,0.010908,0.7157
IND,VNM,2022,va,0.006851,0.7157
IND,MYS,2022,va,0.012904,0.7157
IND,SWE,2022,va,0.00486,0.7157
IND,NLD,2022,va,0.009505,0.7157
IND,BEL,2022,va,0.006157,0.7157
IND,CAN,2022,va,0.009203,0.7157
IND,AUS,2022,va,0.032084,0.7157
IND,TWN,2022,va,0.011457,0.7157
IND,ESP,2022,va,0.006579,0.7157
IND,COL,2022,va,0.003586,0.7157
IND,PER,2022,va,0.005128,0.7157
IND,EGY,2022,va,0.004329,0.7157
IND,ISR,2022,va,0.007839,0.7157
IND,FIN,2022,va,0.003133,0.7157
IND,PHL,2022,va,0.00322,0.7157
IND,PRT,2022,va,0.001039,0.7157
IND,TUR,2022,va,0.006593,0.7157
IND,HUN,2022,va,0.000877,0.7157
IND,RUS,2022,va,0.040981,0.7157
IND,SAU,2022,va,0.050755,0.7157
IND,BRA,2022,va,0.011271,0.7157
IND,MEX,2022,va,0.00622,0.7157
IND,CHL,2022,va,0.003265,0.7157
ISR,UKR,2019,va,0.007821,0.8697
ISR,RUS,2019,va,0.064308,0.8697
ISR,HKG,2019,va,0.006134,0.8697
ISR,EGY,2019,va,0.002856,0.8697
ISR,ESP,2019,va,0.022344,0.8697
ISR,NLD,2019,va,0.017284,0.8697
ISR,CHL,2019,va,0.002559,0.8697
ISR,DNK,2019,va,0.004416,0.8697
ISR,CAN,2019,va,0.011171,0.8697
ISR,PER,2019,va,0.001017,0.8697
ISR,IDN,2019,va,0.004582,0.8697
ISR,ARG,2019,va,0.00412,0.8697
ISR,SWE,2019,va,0.00665,0.8697
ISR,TUR,2019,va,0.04015,0.8697
ISR,KOR,2019,va,0.018233,0.8697
ISR,JPN,2019,va,0.028906,0.8697
ISR,COL,2019,va,0.001194,0.8697
ISR,BEL,2019,va,0.012837,0.8697
ISR,ZAF,2019,va,0.00271,0.8697
ISR,TWN,2019,va,0.008865,0.8697
ISR,THA,2019,va,0.010074,0.8697
ISR,CHN,2019,va,0.115041,0.8697
ISR,USA,2019,va,0.177477,0.8697
ISR,PRT,2019,va,0.004582,0.8697
ISR,HUN,2019,va,0.004713,0.8697
ISR,FIN,2019,va,0.002861,0.8697
ISR,VNM,2019,va,0.007379,0.8697
ISR,MYS,2019,va,0.003513,0.8697
ISR,ITA,2019,va,0.036196,0.8697
ISR,BRA,2019,va,0.007192,0.8697
ISR,MEX,2019,va,0.006451,0.8697
ISR,AUS,2019,va,0.007359,0.8697
ISR,IND,2019,va,0.039971,0.8697
ISR,GBR,2019,va,0.042568,0.8697
ISR,POL,2019,va,0.011621,0.8697
ISR,DEU,2019,va,0.058867,0.8697
ISR,FRA,2019,va,0.028625,0.8697
ISR,TUN,2019,va,0.000443,0.8697
ISR,SAU,2019,va,0.005719,0.8697
ISR,PHL,2019,va,0.002936,0.8697
ISR,CHE,2019,va,0.023294,0.8697
ISR,NOR,2019,va,0.004652,0.8697
ISR,ZAF,2021,va,0.002655,0.8529
ISR,POL,2021,va,0.009818,0.8529
ISR,NOR,2021,va,0.007788,0.8529
ISR,JPN,2021,va,0.021576,0.8529
ISR,CAN,2021,va,0.010229,0.8529
ISR,AUS,2021,va,0.00748,0.8529
ISR,KOR,2021,va,0.020534,0.8529
ISR,NLD,2021,va,0.025918,0.8529
ISR,UKR,2021,va,0.003601,0.8529
ISR,RUS,2021,va,0.023224,0.8529
ISR,EGY,2021,va,0.002979,0.8529
ISR,TUR,2021,va,0.039395,0.8529
ISR,ESP,2021,va,0.025582,0.8529
ISR,FRA,2021,va,0.031416,0.8529
ISR,BEL,2021,va,0.018217,0.8529
ISR,VNM,2021,va,0.002804,0.8529
ISR,TUN,2021,va,0.000242,0.8529
ISR,CHE,2021,va,0.046696,0.8529
ISR,SWE,2021,va,0.009433,0.8529
ISR,HUN,2021,va,0.003873,0.8529
ISR,COL,2021,va,0.001002,0.8529
ISR,CHL,2021,va,0.001812,0.8529
ISR,SAU,2021,va,0.005146,0.8529
ISR,HKG,2021,va,0.009045,0.8529
ISR,ARG,2021,va,0.002437,0.8529
ISR,ITA,2021,va,0.035268,0.8529
ISR,DEU,2021,va,0.066578,0.8529
ISR,PHL,2021,va,0.002012,0.8529
ISR,IDN,2021,va,0.003509,0.8529
ISR,MYS,2021,va,0.002051,0.8529
ISR,BRA,2021,va,0.0057,0.8529
ISR,GBR,2021,va,0.067609,0.8529
ISR,PRT,2021,va,0.004757,0.8529
ISR,THA,2021,va,0.005105,0.8529
ISR,PER,2021,va,0.001101,0.8529
ISR,TWN,2021,va,0.009258,0.8529
ISR,IND,2021,va,0.044292,0.8529
ISR,CHN,2021,va,0.113221,0.8529
ISR,USA,2021,va,0.146218,0.8529
ISR,MEX,2021,va,0.003939,0.8529
ISR,DNK,2021,va,0.006021,0.8529
ISR,FIN,2021,va,0.003388,0.8529
ISR,PHL,2022,va,0.002306,0.8375
ISR,HKG,2022,va,0.008879,0.8375
ISR,POL,2022,va,0.009544,0.8375
ISR,KOR,2022,va,0.019327,0.8375
ISR,FRA,2022,va,0.034738,0.8375
ISR,DNK,2022,va,0.007271,0.8375
ISR,RUS,2022,va,0.017774,0.8375
ISR,EGY,2022,va,0.003115,0.8375
ISR,CHE,2022,va,0.043764,0.8375
ISR,GBR,2022,va,0.049692,0.8375
ISR,PRT,2022,va,0.004904,0.8375
ISR,SAU,2022,va,0.007547,0.8375
ISR,CHN,2022,va,0.117051,0.8375
ISR,ARG,2022,va,0.003076,0.8375
ISR,NOR,2022,va,0.008432,0.8375
ISR,NLD,2022,va,0.023509,0.8375
ISR,BEL,2022,va,0.016489,0.8375
ISR,CAN,2022,va,0.01153,0.8375
ISR,AUS,2022,va,0.00835,0.8375
ISR,VNM,2022,va,0.002652,0.8375
ISR,UKR,2022,va,0.00218,0.8375
ISR,ZAF,2022,va,0.002769,0.8375
ISR,USA,2022,va,0.153686,0.8375
ISR,MEX,2022,va,0.004178,0.8375
ISR,TWN,2022,va,0.009667,0.8375
ISR,THA,2022,va,0.005194,0.8375
ISR,PER,2022,va,0.001122,0.8375
ISR,IND,2022,va,0.042407,0.8375
ISR,CHL,2022,va,0.001779,0.8375
ISR,COL,2022,va,0.001306,0.8375
ISR,IDN,2022,va,0.004403,0.8375
ISR,MYS,2022,va,0.002372,0.8375
ISR,SWE,2022,va,0.010266,0.8375
ISR,ESP,2022,va,0.023998,0.8375
ISR,JPN,2022,va,0.018786,0.8375
ISR,DEU,2022,va,0.064407,0.8375
ISR,FIN,2022,va,0.002809,0.8375
ISR,TUN,2022,va,0.000262,0.8375
ISR,BRA,2022,va,0.006752,0.8375
ISR,TUR,2022,va,0.043621,0.8375
ISR,ITA,2022,va,0.031921,0.8375
ISR,HUN,2022,va,0.003685,0.8375
ITA,VNM,2019,va,0.004961,0.7788
ITA,MYS,2019,va,0.003371,0.7788
ITA,EGY,2019,va,0.004953,0.7788
ITA,CHN,2019,va,0.074294,0.7788
ITA,PRT,2019,va,0.005852,0.7788
ITA,KOR,2019,va,0.009373,0.7788
ITA,CAN,2019,va,0.007393,0.7788
ITA,COL,2019,va,0.001899,0.7788
ITA,HKG,2019,va,0.001958,0.7788
ITA,BRA,2019,va,0.008953,0.7788
ITA,IND,2019,va,0.01396,0.7788
ITA,FIN,2019,va,0.004909,0.7788
ITA,TUN,2019,va,0.004093,0.7788
ITA,PHL,2019,va,0.001944,0.7788
ITA,IDN,2019,va,0.005108,0.7788
ITA,GBR,2019,va,0.040434,0.7788
ITA,ARG,2019,va,0.003276,0.7788
ITA,USA,2019,va,0.074496,0.7788
ITA,DNK,2019,va,0.006629,0.7788
ITA,UKR,2019,va,0.003112,0.7788
ITA,RUS,2019,va,0.031339,0.7788
ITA,CHL,2019,va,0.002354,0.7788
ITA,PER,2019,va,0.00189,0.7788
ITA,CHE,2019,va,0.025665,0.7788
ITA,TUR,2019,va,0.019784,0.7788
ITA,HUN,2019,va,0.008184,0.7788
ITA,MEX,2019,va,0.004426,0.7788
ITA,NLD,2019,va,0.033527,0.7788
ITA,DEU,2019,va,0.133311,0.7788
ITA,FRA,2019,va,0.075624,0.7788
ITA,SWE,2019,va,0.011006,0.7788
ITA,POL,2019,va,0.022514,0.7788
ITA,BEL,2019,va,0.022029,0.7788
ITA,AUS,2019,va,0.004743,0.7788
ITA,ZAF,2019,va,0.002788,0.7788
ITA,TWN,2019,va,0.005371,0.7788
ITA,THA,2019,va,0.005839,0.7788
ITA,NOR,2019,va,0.006289,0.7788
ITA,ISR,2019,va,0.003586,0.7788
ITA,SAU,2019,va,0.0116,0.7788
ITA,ESP,2019,va,0.047746,0.7788
ITA,JPN,2019,va,0.018247,0.7788
ITA,THA,2021,va,0.003769,0.7828
ITA,RUS,2021,va,0.030606,0.7828
ITA,MYS,2021,va,0.002932,0.7828
ITA,SAU,2021,va,0.013347,0.7828
ITA,KOR,2021,va,0.010205,0.7828
ITA,COL,2021,va,0.001702,0.7828
ITA,TUN,2021,va,0.003822,0.7828
ITA,PER,2021,va,0.001598,0.7828
ITA,PHL,2021,va,0.00138,0.7828
ITA,IND,2021,va,0.014958,0.7828
ITA,ARG,2021,va,0.002556,0.7828
ITA,USA,2021,va,0.062419,0.7828
ITA,JPN,2021,va,0.015965,0.7828
ITA,NOR,2021,va,0.008076,0.7828
ITA,MEX,2021,va,0.003656,0.7828
ITA,DEU,2021,va,0.133635,0.7828
ITA,AUS,2021,va,0.004936,0.7828
ITA,TWN,2021,va,0.006083,0.7828
ITA,CHE,2021,va,0.024178,0.7828
ITA,TUR,2021,va,0.018505,0.7828
ITA,PRT,2021,va,0.005625,0.7828
ITA,BEL,2021,va,0.02216,0.7828
ITA,CAN,2021,va,0.006787,0.7828
ITA,UKR,2021,va,0.003788,0.7828
ITA,VNM,2021,va,0.004703,0.7828
ITA,IDN,2021,va,0.005126,0.7828
ITA,CHN,2021,va,0.094912,0.7828
ITA,POL,2021,va,0.023234,0.7828
ITA,FRA,2021,va,0.077021,0.7828
ITA,GBR,2021,va,0.036062,0.7828
ITA,NLD,2021,va,0.036814,0.7828
ITA,ISR,2021,va,0.003755,0.7828
ITA,DNK,2021,va,0.006868,0.7828
ITA,FIN,2021,va,0.004746,0.7828
ITA,ZAF,2021,va,0.003057,0.7828
ITA,EGY,2021,va,0.004309,0.7828
ITA,HKG,2021,va,0.001086,0.7828
ITA,BRA,2021,va,0.009577,0.7828
ITA,SWE,2021,va,0.012208,0.7828
ITA,ESP,2021,va,0.046101,0.7828
ITA,HUN,2021,va,0.00852,0.7828
ITA,CHL,2021,va,0.00197,0.7828
ITA,TWN,2022,va,0.005919,0.7599
ITA,VNM,2022,va,0.004813,0.7599
ITA,GBR,2022,va,0.032929,0.7599
ITA,UKR,2022,va,0.002246,0.7599
ITA,IDN,2022,va,0.005762,0.7599
ITA,IND,2022,va,0.016227,0.7599
ITA,HKG,2022,va,0.001007,0.7599
ITA,ESP,2022,va,0.043197,0.7599
ITA,KOR,2022,va,0.009269,0.7599
ITA,DEU,2022,va,0.118828,0.7599
ITA,CHE,2022,va,0.022521,0.7599
ITA,EGY,2022,va,0.004543,0.7599
ITA,AUS,2022,va,0.005394,0.7599
ITA,RUS,2022,va,0.02966,0.7599
ITA,SAU,2022,va,0.016846,0.7599
ITA,MYS,2022,va,0.002882,0.7599
ITA,ARG,2022,va,0.002939,0.7599
ITA,TUR,2022,va,0.017929,0.7599
ITA,ISR,2022,va,0.004151,0.7599
ITA,USA,2022,va,0.068182,0.7599
ITA,POL,2022,va,0.02134,0.7599
ITA,PER,2022,va,0.001549,0.7599
ITA,MEX,2022,va,0.0036,0.7599
ITA,NOR,2022,va,0.01816,0.7599
ITA,DNK,2022,va,0.006721,0.7599
ITA,CHL,2022,va,0.001573,0.7599
ITA,FIN,2022,va,0.003956,0.7599
ITA,TUN,2022,va,0.003777,0.7599
ITA,ZAF,2022,va,0.002736,0.7599
ITA,THA,2022,va,0.003734,0.7599
ITA,NLD,2022,va,0.032862,0.7599
ITA,BEL,2022,va,0.020719,0.7599
ITA,PHL,2022,va,0.001641,0.7599
ITA,PRT,2022,va,0.005428,0.7599
ITA,CAN,2022,va,0.006689,0.7599
ITA,CHN,2022,va,0.097006,0.7599
ITA,BRA,2022,va,0.01026,0.7599
ITA,SWE,2022,va,0.011213,0.7599
ITA,JPN,2022,va,0.01332,0.7599
ITA,HUN,2022,va,0.007349,0.7599
ITA,FRA,2022,va,0.069084,0.7599
ITA,COL,2022,va,0.001914,0.7599
JPN,IDN,2019,va,0.021431,0.826
JPN,CHN,2019,va,0.203876,0.826
JPN,BRA,2019,va,0.009329,0.826
JPN,USA,2019,va,0.158718,0.826
JPN,ESP,2019,va,0.006679,0.826
JPN,DEU,2019,va,0.038648,0.826
JPN,CAN,2019,va,0.014793,0.826
JPN,UKR,2019,va,0.000769,0.826
JPN,ZAF,2019,va,0.003004,0.826
JPN,ITA,2019,va,0.01466,0.826
JPN,MEX,2019,va,0.006972,0.826
JPN,NLD,2019,va,0.010132,0.826
JPN,FIN,2019,va,0.00302,0.826
JPN,PER,2019,va,0.003147,0.826
JPN,MYS,2019,va,0.012964,0.826
JPN,AUS,2019,va,0.044661,0.826
JPN,HKG,2019,va,0.004557,0.826
JPN,NOR,2019,va,0.003332,0.826
JPN,KOR,2019,va,0.03325,0.826
JPN,FRA,2019,va,0.018039,0.826
JPN,BEL,2019,va,0.004571,0.826
JPN,TUN,2019,va,0.000243,0.826
JPN,SAU,2019,va,0.031786,0.826
JPN,PHL,2019,va,0.01063,0.826
JPN,ISR,2019,va,0.003634,0.826
JPN,COL,2019,va,0.000964,0.826
JPN,TWN,2019,va,0.022809,0.826
JPN,THA,2019,va,0.023114,0.826
JPN,ARG,2019,va,0.001392,0.826
JPN,PRT,2019,va,0.00122,0.826
JPN,HUN,2019,va,0.001538,0.826
JPN,VNM,2019,va,0.015813,0.826
JPN,RUS,2019,va,0.01706,0.826
JPN,CHE,2019,va,0.015786,0.826
JPN,TUR,2019,va,0.002631,0.826
JPN,GBR,2019,va,0.023825,0.826
JPN,CHL,2019,va,0.007041,0.826
JPN,DNK,2019,va,0.005029,0.826
JPN,EGY,2019,va,0.001012,0.826
JPN,IND,2019,va,0.015636,0.826
JPN,SWE,2019,va,0.005585,0.826
JPN,POL,2019,va,0.002697,0.826
JPN,THA,2021,va,0.019158,0.8422
JPN,UKR,2021,va,0.000846,0.8422
JPN,IND,2021,va,0.016528,0.8422
JPN,IDN,2021,va,0.022579,0.8422
JPN,MEX,2021,va,0.006229,0.8422
JPN,NOR,2021,va,0.00377,0.8422
JPN,FRA,2021,va,0.016541,0.8422
JPN,TWN,2021,va,0.02651,0.8422
JPN,EGY,2021,va,0.001135,0.8422
JPN,ARG,2021,va,0.001608,0.8422
JPN,BRA,2021,va,0.010305,0.8422
JPN,CHE,2021,va,0.015594,0.8422
JPN,KOR,2021,va,0.036288,0.8422
JPN,VNM,2021,va,0.01382,0.8422
JPN,TUN,2021,va,0.00021,0.8422
JPN,RUS,2021,va,0.016778,0.8422
JPN,CHN,2021,va,0.233057,0.8422
JPN,HUN,2021,va,0.001433,0.8422
JPN,AUS,2021,va,0.050995,0.8422
JPN,SAU,2021,va,0.030361,0.8422
JPN,MYS,2021,va,0.011057,0.8422
JPN,TUR,2021,va,0.002543,0.8422
JPN,ISR,2021,va,0.003777,0.8422
JPN,ITA,2021,va,0.012906,0.8422
JPN,CHL,2021,va,0.008072,0.8422
JPN,PHL,2021,va,0.009051,0.8422
JPN,POL,2021,va,0.002678,0.8422
JPN,DNK,2021,va,0.005551,0.8422
JPN,HKG,2021,va,0.004032,0.8422
JPN,GBR,2021,va,0.021225,0.8422
JPN,NLD,2021,va,0.009589,0.8422
JPN,DEU,2021,va,0.034197,0.8422
JPN,ZAF,2021,va,0.003923,0.8422
JPN,SWE,2021,va,0.005957,0.8422
JPN,BEL,2021,va,0.005753,0.8422
JPN,PER,2021,va,0.003342,0.8422
JPN,USA,2021,va,0.146075,0.8422
JPN,ESP,2021,va,0.00657,0.8422
JPN,PRT,2021,va,0.00102,0.8422
JPN,FIN,2021,va,0.003184,0.8422
JPN,COL,2021,va,0.00087,0.8422
JPN,CAN,2021,va,0.017103,0.8422
JPN,MYS,2022,va,0.012447,0.8246
JPN,HKG,2022,va,0.003592,0.8246
JPN,BRA,2022,va,0.011347,0.8246
JPN,TWN,2022,va,0.025408,0.8246
JPN,GBR,2022,va,0.020077,0.8246
JPN,ESP,2022,va,0.007365,0.8246
JPN,USA,2022,va,0.143186,0.8246
JPN,CAN,2022,va,0.016128,0.8246
JPN,RUS,2022,va,0.01589,0.8246
JPN,NLD,2022,va,0.008563,0.8246
JPN,KOR,2022,va,0.031058,0.8246
JPN,MEX,2022,va,0.006524,0.8246
JPN,ISR,2022,va,0.003554,0.8246
JPN,DNK,2022,va,0.005877,0.8246
JPN,FIN,2022,va,0.002846,0.8246
JPN,AUS,2022,va,0.067259,0.8246
JPN,VNM,2022,va,0.014321,0.8246
JPN,THA,2022,va,0.016648,0.8246
JPN,ZAF,2022,va,0.003616,0.8246
JPN,CHN,2022,va,0.207599,0.8246
JPN,ARG,2022,va,0.001846,0.8246
JPN,CHE,2022,va,0.015149,0.8246
JPN,NOR,2022,va,0.004232,0.8246
JPN,FRA,2022,va,0.013704,0.8246
JPN,COL,2022,va,0.001144,0.8246
JPN,SAU,2022,va,0.042874,0.8246
JPN,HUN,2022,va,0.001276,0.8246
JPN,SWE,2022,va,0.005431,0.8246
JPN,CHL,2022,va,0.006035,0.8246
JPN,UKR,2022,va,0.000459,0.8246
JPN,PER,2022,va,0.003383,0.8246
JPN,PHL,2022,va,0.009015,0.8246
JPN,EGY,2022,va,0.00118,0.8246
JPN,DEU,2022,va,0.030447,0.8246
JPN,TUN,2022,va,0.000272,0.8246
JPN,IDN,2022,va,0.025447,0.8246
JPN,IND,2022,va,0.01558,0.8246
JPN,TUR,2022,va,0.002692,0.8246
JPN,POL,2022,va,0.002639,0.8246
JPN,PRT,2022,va,0.00097,0.8246
JPN,ITA,2022,va,0.011883,0.8246
JPN,BEL,2022,va,0.005625,0.8246
KOR,VNM,2019,va,0.021459,0.8366
KOR,RUS,2019,va,0.024537,0.8366
KOR,PER,2019,va,0.003219,0.8366
KOR,MYS,2019,va,0.009907,0.8366
KOR,BRA,2019,va,0.009081,0.8366
KOR,NLD,2019,va,0.009853,0.8366
KOR,ESP,2019,va,0.010546,0.8366
KOR,ZAF,2019,va,0.003088,0.8366
KOR,EGY,2019,va,0.001994,0.8366
KOR,ITA,2019,va,0.018004,0.8366
KOR,NOR,2019,va,0.00375,0.8366
KOR,DEU,2019,va,0.045459,0.8366
KOR,AUS,2019,va,0.031791,0.8366
KOR,CHN,2019,va,0.190801,0.8366
KOR,GBR,2019,va,0.021377,0.8366
KOR,ARG,2019,va,0.002854,0.8366
KOR,PRT,2019,va,0.001888,0.8366
KOR,TWN,2019,va,0.019601,0.8366
KOR,THA,2019,va,0.012383,0.8366
KOR,IDN,2019,va,0.018824,0.8366
KOR,HKG,2019,va,0.005094,0.8366
KOR,IND,2019,va,0.020059,0.8366
KOR,TUR,2019,va,0.005106,0.8366
KOR,ISR,2019,va,0.003897,0.8366
KOR,TUN,2019,va,0.000277,0.8366
KOR,PHL,2019,va,0.009798,0.8366
KOR,USA,2019,va,0.143928,0.8366
KOR,JPN,2019,va,0.0803,0.8366
KOR,UKR,2019,va,0.001069,0.8366
KOR,POL,2019,va,0.003499,0.8366
KOR,MEX,2019,va,0.008711,0.8366
KOR,FRA,2019,va,0.019764,0.8366
KOR,FIN,2019,va,0.002551,0.8366
KOR,DNK,2019,va,0.003446,0.8366
KOR,BEL,2019,va,0.003838,0.8366
KOR,SAU,2019,va,0.029035,0.8366
KOR,SWE,2019,va,0.004788,0.8366
KOR,CHE,2019,va,0.008913,0.8366
KOR,HUN,2019,va,0.001523,0.8366
KOR,CHL,2019,va,0.004892,0.8366
KOR,COL,2019,va,0.001403,0.8366
KOR,CAN,2019,va,0.014337,0.8366
KOR,TWN,2021,va,0.02433,0.8596
KOR,GBR,2021,va,0.020274,0.8596
KOR,ESP,2021,va,0.006828,0.8596
KOR,DEU,2021,va,0.04361,0.8596
KOR,SAU,2021,va,0.028112,0.8596
KOR,RUS,2021,va,0.025224,0.8596
KOR,MYS,2021,va,0.007884,0.8596
KOR,CHN,2021,va,0.231987,0.8596
KOR,MEX,2021,va,0.009081,0.8596
KOR,VNM,2021,va,0.018744,0.8596
KOR,BEL,2021,va,0.005091,0.8596
KOR,CAN,2021,va,0.01321,0.8596
KOR,TUN,2021,va,0.000245,0.8596
KOR,PHL,2021,va,0.007671,0.8596
KOR,NLD,2021,va,0.014045,0.8596
KOR,POL,2021,va,0.003556,0.8596
KOR,THA,2021,va,0.009419,0.8596
KOR,UKR,2021,va,0.000987,0.8596
KOR,IDN,2021,va,0.017727,0.8596
KOR,SWE,2021,va,0.005021,0.8596
KOR,TUR,2021,va,0.004406,0.8596
KOR,HUN,2021,va,0.001511,0.8596
KOR,COL,2021,va,0.001312,0.8596
KOR,HKG,2021,va,0.00413,0.8596
KOR,IND,2021,va,0.020253,0.8596
KOR,ARG,2021,va,0.003562,0.8596
KOR,BRA,2021,va,0.010189,0.8596
KOR,CHE,2021,va,0.008599,0.8596
KOR,NOR,2021,va,0.006093,0.8596
KOR,DNK,2021,va,0.003715,0.8596
KOR,AUS,2021,va,0.038997,0.8596
KOR,PER,2021,va,0.003677,0.8596
KOR,EGY,2021,va,0.002239,0.8596
KOR,USA,2021,va,0.134165,0.8596
KOR,PRT,2021,va,0.001565,0.8596
KOR,ITA,2021,va,0.015148,0.8596
KOR,ISR,2021,va,0.00416,0.8596
KOR,JPN,2021,va,0.07445,0.8596
KOR,CHL,2021,va,0.004932,0.8596
KOR,ZAF,2021,va,0.003405,0.8596
KOR,FIN,2021,va,0.001945,0.8596
KOR,FRA,2021,va,0.018131,0.8596
KOR,SWE,2022,va,0.004274,0.8431
KOR,NLD,2022,va,0.012572,0.8431
KOR,CHL,2022,va,0.004568,0.8431
KOR,THA,2022,va,0.009485,0.8431
KOR,PER,2022,va,0.003314,0.8431
KOR,GBR,2022,va,0.019724,0.8431
KOR,TUR,2022,va,0.00436,0.8431
KOR,NOR,2022,va,0.005636,0.8431
KOR,TUN,2022,va,0.000291,0.8431
KOR,TWN,2022,va,0.024324,0.8431
KOR,POL,2022,va,0.003544,0.8431
KOR,MEX,2022,va,0.00874,0.8431
KOR,JPN,2022,va,0.065879,0.8431
KOR,ISR,2022,va,0.004045,0.8431
KOR,DNK,2022,va,0.004075,0.8431
KOR,VNM,2022,va,0.018932,0.8431
KOR,SAU,2022,va,0.038884,0.8431
KOR,CHN,2022,va,0.214954,0.8431
KOR,BRA,2022,va,0.011074,0.8431
KOR,PRT,2022,va,0.001517,0.8431
KOR,HUN,2022,va,0.001392,0.8431
KOR,AUS,2022,va,0.042804,0.8431
KOR,ZAF,2022,va,0.002993,0.8431
KOR,EGY,2022,va,0.002986,0.8431
KOR,CHE,2022,va,0.008313,0.8431
KOR,USA,2022,va,0.134634,0.8431
KOR,ARG,2022,va,0.00457,0.8431
KOR,DEU,2022,va,0.042016,0.8431
KOR,COL,2022,va,0.001269,0.8431
KOR,UKR,2022,va,0.000915,0.8431
KOR,MYS,2022,va,0.009195,0.8431
KOR,HKG,2022,va,0.003599,0.8431
KOR,ITA,2022,va,0.013579,0.8431
KOR,FRA,2022,va,0.017847,0.8431
KOR,FIN,2022,va,0.002054,0.8431
KOR,RUS,2022,va,0.019554,0.8431
KOR,PHL,2022,va,0.008238,0.8431
KOR,IDN,2022,va,0.020431,0.8431
KOR,IND,2022,va,0.021656,0.8431
KOR,ESP,2022,va,0.007166,0.8431
KOR,CAN,2022,va,0.0133,0.8431
KOR,BEL,2022,va,0.00444,0.8431
MEX,TUN,2019,va,0.000189,0.9326
MEX,RUS,2019,va,0.007566,0.9326
MEX,HKG,2019,va,0.001253,0.9326
MEX,SWE,2019,va,0.003538,0.9326
MEX,CHE,2019,va,0.00763,0.9326
MEX,VNM,2019,va,0.007058,0.9326
MEX,BRA,2019,va,0.014064,0.9326
MEX,IND,2019,va,0.012551,0.9326
MEX,FRA,2019,va,0.014718,0.9326
MEX,FIN,2019,va,0.001506,0.9326
MEX,TWN,2019,va,0.01506,0.9326
MEX,THA,2019,va,0.009037,0.9326
MEX,ESP,2019,va,0.013799,0.9326
MEX,ISR,2019,va,0.002483,0.9326
MEX,CHN,2019,va,0.149833,0.9326
MEX,GBR,2019,va,0.013343,0.9326
MEX,ITA,2019,va,0.016422,0.9326
MEX,NOR,2019,va,0.002865,0.9326
MEX,DNK,2019,va,0.002803,0.9326
MEX,AUS,2019,va,0.005252,0.9326
MEX,ZAF,2019,va,0.001554,0.9326
MEX,PER,2019,va,0.001809,0.9326
MEX,USA,2019,va,0.426312,0.9326
MEX,JPN,2019,va,0.039081,0.9326
MEX,UKR,2019,va,0.000488,0.9326
MEX,PHL,2019,va,0.003445,0.9326
MEX,POL,2019,va,0.003627,0.9326
MEX,PRT,2019,va,0.001722,0.9326
MEX,SAU,2019,va,0.006613,0.9326
MEX,IDN,2019,va,0.004776,0.9326
MEX,EGY,2019,va,0.000892,0.9326
MEX,ARG,2019,va,0.002649,0.9326
MEX,HUN,2019,va,0.002035,0.9326
MEX,NLD,2019,va,0.006151,0.9326
MEX,BEL,2019,va,0.003422,0.9326
MEX,MYS,2019,va,0.008997,0.9326
MEX,TUR,2019,va,0.003739,0.9326
MEX,KOR,2019,va,0.02881,0.9326
MEX,DEU,2019,va,0.048307,0.9326
MEX,CHL,2019,va,0.004238,0.9326
MEX,COL,2019,va,0.004554,0.9326
MEX,CAN,2019,va,0.028375,0.9326
MEX,EGY,2021,va,0.00086,0.9352
MEX,SWE,2021,va,0.003613,0.9352
MEX,JPN,2021,va,0.03625,0.9352
MEX,CHL,2021,va,0.00462,0.9352
MEX,CHN,2021,va,0.185639,0.9352
MEX,POL,2021,va,0.004645,0.9352
MEX,FIN,2021,va,0.001498,0.9352
MEX,UKR,2021,va,0.000549,0.9352
MEX,CAN,2021,va,0.028998,0.9352
MEX,RUS,2021,va,0.007629,0.9352
MEX,IND,2021,va,0.012951,0.9352
MEX,IDN,2021,va,0.005226,0.9352
MEX,CHE,2021,va,0.007498,0.9352
MEX,TUR,2021,va,0.004027,0.9352
MEX,ITA,2021,va,0.014537,0.9352
MEX,COL,2021,va,0.003543,0.9352
MEX,BEL,2021,va,0.003403,0.9352
MEX,THA,2021,va,0.007559,0.9352
MEX,ZAF,2021,va,0.001976,0.9352
MEX,MYS,2021,va,0.00745,0.9352
MEX,BRA,2021,va,0.015437,0.9352
MEX,HUN,2021,va,0.002036,0.9352
MEX,VNM,2021,va,0.00805,0.9352
MEX,TUN,2021,va,0.000187,0.9352
MEX,SAU,2021,va,0.004711,0.9352
MEX,PHL,2021,va,0.002874,0.9352
MEX,PRT,2021,va,0.001504,0.9352
MEX,KOR,2021,va,0.029551,0.9352
MEX,DEU,2021,va,0.044917,0.9352
MEX,HKG,2021,va,0.00085,0.9352
MEX,NOR,2021,va,0.003369,0.9352
MEX,DNK,2021,va,0.0045,0.9352
MEX,PER,2021,va,0.002322,0.9352
MEX,TWN,2021,va,0.018094,0.9352
MEX,ARG,2021,va,0.002705,0.9352
MEX,GBR,2021,va,0.01251,0.9352
MEX,USA,2021,va,0.396163,0.9352
MEX,NLD,2021,va,0.006453,0.9352
MEX,ESP,2021,va,0.0129,0.9352
MEX,ISR,2021,va,0.002512,0.9352
MEX,FRA,2021,va,0.014917,0.9352
MEX,AUS,2021,va,0.00618,0.9352
MEX,RUS,2022,va,0.00823,0.9304
MEX,TUR,2022,va,0.004169,0.9304
MEX,POL,2022,va,0.004614,0.9304
MEX,ITA,2022,va,0.013975,0.9304
MEX,MYS,2022,va,0.007882,0.9304
MEX,GBR,2022,va,0.012446,0.9304
MEX,NOR,2022,va,0.004812,0.9304
MEX,CHL,2022,va,0.004224,0.9304
MEX,HKG,2022,va,0.000795,0.9304
MEX,AUS,2022,va,0.006302,0.9304
MEX,TWN,2022,va,0.01687,0.9304
MEX,PER,2022,va,0.002586,0.9304
MEX,ARG,2022,va,0.003489,0.9304
MEX,NLD,2022,va,0.006096,0.9304
MEX,KOR,2022,va,0.02582,0.9304
MEX,DEU,2022,va,0.040621,0.9304
MEX,DNK,2022,va,0.005556,0.9304
MEX,IDN,2022,va,0.006184,0.9304
MEX,IND,2022,va,0.012528,0.9304
MEX,SWE,2022,va,0.003347,0.9304
MEX,SAU,2022,va,0.008103,0.9304
MEX,ESP,2022,va,0.013252,0.9304
MEX,USA,2022,va,0.408187,0.9304
MEX,FRA,2022,va,0.013457,0.9304
MEX,FIN,2022,va,0.00163,0.9304
MEX,TUN,2022,va,0.000173,0.9304
MEX,PHL,2022,va,0.002737,0.9304
MEX,CHN,2022,va,0.175683,0.9304
MEX,BRA,2022,va,0.016964,0.9304
MEX,PRT,2022,va,0.00139,0.9304
MEX,JPN,2022,va,0.030301,0.9304
MEX,HUN,2022,va,0.001742,0.9304
MEX,CAN,2022,va,0.031083,0.9304
MEX,BEL,2022,va,0.003229,0.9304
MEX,VNM,2022,va,0.008063,0.9304
MEX,THA,2022,va,0.006823,0.9304
MEX,UKR,2022,va,0.000241,0.9304
MEX,ZAF,2022,va,0.001714,0.9304
MEX,EGY,2022,va,0.000778,0.9304
MEX,CHE,2022,va,0.007176,0.9304
MEX,ISR,2022,va,0.002582,0.9304
MEX,COL,2022,va,0.004543,0.9304
MYS,TUN,2019,va,0.000295,0.818
MYS,ZAF,2019,va,0.004028,0.818
MYS,NLD,2019,va,0.011325,0.818
MYS,CHL,2019,va,0.001805,0.818
MYS,BEL,2019,va,0.004446,0.818
MYS,DNK,2019,va,0.002646,0.818
MYS,VNM,2019,va,0.013715,0.818
MYS,IDN,2019,va,0.038163,0.818
MYS,DEU,2019,va,0.038813,0.818
MYS,PER,2019,va,0.001369,0.818
MYS,ARG,2019,va,0.006058,0.818
MYS,PRT,2019,va,0.001796,0.818
MYS,POL,2019,va,0.002953,0.818
MYS,ISR,2019,va,0.002898,0.818
MYS,UKR,2019,va,0.001243,0.818
MYS,TWN,2019,va,0.02959,0.818
MYS,THA,2019,va,0.038525,0.818
MYS,EGY,2019,va,0.001661,0.818
MYS,USA,2019,va,0.114368,0.818
MYS,MEX,2019,va,0.004731,0.818
MYS,AUS,2019,va,0.025981,0.818
MYS,SAU,2019,va,0.021145,0.818
MYS,HKG,2019,va,0.009545,0.818
MYS,SWE,2019,va,0.005378,0.818
MYS,NOR,2019,va,0.003386,0.818
MYS,KOR,2019,va,0.02879,0.818
MYS,HUN,2019,va,0.001183,0.818
MYS,FIN,2019,va,0.002236,0.818
MYS,CAN,2019,va,0.008462,0.818
MYS,COL,2019,va,0.000892,0.818
MYS,RUS,2019,va,0.009527,0.818
MYS,IND,2019,va,0.033541,0.818
MYS,CHN,2019,va,0.169637,0.818
MYS,GBR,2019,va,0.023294,0.818
MYS,ESP,2019,va,0.008546,0.818
MYS,FRA,2019,va,0.023001,0.818
MYS,PHL,2019,va,0.009489,0.818
MYS,BRA,2019,va,0.008494,0.818
MYS,CHE,2019,va,0.008966,0.818
MYS,TUR,2019,va,0.004644,0.818
MYS,JPN,2019,va,0.077682,0.818
MYS,ITA,2019,va,0.01373,0.818
MYS,UKR,2021,va,0.001345,0.8363
MYS,VNM,2021,va,0.012471,0.8363
MYS,RUS,2021,va,0.008823,0.8363
MYS,IND,2021,va,0.033363,0.8363
MYS,GBR,2021,va,0.021298,0.8363
MYS,ITA,2021,va,0.01103,0.8363
MYS,ISR,2021,va,0.002679,0.8363
MYS,DEU,2021,va,0.03419,0.8363
MYS,CHL,2021,va,0.002273,0.8363
MYS,COL,2021,va,0.000824,0.8363
MYS,PHL,2021,va,0.009161,0.8363
MYS,CHN,2021,va,0.217976,0.8363
MYS,HUN,2021,va,0.001014,0.8363
MYS,TUR,2021,va,0.004378,0.8363
MYS,HKG,2021,va,0.009055,0.8363
MYS,ARG,2021,va,0.008107,0.8363
MYS,CHE,2021,va,0.00886,0.8363
MYS,SWE,2021,va,0.005208,0.8363
MYS,MEX,2021,va,0.004065,0.8363
MYS,DNK,2021,va,0.002828,0.8363
MYS,FIN,2021,va,0.002087,0.8363
MYS,TUN,2021,va,0.000212,0.8363
MYS,SAU,2021,va,0.013843,0.8363
MYS,USA,2021,va,0.100867,0.8363
MYS,ESP,2021,va,0.005306,0.8363
MYS,ZAF,2021,va,0.002888,0.8363
MYS,POL,2021,va,0.002579,0.8363
MYS,BEL,2021,va,0.004939,0.8363
MYS,CAN,2021,va,0.007403,0.8363
MYS,THA,2021,va,0.033088,0.8363
MYS,PER,2021,va,0.001367,0.8363
MYS,TWN,2021,va,0.033375,0.8363
MYS,EGY,2021,va,0.001659,0.8363
MYS,BRA,2021,va,0.012245,0.8363
MYS,NOR,2021,va,0.003011,0.8363
MYS,KOR,2021,va,0.03036,0.8363
MYS,IDN,2021,va,0.048032,0.8363
MYS,PRT,2021,va,0.001098,0.8363
MYS,NLD,2021,va,0.010752,0.8363
MYS,JPN,2021,va,0.0786,0.8363
MYS,FRA,2021,va,0.017078,0.8363
MYS,AUS,2021,va,0.026576,0.8363
MYS,PER,2022,va,0.001335,0.8252
MYS,CHN,2022,va,0.194857,0.8252
MYS,COL,2022,va,0.001126,0.8252
MYS,VNM,2022,va,0.012363,0.8252
MYS,ZAF,2022,va,0.002844,0.8252
MYS,THA,2022,va,0.028952,0.8252
MYS,ESP,2022,va,0.006422,0.8252
MYS,ISR,2022,va,0.002945,0.8252
MYS,BEL,2022,va,0.003848,0.8252
MYS,UKR,2022,va,0.000572,0.8252
MYS,IND,2022,va,0.034902,0.8252
MYS,HKG,2022,va,0.007383,0.8252
MYS,BRA,2022,va,0.010373,0.8252
MYS,MEX,2022,va,0.004758,0.8252
MYS,NOR,2022,va,0.007949,0.8252
MYS,CHL,2022,va,0.002682,0.8252
MYS,RUS,2022,va,0.011482,0.8252
MYS,SAU,2022,va,0.029457,0.8252
MYS,POL,2022,va,0.002808,0.8252
MYS,NLD,2022,va,0.009507,0.8252
MYS,KOR,2022,va,0.026346,0.8252
MYS,JPN,2022,va,0.066171,0.8252
MYS,FRA,2022,va,0.017878,0.8252
MYS,DNK,2022,va,0.003283,0.8252
MYS,TWN,2022,va,0.030518,0.8252
MYS,CHE,2022,va,0.008882,0.8252
MYS,GBR,2022,va,0.020971,0.8252
MYS,IDN,2022,va,0.048907,0.8252
MYS,PRT,2022,va,0.0014,0.8252
MYS,DEU,2022,va,0.031459,0.8252
MYS,AUS,2022,va,0.033115,0.8252
MYS,EGY,2022,va,0.001664,0.8252
MYS,USA,2022,va,0.109625,0.8252
MYS,TUR,2022,va,0.00448,0.8252
MYS,ITA,2022,va,0.010749,0.8252
MYS,FIN,2022,va,0.001891,0.8252
MYS,CAN,2022,va,0.00828,0.8252
MYS,TUN,2022,va,0.00028,0.8252
MYS,ARG,2022,va,0.007455,0.8252
MYS,HUN,2022,va,0.000969,0.8252
MYS,PHL,2022,va,0.009595,0.8252
MYS,SWE,2022,va,0.004684,0.8252
NLD,PER,2019,va,0.001778,0.839
NLD,MYS,2019,va,0.006869,0.839
NLD,GBR,2019,va,0.07703,0.839
NLD,ARG,2019,va,0.003244,0.839
NLD,CHE,2019,va,0.013705,0.839
NLD,TUR,2019,va,0.009118,0.839
NLD,NOR,2019,va,0.01951,0.839
NLD,DEU,2019,va,0.135007,0.839
NLD,CHL,2019,va,0.002382,0.839
NLD,ZAF,2019,va,0.003503,0.839
NLD,CHN,2019,va,0.06202,0.839
NLD,IDN,2019,va,0.006148,0.839
NLD,USA,2019,va,0.122071,0.839
NLD,ESP,2019,va,0.024211,0.839
NLD,JPN,2019,va,0.042225,0.839
NLD,CAN,2019,va,0.008698,0.839
NLD,BEL,2019,va,0.04667,0.839
NLD,RUS,2019,va,0.027783,0.839
NLD,HKG,2019,va,0.003431,0.839
NLD,ITA,2019,va,0.024834,0.839
NLD,FIN,2019,va,0.006289,0.839
NLD,VNM,2019,va,0.004498,0.839
NLD,POL,2019,va,0.020972,0.839
NLD,FRA,2019,va,0.04769,0.839
NLD,PHL,2019,va,0.003583,0.839
NLD,IND,2019,va,0.017343,0.839
NLD,SWE,2019,va,0.015669,0.839
NLD,ISR,2019,va,0.005744,0.839
NLD,KOR,2019,va,0.009154,0.839
NLD,COL,2019,va,0.002215,0.839
NLD,TWN,2019,va,0.007013,0.839
NLD,THA,2019,va,0.007145,0.839
NLD,EGY,2019,va,0.002048,0.839
NLD,BRA,2019,va,0.010813,0.839
NLD,AUS,2019,va,0.006672,0.839
NLD,TUN,2019,va,0.000479,0.839
NLD,PRT,2019,va,0.004415,0.839
NLD,HUN,2019,va,0.004841,0.839
NLD,MEX,2019,va,0.004363,0.839
NLD,DNK,2019,va,0.008261,0.839
NLD,UKR,2019,va,0.00309,0.839
NLD,SAU,2019,va,0.006452,0.839
NLD,PHL,2021,va,0.003184,0.8513
NLD,IDN,2021,va,0.005547,0.8513
NLD,BRA,2021,va,0.010718,0.8513
NLD,USA,2021,va,0.112326,0.8513
NLD,MEX,2021,va,0.003817,0.8513
NLD,PRT,2021,va,0.004382,0.8513
NLD,CHL,2021,va,0.002133,0.8513
NLD,TUN,2021,va,0.000419,0.8513
NLD,SAU,2021,va,0.005144,0.8513
NLD,SWE,2021,va,0.018368,0.8513
NLD,ESP,2021,va,0.023368,0.8513
NLD,FRA,2021,va,0.047546,0.8513
NLD,MYS,2021,va,0.005795,0.8513
NLD,THA,2021,va,0.004749,0.8513
NLD,UKR,2021,va,0.003773,0.8513
NLD,HKG,2021,va,0.002858,0.8513
NLD,CHN,2021,va,0.084294,0.8513
NLD,DNK,2021,va,0.008741,0.8513
NLD,TWN,2021,va,0.008951,0.8513
NLD,PER,2021,va,0.00244,0.8513
NLD,EGY,2021,va,0.001967,0.8513
NLD,ARG,2021,va,0.003206,0.8513
NLD,CHE,2021,va,0.014856,0.8513
NLD,TUR,2021,va,0.009722,0.8513
NLD,DEU,2021,va,0.141735,0.8513
NLD,ZAF,2021,va,0.003788,0.8513
NLD,POL,2021,va,0.022981,0.8513
NLD,ITA,2021,va,0.027385,0.8513
NLD,HUN,2021,va,0.00494,0.8513
NLD,BEL,2021,va,0.047852,0.8513
NLD,VNM,2021,va,0.004275,0.8513
NLD,GBR,2021,va,0.074059,0.8513
NLD,NOR,2021,va,0.021351,0.8513
NLD,JPN,2021,va,0.031148,0.8513
NLD,ISR,2021,va,0.005616,0.8513
NLD,FIN,2021,va,0.006505,0.8513
NLD,COL,2021,va,0.002145,0.8513
NLD,CAN,2021,va,0.008837,0.8513
NLD,RUS,2021,va,0.025519,0.8513
NLD,IND,2021,va,0.016701,0.8513
NLD,KOR,2021,va,0.011397,0.8513
NLD,AUS,2021,va,0.006737,0.8513
NLD,FRA,2022,va,0.044825,0.8371
NLD,DNK,2022,va,0.008442,0.8371
NLD,BEL,2022,va,0.045274,0.8371
NLD,THA,2022,va,0.004364,0.8371
NLD,PER,2022,va,0.002036,0.8371
NLD,IDN,2022,va,0.005809,0.8371
NLD,IND,2022,va,0.018399,0.8371
NLD,ARG,2022,va,0.003974,0.8371
NLD,CHE,2022,va,0.012807,0.8371
NLD,MEX,2022,va,0.003867,0.8371
NLD,HUN,2022,va,0.004275,0.8371
NLD,SWE,2022,va,0.015672,0.8371
NLD,CHL,2022,va,0.004,0.8371
NLD,ZAF,2022,va,0.003958,0.8371
NLD,TWN,2022,va,0.006909,0.8371
NLD,VNM,2022,va,0.003437,0.8371
NLD,SAU,2022,va,0.010678,0.8371
NLD,HKG,2022,va,0.002192,0.8371
NLD,TUR,2022,va,0.010311,0.8371
NLD,ITA,2022,va,0.024479,0.8371
NLD,DEU,2022,va,0.120505,0.8371
NLD,RUS,2022,va,0.026801,0.8371
NLD,MYS,2022,va,0.004929,0.8371
NLD,CHN,2022,va,0.068516,0.8371
NLD,BRA,2022,va,0.013345,0.8371
NLD,GBR,2022,va,0.071304,0.8371
NLD,PRT,2022,va,0.004594,0.8371
NLD,KOR,2022,va,0.008338,0.8371
NLD,CAN,2022,va,0.00997,0.8371
NLD,COL,2022,va,0.003156,0.8371
NLD,TUN,2022,va,0.000447,0.8371
NLD,UKR,2022,va,0.001659,0.8371
NLD,EGY,2022,va,0.003053,0.8371
NLD,ESP,2022,va,0.023942,0.8371
NLD,USA,2022,va,0.125857,0.8371
NLD,JPN,2022,va,0.028002,0.8371
NLD,ISR,2022,va,0.005524,0.8371
NLD,FIN,2022,va,0.005292,0.8371
NLD,PHL,2022,va,0.003621,0.8371
NLD,NOR,2022,va,0.043375,0.8371
NLD,AUS,2022,va,0.006653,0.8371
NLD,POL,2022,va,0.02254,0.8371
NOR,ZAF,2019,va,0.002871,0.8601
NOR,THA,2019,va,0.007969,0.8601
NOR,USA,2019,va,0.113665,0.8601
NOR,JPN,2019,va,0.024987,0.8601
NOR,ITA,2019,va,0.032394,0.8601
NOR,PHL,2019,va,0.002792,0.8601
NOR,SAU,2019,va,0.004261,0.8601
NOR,ARG,2019,va,0.001328,0.8601
NOR,PRT,2019,va,0.005147,0.8601
NOR,POL,2019,va,0.028534,0.8601
NOR,ISR,2019,va,0.002759,0.8601
NOR,CHL,2019,va,0.001892,0.8601
NOR,COL,2019,va,0.001332,0.8601
NOR,FRA,2019,va,0.038436,0.8601
NOR,FIN,2019,va,0.015422,0.8601
NOR,TWN,2019,va,0.007084,0.8601
NOR,IDN,2019,va,0.003751,0.8601
NOR,GBR,2019,va,0.063282,0.8601
NOR,MEX,2019,va,0.005748,0.8601
NOR,NLD,2019,va,0.03064,0.8601
NOR,HUN,2019,va,0.003341,0.8601
NOR,BRA,2019,va,0.012935,0.8601
NOR,CHE,2019,va,0.014374,0.8601
NOR,UKR,2019,va,0.001204,0.8601
NOR,EGY,2019,va,0.002358,0.8601
NOR,IND,2019,va,0.016003,0.8601
NOR,CHN,2019,va,0.080096,0.8601
NOR,SWE,2019,va,0.077409,0.8601
NOR,TUR,2019,va,0.011483,0.8601
NOR,BEL,2019,va,0.012546,0.8601
NOR,AUS,2019,va,0.007236,0.8601
NOR,TUN,2019,va,0.000536,0.8601
NOR,ESP,2019,va,0.027172,0.8601
NOR,DNK,2019,va,0.043347,0.8601
NOR,VNM,2019,va,0.004654,0.8601
NOR,RUS,2019,va,0.024147,0.8601
NOR,PER,2019,va,0.002788,0.8601
NOR,MYS,2019,va,0.004197,0.8601
NOR,HKG,2019,va,0.002643,0.8601
NOR,KOR,2019,va,0.017914,0.8601
NOR,DEU,2019,va,0.085046,0.8601
NOR,CAN,2019,va,0.014388,0.8601
NOR,TWN,2021,va,0.008074,0.87
NOR,PER,2021,va,0.003214,0.87
NOR,BRA,2021,va,0.012811,0.87
NOR,USA,2021,va,0.093175,0.87
NOR,DEU,2021,va,0.088592,0.87
NOR,IND,2021,va,0.017323,0.87
NOR,TUR,2021,va,0.011316,0.87
NOR,PRT,2021,va,0.004508,0.87
NOR,ISR,2021,va,0.002728,0.87
NOR,POL,2021,va,0.028265,0.87
NOR,NLD,2021,va,0.030339,0.87
NOR,FRA,2021,va,0.035419,0.87
NOR,BEL,2021,va,0.013271,0.87
NOR,CAN,2021,va,0.014757,0.87
NOR,VNM,2021,va,0.004685,0.87
NOR,TUN,2021,va,0.000431,0.87
NOR,CHN,2021,va,0.122196,0.87
NOR,CHE,2021,va,0.014549,0.87
NOR,DNK,2021,va,0.041205,0.87
NOR,FIN,2021,va,0.016486,0.87
NOR,AUS,2021,va,0.006121,0.87
NOR,SAU,2021,va,0.002922,0.87
NOR,IDN,2021,va,0.003306,0.87
NOR,SWE,2021,va,0.08146,0.87
NOR,ESP,2021,va,0.025665,0.87
NOR,HUN,2021,va,0.003719,0.87
NOR,RUS,2021,va,0.024284,0.87
NOR,ARG,2021,va,0.000952,0.87
NOR,ITA,2021,va,0.03011,0.87
NOR,COL,2021,va,0.00121,0.87
NOR,THA,2021,va,0.005544,0.87
NOR,UKR,2021,va,0.001484,0.87
NOR,MYS,2021,va,0.003065,0.87
NOR,PHL,2021,va,0.001669,0.87
NOR,HKG,2021,va,0.001102,0.87
NOR,GBR,2021,va,0.063563,0.87
NOR,KOR,2021,va,0.013872,0.87
NOR,CHL,2021,va,0.002553,0.87
NOR,ZAF,2021,va,0.003057,0.87
NOR,EGY,2021,va,0.001529,0.87
NOR,MEX,2021,va,0.006086,0.87
NOR,JPN,2021,va,0.023407,0.87
NOR,EGY,2022,va,0.001959,0.8563
NOR,USA,2022,va,0.106848,0.8563
NOR,MEX,2022,va,0.006778,0.8563
NOR,FRA,2022,va,0.036038,0.8563
NOR,DNK,2022,va,0.039403,0.8563
NOR,COL,2022,va,0.00236,0.8563
NOR,IDN,2022,va,0.003935,0.8563
NOR,IND,2022,va,0.01935,0.8563
NOR,ESP,2022,va,0.027351,0.8563
NOR,HUN,2022,va,0.003429,0.8563
NOR,RUS,2022,va,0.019637,0.8563
NOR,TUR,2022,va,0.011762,0.8563
NOR,PRT,2022,va,0.005105,0.8563
NOR,CHL,2022,va,0.001924,0.8563
NOR,VNM,2022,va,0.004688,0.8563
NOR,TUN,2022,va,0.00052,0.8563
NOR,UKR,2022,va,0.000963,0.8563
NOR,ZAF,2022,va,0.00286,0.8563
NOR,THA,2022,va,0.004687,0.8563
NOR,ARG,2022,va,0.001441,0.8563
NOR,CHE,2022,va,0.01433,0.8563
NOR,GBR,2022,va,0.061004,0.8563
NOR,POL,2022,va,0.028177,0.8563
NOR,NLD,2022,va,0.02735,0.8563
NOR,DEU,2022,va,0.087781,0.8563
NOR,CHN,2022,va,0.112958,0.8563
NOR,BEL,2022,va,0.012756,0.8563
NOR,PHL,2022,va,0.001763,0.8563
NOR,HKG,2022,va,0.001688,0.8563
NOR,ISR,2022,va,0.003208,0.8563
NOR,FIN,2022,va,0.015291,0.8563
NOR,CAN,2022,va,0.016199,0.8563
NOR,AUS,2022,va,0.007206,0.8563
NOR,TWN,2022,va,0.008202,0.8563
NOR,SAU,2022,va,0.005282,0.8563
NOR,MYS,2022,va,0.003421,0.8563
NOR,SWE,2022,va,0.070268,0.8563
NOR,JPN,2022,va,0.021522,0.8563
NOR,KOR,2022,va,0.011582,0.8563
NOR,ITA,2022,va,0.027803,0.8563
NOR,PER,2022,va,0.003048,0.8563
NOR,BRA,2022,va,0.014421,0.8563
PER,TWN,2019,va,0.008873,0.8935
PER,IND,2019,va,0.01934,0.8935
PER,BRA,2019,va,0.042806,0.8935
PER,USA,2019,va,0.227025,0.8935
PER,MEX,2019,va,0.029921,0.8935
PER,DEU,2019,va,0.033826,0.8935
PER,CAN,2019,va,0.01907,0.8935
PER,COL,2019,va,0.023777,0.8935
PER,SWE,2019,va,0.006398,0.8935
PER,NOR,2019,va,0.002097,0.8935
PER,GBR,2019,va,0.015717,0.8935
PER,NLD,2019,va,0.008488,0.8935
PER,ITA,2019,va,0.018831,0.8935
PER,FIN,2019,va,0.003335,0.8935
PER,SAU,2019,va,0.007898,0.8935
PER,EGY,2019,va,0.001039,0.8935
PER,BEL,2019,va,0.004338,0.8935
PER,AUS,2019,va,0.007313,0.8935
PER,THA,2019,va,0.009685,0.8935
PER,PRT,2019,va,0.002138,0.8935
PER,POL,2019,va,0.003558,0.8935
PER,JPN,2019,va,0.031647,0.8935
PER,ZAF,2019,va,0.001818,0.8935
PER,PHL,2019,va,0.002262,0.8935
PER,FRA,2019,va,0.013528,0.8935
PER,TUN,2019,va,0.000221,0.8935
PER,CHN,2019,va,0.189719,0.8935
PER,ARG,2019,va,0.031067,0.8935
PER,CHE,2019,va,0.007297,0.8935
PER,TUR,2019,va,0.006067,0.8935
PER,KOR,2019,va,0.018926,0.8935
PER,ISR,2019,va,0.002859,0.8935
PER,DNK,2019,va,0.002337,0.8935
PER,UKR,2019,va,0.000582,0.8935
PER,VNM,2019,va,0.006852,0.8935
PER,RUS,2019,va,0.014002,0.8935
PER,MYS,2019,va,0.004796,0.8935
PER,HKG,2019,va,0.003197,0.8935
PER,IDN,2019,va,0.007092,0.8935
PER,ESP,2019,va,0.025849,0.8935
PER,HUN,2019,va,0.00113,0.8935
PER,CHL,2019,va,0.026802,0.8935
PER,TWN,2021,va,0.010316,0.9069
PER,ZAF,2021,va,0.002038,0.9069
PER,IND,2021,va,0.021651,0.9069
PER,HKG,2021,va,0.002424,0.9069
PER,ARG,2021,va,0.034657,0.9069
PER,BRA,2021,va,0.044048,0.9069
PER,ISR,2021,va,0.002919,0.9069
PER,FRA,2021,va,0.012061,0.9069
PER,EGY,2021,va,0.001055,0.9069
PER,KOR,2021,va,0.018108,0.9069
PER,NLD,2021,va,0.008925,0.9069
PER,POL,2021,va,0.003621,0.9069
PER,ITA,2021,va,0.016228,0.9069
PER,BEL,2021,va,0.004844,0.9069
PER,IDN,2021,va,0.00788,0.9069
PER,PRT,2021,va,0.001486,0.9069
PER,JPN,2021,va,0.027166,0.9069
PER,AUS,2021,va,0.009279,0.9069
PER,MYS,2021,va,0.004347,0.9069
PER,SWE,2021,va,0.006267,0.9069
PER,ESP,2021,va,0.021766,0.9069
PER,TUR,2021,va,0.010008,0.9069
PER,HUN,2021,va,0.000944,0.9069
PER,CHL,2021,va,0.021312,0.9069
PER,THA,2021,va,0.007225,0.9069
PER,USA,2021,va,0.2029,0.9069
PER,DEU,2021,va,0.031538,0.9069
PER,CHN,2021,va,0.243988,0.9069
PER,FIN,2021,va,0.002733,0.9069
PER,CAN,2021,va,0.020105,0.9069
PER,TUN,2021,va,0.000237,0.9069
PER,SAU,2021,va,0.00675,0.9069
PER,RUS,2021,va,0.013952,0.9069
PER,CHE,2021,va,0.006732,0.9069
PER,DNK,2021,va,0.002635,0.9069
PER,UKR,2021,va,0.001206,0.9069
PER,VNM,2021,va,0.00757,0.9069
PER,PHL,2021,va,0.001641,0.9069
PER,GBR,2021,va,0.015245,0.9069
PER,MEX,2021,va,0.025838,0.9069
PER,NOR,2021,va,0.002401,0.9069
PER,COL,2021,va,0.020851,0.9069
PER,UKR,2022,va,0.00038,0.8987
PER,TWN,2022,va,0.009845,0.8987
PER,FRA,2022,va,0.011773,0.8987
PER,COL,2022,va,0.021301,0.8987
PER,AUS,2022,va,0.00894,0.8987
PER,BEL,2022,va,0.00494,0.8987
PER,TUN,2022,va,0.000152,0.8987
PER,IND,2022,va,0.02126,0.8987
PER,ESP,2022,va,0.021865,0.8987
PER,USA,2022,va,0.213043,0.8987
PER,POL,2022,va,0.003488,0.8987
PER,ISR,2022,va,0.003122,0.8987
PER,IDN,2022,va,0.009642,0.8987
PER,TUR,2022,va,0.00745,0.8987
PER,CAN,2022,va,0.020774,0.8987
PER,CHE,2022,va,0.007602,0.8987
PER,EGY,2022,va,0.001032,0.8987
PER,SWE,2022,va,0.005778,0.8987
PER,NLD,2022,va,0.008444,0.8987
PER,MYS,2022,va,0.004508,0.8987
PER,CHN,2022,va,0.235686,0.8987
PER,DEU,2022,va,0.029794,0.8987
PER,RUS,2022,va,0.011362,0.8987
PER,SAU,2022,va,0.007462,0.8987
PER,ARG,2022,va,0.037723,0.8987
PER,PRT,2022,va,0.001399,0.8987
PER,ITA,2022,va,0.014894,0.8987
PER,VNM,2022,va,0.007734,0.8987
PER,ZAF,2022,va,0.002027,0.8987
PER,PHL,2022,va,0.001788,0.8987
PER,KOR,2022,va,0.016115,0.8987
PER,MEX,2022,va,0.024892,0.8987
PER,JPN,2022,va,0.024769,0.8987
PER,DNK,2022,va,0.002781,0.8987
PER,CHL,2022,va,0.019052,0.8987
PER,FIN,2022,va,0.002519,0.8987
PER,THA,2022,va,0.00635,0.8987
PER,HKG,2022,va,0.002346,0.8987
PER,BRA,2022,va,0.045266,0.8987
PER,GBR,2022,va,0.015302,0.8987
PER,NOR,2022,va,0.003246,0.8987
PER,HUN,2022,va,0.000853,0.8987
PHL,DEU,2019,va,0.031433,0.8512
PHL,TUN,2019,va,0.000211,0.8512
PHL,RUS,2019,va,0.013324,0.8512
PHL,PER,2019,va,0.001204,0.8512
PHL,MYS,2019,va,0.023771,0.8512
PHL,SWE,2019,va,0.003772,0.8512
PHL,MEX,2019,va,0.00441,0.8512
PHL,NLD,2019,va,0.010473,0.8512
PHL,CHL,2019,va,0.001762,0.8512
PHL,COL,2019,va,0.000753,0.8512
PHL,IND,2019,va,0.023256,0.8512
PHL,PRT,2019,va,0.001506,0.8512
PHL,ISR,2019,va,0.004494,0.8512
PHL,DNK,2019,va,0.003028,0.8512
PHL,UKR,2019,va,0.002232,0.8512
PHL,SAU,2019,va,0.015114,0.8512
PHL,HKG,2019,va,0.015741,0.8512
PHL,ARG,2019,va,0.004075,0.8512
PHL,POL,2019,va,0.002846,0.8512
PHL,TWN,2019,va,0.02361,0.8512
PHL,IDN,2019,va,0.049312,0.8512
PHL,CHN,2019,va,0.191651,0.8512
PHL,GBR,2019,va,0.0181,0.8512
PHL,ITA,2019,va,0.012207,0.8512
PHL,NOR,2019,va,0.002163,0.8512
PHL,HUN,2019,va,0.001259,0.8512
PHL,CAN,2019,va,0.009857,0.8512
PHL,ZAF,2019,va,0.001918,0.8512
PHL,KOR,2019,va,0.040683,0.8512
PHL,FRA,2019,va,0.021934,0.8512
PHL,FIN,2019,va,0.00247,0.8512
PHL,BEL,2019,va,0.00461,0.8512
PHL,THA,2019,va,0.043834,0.8512
PHL,BRA,2019,va,0.007781,0.8512
PHL,CHE,2019,va,0.007359,0.8512
PHL,TUR,2019,va,0.004461,0.8512
PHL,JPN,2019,va,0.082462,0.8512
PHL,VNM,2019,va,0.022582,0.8512
PHL,EGY,2019,va,0.001431,0.8512
PHL,USA,2019,va,0.107849,0.8512
PHL,ESP,2019,va,0.010538,0.8512
PHL,AUS,2019,va,0.019694,0.8512
PHL,THA,2021,va,0.037053,0.8654
PHL,CHE,2021,va,0.006235,0.8654
PHL,ITA,2021,va,0.009799,0.8654
PHL,ISR,2021,va,0.00427,0.8654
PHL,FRA,2021,va,0.015375,0.8654
PHL,ZAF,2021,va,0.002118,0.8654
PHL,MYS,2021,va,0.021879,0.8654
PHL,EGY,2021,va,0.001194,0.8654
PHL,POL,2021,va,0.003218,0.8654
PHL,JPN,2021,va,0.07862,0.8654
PHL,FIN,2021,va,0.002694,0.8654
PHL,PER,2021,va,0.001207,0.8654
PHL,GBR,2021,va,0.016327,0.8654
PHL,HUN,2021,va,0.001133,0.8654
PHL,COL,2021,va,0.000632,0.8654
PHL,UKR,2021,va,0.001436,0.8654
PHL,HKG,2021,va,0.014669,0.8654
PHL,BEL,2021,va,0.005218,0.8654
PHL,CAN,2021,va,0.009773,0.8654
PHL,IDN,2021,va,0.057092,0.8654
PHL,IND,2021,va,0.027171,0.8654
PHL,ARG,2021,va,0.003541,0.8654
PHL,BRA,2021,va,0.009769,0.8654
PHL,USA,2021,va,0.096037,0.8654
PHL,ESP,2021,va,0.008327,0.8654
PHL,MEX,2021,va,0.004162,0.8654
PHL,PRT,2021,va,0.000925,0.8654
PHL,KOR,2021,va,0.045835,0.8654
PHL,CHL,2021,va,0.002074,0.8654
PHL,VNM,2021,va,0.022314,0.8654
PHL,TUN,2021,va,0.000134,0.8654
PHL,RUS,2021,va,0.012008,0.8654
PHL,TWN,2021,va,0.02913,0.8654
PHL,CHN,2021,va,0.21755,0.8654
PHL,NLD,2021,va,0.009671,0.8654
PHL,NOR,2021,va,0.003366,0.8654
PHL,DEU,2021,va,0.024891,0.8654
PHL,SAU,2021,va,0.023469,0.8654
PHL,SWE,2021,va,0.00383,0.8654
PHL,TUR,2021,va,0.003619,0.8654
PHL,DNK,2021,va,0.003791,0.8654
PHL,AUS,2021,va,0.023826,0.8654
PHL,CHL,2022,va,0.001788,0.8527
PHL,TUN,2022,va,0.000146,0.8527
PHL,TWN,2022,va,0.025942,0.8527
PHL,SAU,2022,va,0.03022,0.8527
PHL,DEU,2022,va,0.021971,0.8527
PHL,FRA,2022,va,0.014097,0.8527
PHL,FIN,2022,va,0.002328,0.8527
PHL,BEL,2022,va,0.004503,0.8527
PHL,RUS,2022,va,0.01266,0.8527
PHL,IDN,2022,va,0.074714,0.8527
PHL,ESP,2022,va,0.009024,0.8527
PHL,HUN,2022,va,0.001037,0.8527
PHL,AUS,2022,va,0.029847,0.8527
PHL,ZAF,2022,va,0.001684,0.8527
PHL,CHE,2022,va,0.006018,0.8527
PHL,PRT,2022,va,0.000958,0.8527
PHL,EGY,2022,va,0.001202,0.8527
PHL,NOR,2022,va,0.003774,0.8527
PHL,ITA,2022,va,0.009099,0.8527
PHL,PER,2022,va,0.001087,0.8527
PHL,TUR,2022,va,0.004596,0.8527
PHL,DNK,2022,va,0.004393,0.8527
PHL,VNM,2022,va,0.019448,0.8527
PHL,THA,2022,va,0.032029,0.8527
PHL,CHN,2022,va,0.195072,0.8527
PHL,BRA,2022,va,0.012113,0.8527
PHL,SWE,2022,va,0.003132,0.8527
PHL,KOR,2022,va,0.041972,0.8527
PHL,COL,2022,va,0.000746,0.8527
PHL,IND,2022,va,0.025791,0.8527
PHL,HKG,2022,va,0.012749,0.8527
PHL,USA,2022,va,0.101017,0.8527
PHL,ARG,2022,va,0.005285,0.8527
PHL,CAN,2022,va,0.010209,0.8527
PHL,UKR,2022,va,0.000302,0.8527
PHL,MYS,2022,va,0.024109,0.8527
PHL,GBR,2022,va,0.016253,0.8527
PHL,POL,2022,va,0.002391,0.8527
PHL,NLD,2022,va,0.010044,0.8527
PHL,MEX,2022,va,0.004232,0.8527
PHL,JPN,2022,va,0.069288,0.8527
PHL,ISR,2022,va,0.005447,0.8527
POL,UKR,2019,va,0.007689,0.8305
POL,SAU,2019,va,0.009555,0.8305
POL,PHL,2019,va,0.001746,0.8305
POL,BRA,2019,va,0.007871,0.8305
POL,CHE,2019,va,0.014543,0.8305
POL,TUR,2019,va,0.015184,0.8305
POL,JPN,2019,va,0.022636,0.8305
POL,ITA,2019,va,0.048003,0.8305
POL,TWN,2019,va,0.005815,0.8305
POL,CHN,2019,va,0.102419,0.8305
POL,SWE,2019,va,0.017252,0.8305
POL,NLD,2019,va,0.032485,0.8305
POL,FIN,2019,va,0.007067,0.8305
POL,HKG,2019,va,0.001273,0.8305
POL,ZAF,2019,va,0.002628,0.8305
POL,IND,2019,va,0.011552,0.8305
POL,EGY,2019,va,0.001856,0.8305
POL,GBR,2019,va,0.038556,0.8305
POL,KOR,2019,va,0.017429,0.8305
POL,BEL,2019,va,0.017329,0.8305
POL,DNK,2019,va,0.011737,0.8305
POL,TUN,2019,va,0.000821,0.8305
POL,THA,2019,va,0.004832,0.8305
POL,IDN,2019,va,0.003724,0.8305
POL,USA,2019,va,0.063452,0.8305
POL,ESP,2019,va,0.026741,0.8305
POL,HUN,2019,va,0.010352,0.8305
POL,MEX,2019,va,0.003766,0.8305
POL,AUS,2019,va,0.006331,0.8305
POL,VNM,2019,va,0.005692,0.8305
POL,RUS,2019,va,0.055778,0.8305
POL,PER,2019,va,0.000974,0.8305
POL,FRA,2019,va,0.045921,0.8305
POL,CHL,2019,va,0.001383,0.8305
POL,COL,2019,va,0.001053,0.8305
POL,CAN,2019,va,0.005291,0.8305
POL,MYS,2019,va,0.003142,0.8305
POL,NOR,2019,va,0.009819,0.8305
POL,DEU,2019,va,0.17564,0.8305
POL,ARG,2019,va,0.003015,0.8305
POL,PRT,2019,va,0.004262,0.8305
POL,ISR,2019,va,0.003895,0.8305
POL,HUN,2021,va,0.009535,0.8325
POL,BEL,2021,va,0.016049,0.8325
POL,PHL,2021,va,0.001258,0.8325
POL,ARG,2021,va,0.002837,0.8325
POL,CHE,2021,va,0.014475,0.8325
POL,SWE,2021,va,0.018244,0.8325
POL,MEX,2021,va,0.00343,0.8325
POL,DNK,2021,va,0.011073,0.8325
POL,FIN,2021,va,0.006918,0.8325
POL,TWN,2021,va,0.00722,0.8325
POL,IND,2021,va,0.01324,0.8325
POL,TUR,2021,va,0.017869,0.8325
POL,COL,2021,va,0.000869,0.8325
POL,ZAF,2021,va,0.002639,0.8325
POL,HKG,2021,va,0.000878,0.8325
POL,BRA,2021,va,0.006391,0.8325
POL,GBR,2021,va,0.032619,0.8325
POL,USA,2021,va,0.057118,0.8325
POL,ITA,2021,va,0.047402,0.8325
POL,ISR,2021,va,0.00382,0.8325
POL,DEU,2021,va,0.165033,0.8325
POL,CHL,2021,va,0.001623,0.8325
POL,UKR,2021,va,0.009067,0.8325
POL,VNM,2021,va,0.005694,0.8325
POL,SAU,2021,va,0.008082,0.8325
POL,RUS,2021,va,0.047983,0.8325
POL,CHN,2021,va,0.139547,0.8325
POL,KOR,2021,va,0.018563,0.8325
POL,TUN,2021,va,0.000725,0.8325
POL,IDN,2021,va,0.004602,0.8325
POL,MYS,2021,va,0.002755,0.8325
POL,NOR,2021,va,0.01199,0.8325
POL,THA,2021,va,0.003441,0.8325
POL,EGY,2021,va,0.001876,0.8325
POL,PRT,2021,va,0.004001,0.8325
POL,NLD,2021,va,0.033219,0.8325
POL,JPN,2021,va,0.019766,0.8325
POL,FRA,2021,va,0.043436,0.8325
POL,CAN,2021,va,0.005234,0.8325
POL,AUS,2021,va,0.006056,0.8325
POL,PER,2021,va,0.001238,0.8325
POL,ESP,2021,va,0.024651,0.8325
POL,IND,2022,va,0.014247,0.8316
POL,HKG,2022,va,0.000867,0.8316
POL,ITA,2022,va,0.041978,0.8316
POL,FRA,2022,va,0.039733,0.8316
POL,TWN,2022,va,0.007719,0.8316
POL,SAU,2022,va,0.015592,0.8316
POL,BRA,2022,va,0.007255,0.8316
POL,MEX,2022,va,0.003619,0.8316
POL,NOR,2022,va,0.025864,0.8316
POL,FIN,2022,va,0.006447,0.8316
POL,RUS,2022,va,0.042433,0.8316
POL,TUR,2022,va,0.016635,0.8316
POL,PRT,2022,va,0.003651,0.8316
POL,CHL,2022,va,0.001475,0.8316
POL,CHE,2022,va,0.014661,0.8316
POL,GBR,2022,va,0.034205,0.8316
POL,MYS,2022,va,0.002925,0.8316
POL,ESP,2022,va,0.023242,0.8316
POL,USA,2022,va,0.064621,0.8316
POL,DEU,2022,va,0.151493,0.8316
POL,ZAF,2022,va,0.004231,0.8316
POL,VNM,2022,va,0.005917,0.8316
POL,THA,2022,va,0.003399,0.8316
POL,PER,2022,va,0.001236,0.8316
POL,PHL,2022,va,0.001483,0.8316
POL,SWE,2022,va,0.016087,0.8316
POL,JPN,2022,va,0.018353,0.8316
POL,DNK,2022,va,0.01135,0.8316
POL,COL,2022,va,0.001979,0.8316
POL,AUS,2022,va,0.010186,0.8316
POL,TUN,2022,va,0.000763,0.8316
POL,IDN,2022,va,0.006533,0.8316
POL,EGY,2022,va,0.001954,0.8316
POL,HUN,2022,va,0.00845,0.8316
POL,CHN,2022,va,0.137015,0.8316
POL,UKR,2022,va,0.008709,0.8316
POL,ARG,2022,va,0.003404,0.8316
POL,NLD,2022,va,0.028461,0.8316
POL,KOR,2022,va,0.01787,0.8316
POL,ISR,2022,va,0.004301,0.8316
POL,BEL,2022,va,0.015138,0.8316
POL,CAN,2022,va,0.006072,0.8316
PRT,ZAF,2019,va,0.003433,0.8598
PRT,IND,2019,va,0.012066,0.8598
PRT,BRA,2019,va,0.0145,0.8598
PRT,DNK,2019,va,0.006593,0.8598
PRT,FIN,2019,va,0.003182,0.8598
PRT,BEL,2019,va,0.018399,0.8598
PRT,HKG,2019,va,0.001664,0.8598
PRT,POL,2019,va,0.012728,0.8598
PRT,DEU,2019,va,0.11622,0.8598
PRT,RUS,2019,va,0.016329,0.8598
PRT,EGY,2019,va,0.002282,0.8598
PRT,AUS,2019,va,0.003551,0.8598
PRT,PHL,2019,va,0.001547,0.8598
PRT,SAU,2019,va,0.010853,0.8598
PRT,SWE,2019,va,0.010382,0.8598
PRT,CHE,2019,va,0.011405,0.8598
PRT,JPN,2019,va,0.012602,0.8598
PRT,ITA,2019,va,0.048238,0.8598
PRT,NOR,2019,va,0.006524,0.8598
PRT,FRA,2019,va,0.082092,0.8598
PRT,PER,2019,va,0.001355,0.8598
PRT,TWN,2019,va,0.004394,0.8598
PRT,MYS,2019,va,0.002552,0.8598
PRT,ESP,2019,va,0.225871,0.8598
PRT,HUN,2019,va,0.004864,0.8598
PRT,MEX,2019,va,0.004395,0.8598
PRT,CAN,2019,va,0.006192,0.8598
PRT,VNM,2019,va,0.003344,0.8598
PRT,CHN,2019,va,0.043248,0.8598
PRT,TUR,2019,va,0.010988,0.8598
PRT,NLD,2019,va,0.033838,0.8598
PRT,ISR,2019,va,0.003015,0.8598
PRT,KOR,2019,va,0.007097,0.8598
PRT,CHL,2019,va,0.001361,0.8598
PRT,COL,2019,va,0.002396,0.8598
PRT,TUN,2019,va,0.000652,0.8598
PRT,UKR,2019,va,0.002962,0.8598
PRT,THA,2019,va,0.004415,0.8598
PRT,IDN,2019,va,0.00331,0.8598
PRT,GBR,2019,va,0.044566,0.8598
PRT,ARG,2019,va,0.001834,0.8598
PRT,USA,2019,va,0.052591,0.8598
PRT,TUN,2021,va,0.000609,0.8665
PRT,SAU,2021,va,0.005601,0.8665
PRT,BRA,2021,va,0.02183,0.8665
PRT,ARG,2021,va,0.002129,0.8665
PRT,GBR,2021,va,0.035101,0.8665
PRT,USA,2021,va,0.050339,0.8665
PRT,MEX,2021,va,0.00413,0.8665
PRT,JPN,2021,va,0.010756,0.8665
PRT,FIN,2021,va,0.003208,0.8665
PRT,UKR,2021,va,0.003304,0.8665
PRT,VNM,2021,va,0.003029,0.8665
PRT,IDN,2021,va,0.002752,0.8665
PRT,EGY,2021,va,0.002686,0.8665
PRT,ITA,2021,va,0.047352,0.8665
PRT,HUN,2021,va,0.004838,0.8665
PRT,FRA,2021,va,0.076721,0.8665
PRT,THA,2021,va,0.002562,0.8665
PRT,TWN,2021,va,0.005112,0.8665
PRT,MYS,2021,va,0.001889,0.8665
PRT,DNK,2021,va,0.007186,0.8665
PRT,PER,2021,va,0.001199,0.8665
PRT,PHL,2021,va,0.000943,0.8665
PRT,NLD,2021,va,0.037536,0.8665
PRT,ISR,2021,va,0.003163,0.8665
PRT,BEL,2021,va,0.019345,0.8665
PRT,CAN,2021,va,0.006569,0.8665
PRT,AUS,2021,va,0.00355,0.8665
PRT,RUS,2021,va,0.016668,0.8665
PRT,IND,2021,va,0.012803,0.8665
PRT,CHN,2021,va,0.058651,0.8665
PRT,POL,2021,va,0.015372,0.8665
PRT,CHL,2021,va,0.001415,0.8665
PRT,KOR,2021,va,0.007736,0.8665
PRT,HKG,2021,va,0.000988,0.8665
PRT,SWE,2021,va,0.013719,0.8665
PRT,ESP,2021,va,0.224238,0.8665
PRT,TUR,2021,va,0.012178,0.8665
PRT,COL,2021,va,0.000995,0.8665
PRT,ZAF,2021,va,0.003233,0.8665
PRT,CHE,2021,va,0.013398,0.8665
PRT,NOR,2021,va,0.006953,0.8665
PRT,DEU,2021,va,0.114679,0.8665
PRT,IDN,2022,va,0.00322,0.8472
PRT,IND,2022,va,0.012364,0.8472
PRT,SWE,2022,va,0.012984,0.8472
PRT,ESP,2022,va,0.21475,0.8472
PRT,HUN,2022,va,0.004162,0.8472
PRT,AUS,2022,va,0.00421,0.8472
PRT,UKR,2022,va,0.001844,0.8472
PRT,EGY,2022,va,0.002897,0.8472
PRT,POL,2022,va,0.013734,0.8472
PRT,NLD,2022,va,0.031674,0.8472
PRT,ZAF,2022,va,0.003315,0.8472
PRT,VNM,2022,va,0.003077,0.8472
PRT,GBR,2022,va,0.034716,0.8472
PRT,RUS,2022,va,0.012882,0.8472
PRT,ARG,2022,va,0.002464,0.8472
PRT,USA,2022,va,0.058367,0.8472
PRT,CHL,2022,va,0.001335,0.8472
PRT,PHL,2022,va,0.001075,0.8472
PRT,HKG,2022,va,0.001022,0.8472
PRT,CHE,2022,va,0.01352,0.8472
PRT,KOR,2022,va,0.007309,0.8472
PRT,CAN,2022,va,0.007464,0.8472
PRT,THA,2022,va,0.002487,0.8472
PRT,SAU,2022,va,0.011156,0.8472
PRT,DEU,2022,va,0.104394,0.8472
PRT,FIN,2022,va,0.003083,0.8472
PRT,COL,2022,va,0.001364,0.8472
PRT,BRA,2022,va,0.028292,0.8472
PRT,CHN,2022,va,0.060134,0.8472
PRT,TUR,2022,va,0.011848,0.8472
PRT,MEX,2022,va,0.003751,0.8472
PRT,NOR,2022,va,0.010033,0.8472
PRT,FRA,2022,va,0.071144,0.8472
PRT,DNK,2022,va,0.007136,0.8472
PRT,TUN,2022,va,0.000641,0.8472
PRT,JPN,2022,va,0.009667,0.8472
PRT,ISR,2022,va,0.003451,0.8472
PRT,PER,2022,va,0.001192,0.8472
PRT,TWN,2022,va,0.005451,0.8472
PRT,MYS,2022,va,0.002069,0.8472
PRT,ITA,2022,va,0.042383,0.8472
PRT,BEL,2022,va,0.019181,0.8472
RUS,THA,2019,va,0.009477,0.793
RUS,IDN,2019,va,0.007152,0.793
RUS,CHN,2019,va,0.165668,0.793
RUS,SWE,2019,va,0.010133,0.793
RUS,ESP,2019,va,0.018491,0.793
RUS,COL,2019,va,0.001046,0.793
RUS,BRA,2019,va,0.007946,0.793
RUS,CHE,2019,va,0.017109,0.793
RUS,JPN,2019,va,0.036689,0.793
RUS,ITA,2019,va,0.03881,0.793
RUS,MYS,2019,va,0.005826,0.793
RUS,HKG,2019,va,0.002797,0.793
RUS,TUR,2019,va,0.018989,0.793
RUS,MEX,2019,va,0.005813,0.793
RUS,NLD,2019,va,0.018506,0.793
RUS,FIN,2019,va,0.010133,0.793
RUS,TWN,2019,va,0.008852,0.793
RUS,PRT,2019,va,0.003405,0.793
RUS,POL,2019,va,0.018043,0.793
RUS,PHL,2019,va,0.002272,0.793
RUS,SAU,2019,va,0.005276,0.793
RUS,IND,2019,va,0.016039,0.793
RUS,ARG,2019,va,0.002977,0.793
RUS,USA,2019,va,0.093329,0.793
RUS,GBR,2019,va,0.034092,0.793
RUS,HUN,2019,va,0.005308,0.793
RUS,CAN,2019,va,0.008781,0.793
RUS,CHL,2019,va,0.003293,0.793
RUS,DNK,2019,va,0.006105,0.793
RUS,UKR,2019,va,0.012112,0.793
RUS,VNM,2019,va,0.008445,0.793
RUS,NOR,2019,va,0.004487,0.793
RUS,ISR,2019,va,0.006245,0.793
RUS,KOR,2019,va,0.027556,0.793
RUS,ZAF,2019,va,0.002952,0.793
RUS,DEU,2019,va,0.087237,0.793
RUS,FRA,2019,va,0.0406,0.793
RUS,TUN,2019,va,0.000604,0.793
RUS,PER,2019,va,0.0015,0.793
RUS,EGY,2019,va,0.003255,0.793
RUS,BEL,2019,va,0.008121,0.793
RUS,AUS,2019,va,0.007493,0.793
RUS,ZAF,2021,va,0.003004,0.7998
RUS,POL,2021,va,0.01769,0.7998
RUS,HUN,2021,va,0.004629,0.7998
RUS,CHL,2021,va,0.002858,0.7998
RUS,SAU,2021,va,0.004409,0.7998
RUS,USA,2021,va,0.074608,0.7998
RUS,PRT,2021,va,0.002752,0.7998
RUS,NLD,2021,va,0.017353,0.7998
RUS,THA,2021,va,0.00519,0.7998
RUS,UKR,2021,va,0.012587,0.7998
RUS,TUN,2021,va,0.000475,0.7998
RUS,IDN,2021,va,0.009048,0.7998
RUS,EGY,2021,va,0.00278,0.7998
RUS,MEX,2021,va,0.004992,0.7998
RUS,FIN,2021,va,0.009134,0.7998
RUS,FRA,2021,va,0.034238,0.7998
RUS,TWN,2021,va,0.010012,0.7998
RUS,SWE,2021,va,0.010545,0.7998
RUS,ESP,2021,va,0.014281,0.7998
RUS,JPN,2021,va,0.033933,0.7998
RUS,KOR,2021,va,0.031143,0.7998
RUS,COL,2021,va,0.001097,0.7998
RUS,VNM,2021,va,0.008203,0.7998
RUS,MYS,2021,va,0.004329,0.7998
RUS,GBR,2021,va,0.0355,0.7998
RUS,ITA,2021,va,0.036579,0.7998
RUS,BEL,2021,va,0.007754,0.7998
RUS,CAN,2021,va,0.006867,0.7998
RUS,PHL,2021,va,0.001458,0.7998
RUS,CHN,2021,va,0.216192,0.7998
RUS,DEU,2021,va,0.082541,0.7998
RUS,PER,2021,va,0.001509,0.7998
RUS,IND,2021,va,0.016095,0.7998
RUS,HKG,2021,va,0.001313,0.7998
RUS,ARG,2021,va,0.00284,0.7998
RUS,CHE,2021,va,0.018195,0.7998
RUS,ISR,2021,va,0.00649,0.7998
RUS,AUS,2021,va,0.007516,0.7998
RUS,BRA,2021,va,0.00773,0.7998
RUS,TUR,2021,va,0.020592,0.7998
RUS,NOR,2021,va,0.005285,0.7998
RUS,DNK,2021,va,0.00608,0.7998
RUS,SAU,2022,va,0.005984,0.7775
RUS,SWE,2022,va,0.010015,0.7775
RUS,KOR,2022,va,0.025519,0.7775
RUS,CHL,2022,va,0.002821,0.7775
RUS,COL,2022,va,0.001134,0.7775
RUS,MYS,2022,va,0.004607,0.7775
RUS,CHN,2022,va,0.18978,0.7775
RUS,NOR,2022,va,0.007422,0.7775
RUS,VNM,2022,va,0.007826,0.7775
RUS,TUN,2022,va,0.0005,0.7775
RUS,PER,2022,va,0.001364,0.7775
RUS,IDN,2022,va,0.008434,0.7775
RUS,ITA,2022,va,0.034483,0.7775
RUS,HUN,2022,va,0.004615,0.7775
RUS,PHL,2022,va,0.001464,0.7775
RUS,MEX,2022,va,0.00468,0.7775
RUS,FIN,2022,va,0.009428,0.7775
RUS,TWN,2022,va,0.009418,0.7775
RUS,HKG,2022,va,0.001196,0.7775
RUS,ARG,2022,va,0.002728,0.7775
RUS,USA,2022,va,0.080775,0.7775
RUS,GBR,2022,va,0.035818,0.7775
RUS,POL,2022,va,0.018084,0.7775
RUS,FRA,2022,va,0.039955,0.7775
RUS,DNK,2022,va,0.006824,0.7775
RUS,CAN,2022,va,0.007786,0.7775
RUS,DEU,2022,va,0.084766,0.7775
RUS,AUS,2022,va,0.007035,0.7775
RUS,BEL,2022,va,0.008265,0.7775
RUS,ZAF,2022,va,0.002691,0.7775
RUS,UKR,2022,va,0.008547,0.7775
RUS,THA,2022,va,0.005111,0.7775
RUS,BRA,2022,va,0.008777,0.7775
RUS,ESP,2022,va,0.015543,0.7775
RUS,JPN,2022,va,0.032305,0.7775
RUS,ISR,2022,va,0.00742,0.7775
RUS,IND,2022,va,0.015892,0.7775
RUS,PRT,2022,va,0.002632,0.7775
RUS,EGY,2022,va,0.002467,0.7775
RUS,CHE,2022,va,0.018833,0.7775
RUS,TUR,2022,va,0.018085,0.7775
RUS,NLD,2022,va,0.01652,0.7775
SAU,PRT,2019,va,0.003227,0.8896
SAU,KOR,2019,va,0.035508,0.8896
SAU,ISR,2019,va,0.001623,0.8896
SAU,DEU,2019,va,0.060576,0.8896
SAU,BEL,2019,va,0.009262,0.8896
SAU,TUN,2019,va,0.000262,0.8896
SAU,RUS,2019,va,0.020416,0.8896
SAU,NOR,2019,va,0.003638,0.8896
SAU,AUS,2019,va,0.011561,0.8896
SAU,THA,2019,va,0.005646,0.8896
SAU,HKG,2019,va,0.001954,0.8896
SAU,PHL,2019,va,0.002679,0.8896
SAU,CHN,2019,va,0.170947,0.8896
SAU,GBR,2019,va,0.056255,0.8896
SAU,ARG,2019,va,0.007995,0.8896
SAU,CHE,2019,va,0.008523,0.8896
SAU,TUR,2019,va,0.021587,0.8896
SAU,NLD,2019,va,0.01885,0.8896
SAU,JPN,2019,va,0.048902,0.8896
SAU,UKR,2019,va,0.001005,0.8896
SAU,IDN,2019,va,0.01292,0.8896
SAU,POL,2019,va,0.009358,0.8896
SAU,HUN,2019,va,0.002492,0.8896
SAU,MEX,2019,va,0.007997,0.8896
SAU,TWN,2019,va,0.005942,0.8896
SAU,BRA,2019,va,0.019508,0.8896
SAU,SWE,2019,va,0.009363,0.8896
SAU,ITA,2019,va,0.035162,0.8896
SAU,VNM,2019,va,0.0024,0.8896
SAU,USA,2019,va,0.141117,0.8896
SAU,DNK,2019,va,0.007602,0.8896
SAU,FIN,2019,va,0.003749,0.8896
SAU,ZAF,2019,va,0.004482,0.8896
SAU,EGY,2019,va,0.003676,0.8896
SAU,PER,2019,va,0.001128,0.8896
SAU,MYS,2019,va,0.003326,0.8896
SAU,IND,2019,va,0.050836,0.8896
SAU,ESP,2019,va,0.024769,0.8896
SAU,FRA,2019,va,0.039649,0.8896
SAU,CHL,2019,va,0.001434,0.8896
SAU,COL,2019,va,0.000816,0.8896
SAU,CAN,2019,va,0.011461,0.8896
SAU,TWN,2021,va,0.005998,0.8944
SAU,MYS,2021,va,0.002293,0.8944
SAU,EGY,2021,va,0.003365,0.8944
SAU,CHE,2021,va,0.007189,0.8944
SAU,POL,2021,va,0.010179,0.8944
SAU,DEU,2021,va,0.060069,0.8944
SAU,ISR,2021,va,0.001566,0.8944
SAU,FRA,2021,va,0.040624,0.8944
SAU,BEL,2021,va,0.00921,0.8944
SAU,CAN,2021,va,0.011047,0.8944
SAU,RUS,2021,va,0.022356,0.8944
SAU,TUR,2021,va,0.024777,0.8944
SAU,DNK,2021,va,0.008116,0.8944
SAU,PER,2021,va,0.001209,0.8944
SAU,PHL,2021,va,0.001613,0.8944
SAU,BRA,2021,va,0.021341,0.8944
SAU,CHN,2021,va,0.179936,0.8944
SAU,USA,2021,va,0.136222,0.8944
SAU,PRT,2021,va,0.003337,0.8944
SAU,ITA,2021,va,0.035145,0.8944
SAU,HUN,2021,va,0.002522,0.8944
SAU,CHL,2021,va,0.001754,0.8944
SAU,UKR,2021,va,0.001134,0.8944
SAU,TUN,2021,va,0.000277,0.8944
SAU,HKG,2021,va,0.001019,0.8944
SAU,GBR,2021,va,0.048176,0.8944
SAU,AUS,2021,va,0.012898,0.8944
SAU,THA,2021,va,0.002834,0.8944
SAU,MEX,2021,va,0.008516,0.8944
SAU,JPN,2021,va,0.049719,0.8944
SAU,COL,2021,va,0.0008,0.8944
SAU,VNM,2021,va,0.001985,0.8944
SAU,IDN,2021,va,0.013575,0.8944
SAU,NLD,2021,va,0.018476,0.8944
SAU,NOR,2021,va,0.004516,0.8944
SAU,ZAF,2021,va,0.005883,0.8944
SAU,IND,2021,va,0.050021,0.8944
SAU,ARG,2021,va,0.008868,0.8944
SAU,SWE,2021,va,0.01027,0.8944
SAU,ESP,2021,va,0.023844,0.8944
SAU,KOR,2021,va,0.038025,0.8944
SAU,FIN,2021,va,0.003662,0.8944
SAU,CHE,2022,va,0.006994,0.8831
SAU,NOR,2022,va,0.006934,0.8831
SAU,KOR,2022,va,0.033236,0.8831
SAU,ITA,2022,va,0.033106,0.8831
SAU,TUN,2022,va,0.000252,0.8831
SAU,TWN,2022,va,0.006054,0.8831
SAU,ARG,2022,va,0.008482,0.8831
SAU,MEX,2022,va,0.008902,0.8831
SAU,DNK,2022,va,0.008136,0.8831
SAU,COL,2022,va,0.00099,0.8831
SAU,MYS,2022,va,0.00265,0.8831
SAU,CHL,2022,va,0.001487,0.8831
SAU,RUS,2022,va,0.031669,0.8831
SAU,EGY,2022,va,0.003416,0.8831
SAU,POL,2022,va,0.009733,0.8831
SAU,NLD,2022,va,0.017819,0.8831
SAU,FIN,2022,va,0.003477,0.8831
SAU,HUN,2022,va,0.002274,0.8831
SAU,VNM,2022,va,0.001997,0.8831
SAU,UKR,2022,va,0.000691,0.8831
SAU,CHN,2022,va,0.175121,0.8831
SAU,USA,2022,va,0.137716,0.8831
SAU,ISR,2022,va,0.001816,0.8831
SAU,CAN,2022,va,0.011571,0.8831
SAU,PER,2022,va,0.001102,0.8831
SAU,IDN,2022,va,0.015042,0.8831
SAU,IND,2022,va,0.049942,0.8831
SAU,SWE,2022,va,0.009608,0.8831
SAU,ESP,2022,va,0.024834,0.8831
SAU,JPN,2022,va,0.045779,0.8831
SAU,FRA,2022,va,0.037565,0.8831
SAU,AUS,2022,va,0.01176,0.8831
SAU,HKG,2022,va,0.000935,0.8831
SAU,PRT,2022,va,0.003262,0.8831
SAU,DEU,2022,va,0.056221,0.8831
SAU,BEL,2022,va,0.008393,0.8831
SAU,ZAF,2022,va,0.005306,0.8831
SAU,THA,2022,va,0.00315,0.8831
SAU,PHL,2022,va,0.001669,0.8831
SAU,BRA,2022,va,0.021464,0.8831
SAU,GBR,2022,va,0.047852,0.8831
SAU,TUR,2022,va,0.024644,0.8831
SWE,UKR,2019,va,0.001349,0.8556
SWE,VNM,2019,va,0.003234,0.8556
SWE,RUS,2019,va,0.028713,0.8556
SWE,EGY,2019,va,0.001908,0.8556
SWE,IND,2019,va,0.021654,0.8556
SWE,KOR,2019,va,0.008762,0.8556
SWE,COL,2019,va,0.000924,0.8556
SWE,DNK,2019,va,0.053278,0.8556
SWE,SAU,2019,va,0.00397,0.8556
SWE,PHL,2019,va,0.002241,0.8556
SWE,NOR,2019,va,0.04501,0.8556
SWE,TWN,2019,va,0.005181,0.8556
SWE,ITA,2019,va,0.031935,0.8556
SWE,FIN,2019,va,0.035275,0.8556
SWE,GBR,2019,va,0.056678,0.8556
SWE,ARG,2019,va,0.001345,0.8556
SWE,USA,2019,va,0.097187,0.8556
SWE,ESP,2019,va,0.022822,0.8556
SWE,HUN,2019,va,0.006221,0.8556
SWE,MEX,2019,va,0.003635,0.8556
SWE,FRA,2019,va,0.043075,0.8556
SWE,CHL,2019,va,0.001248,0.8556
SWE,CAN,2019,va,0.010099,0.8556
SWE,HKG,2019,va,0.00284,0.8556
SWE,BRA,2019,va,0.005033,0.8556
SWE,CHE,2019,va,0.012577,0.8556
SWE,TUR,2019,va,0.009036,0.8556
SWE,NLD,2019,va,0.042245,0.8556
SWE,ZAF,2019,va,0.00251,0.8556
SWE,THA,2019,va,0.006548,0.8556
SWE,PRT,2019,va,0.004606,0.8556
SWE,TUN,2019,va,0.000443,0.8556
SWE,IDN,2019,va,0.002792,0.8556
SWE,JPN,2019,va,0.020098,0.8556
SWE,BEL,2019,va,0.021155,0.8556
SWE,PER,2019,va,0.00114,0.8556
SWE,MYS,2019,va,0.003609,0.8556
SWE,CHN,2019,va,0.066722,0.8556
SWE,POL,2019,va,0.034163,0.8556
SWE,ISR,2019,va,0.002887,0.8556
SWE,DEU,2019,va,0.12605,0.8556
SWE,AUS,2019,va,0.005406,0.8556
SWE,TWN,2021,va,0.005271,0.863
SWE,RUS,2021,va,0.021065,0.863
SWE,MYS,2021,va,0.002881,0.863
SWE,NLD,2021,va,0.04283,0.863
SWE,KOR,2021,va,0.0109,0.863
SWE,TUN,2021,va,0.000321,0.863
SWE,PER,2021,va,0.001049,0.863
SWE,EGY,2021,va,0.001885,0.863
SWE,JPN,2021,va,0.017194,0.863
SWE,BEL,2021,va,0.022279,0.863
SWE,CAN,2021,va,0.010546,0.863
SWE,FIN,2021,va,0.033851,0.863
SWE,UKR,2021,va,0.001581,0.863
SWE,SAU,2021,va,0.002894,0.863
SWE,ZAF,2021,va,0.002641,0.863
SWE,HKG,2021,va,0.001555,0.863
SWE,USA,2021,va,0.084635,0.863
SWE,ESP,2021,va,0.022347,0.863
SWE,GBR,2021,va,0.0537,0.863
SWE,MEX,2021,va,0.003882,0.863
SWE,NOR,2021,va,0.054833,0.863
SWE,DEU,2021,va,0.126615,0.863
SWE,THA,2021,va,0.003017,0.863
SWE,ARG,2021,va,0.000942,0.863
SWE,BRA,2021,va,0.004943,0.863
SWE,CHE,2021,va,0.013045,0.863
SWE,ISR,2021,va,0.003116,0.863
SWE,FRA,2021,va,0.04568,0.863
SWE,HUN,2021,va,0.006363,0.863
SWE,COL,2021,va,0.000897,0.863
SWE,PHL,2021,va,0.001429,0.863
SWE,IND,2021,va,0.024511,0.863
SWE,TUR,2021,va,0.00998,0.863
SWE,CHL,2021,va,0.001375,0.863
SWE,IDN,2021,va,0.002759,0.863
SWE,POL,2021,va,0.037731,0.863
SWE,DNK,2021,va,0.052379,0.863
SWE,VNM,2021,va,0.002841,0.863
SWE,CHN,2021,va,0.084892,0.863
SWE,PRT,2021,va,0.004707,0.863
SWE,ITA,2021,va,0.032649,0.863
SWE,AUS,2021,va,0.004962,0.863
SWE,CHE,2022,va,0.012658,0.8574
SWE,JPN,2022,va,0.015946,0.8574
SWE,DNK,2022,va,0.051671,0.8574
SWE,COL,2022,va,0.001436,0.8574
SWE,BEL,2022,va,0.022065,0.8574
SWE,SAU,2022,va,0.004722,0.8574
SWE,NOR,2022,va,0.063059,0.8574
SWE,HUN,2022,va,0.005618,0.8574
SWE,CHL,2022,va,0.001188,0.8574
SWE,ZAF,2022,va,0.002428,0.8574
SWE,TUN,2022,va,0.000318,0.8574
SWE,TWN,2022,va,0.0062,0.8574
SWE,UKR,2022,va,0.000984,0.8574
SWE,EGY,2022,va,0.001777,0.8574
SWE,BRA,2022,va,0.005854,0.8574
SWE,ESP,2022,va,0.024266,0.8574
SWE,USA,2022,va,0.095037,0.8574
SWE,FRA,2022,va,0.041211,0.8574
SWE,RUS,2022,va,0.016688,0.8574
SWE,PHL,2022,va,0.001626,0.8574
SWE,HKG,2022,va,0.001501,0.8574
SWE,ARG,2022,va,0.001377,0.8574
SWE,POL,2022,va,0.035699,0.8574
SWE,NLD,2022,va,0.040142,0.8574
SWE,KOR,2022,va,0.009623,0.8574
SWE,FIN,2022,va,0.031876,0.8574
SWE,MYS,2022,va,0.003164,0.8574
SWE,CHN,2022,va,0.083826,0.8574
SWE,ISR,2022,va,0.003713,0.8574
SWE,CAN,2022,va,0.011045,0.8574
SWE,VNM,2022,va,0.00356,0.8574
SWE,THA,2022,va,0.003439,0.8574
SWE,PER,2022,va,0.001212,0.8574
SWE,GBR,2022,va,0.053918,0.8574
SWE,TUR,2022,va,0.009506,0.8574
SWE,MEX,2022,va,0.003902,0.8574
SWE,PRT,2022,va,0.00491,0.8574
SWE,ITA,2022,va,0.029049,0.8574
SWE,IDN,2022,va,0.003202,0.8574
SWE,IND,2022,va,0.026813,0.8574
SWE,DEU,2022,va,0.115746,0.8574
SWE,AUS,2022,va,0.005388,0.8574
THA,UKR,2019,va,0.001436,0.8243
THA,PHL,2019,va,0.012554,0.8243
THA,BRA,2019,va,0.010203,0.8243
THA,TUR,2019,va,0.004295,0.8243
THA,JPN,2019,va,0.114301,0.8243
THA,USA,2019,va,0.109183,0.8243
THA,BEL,2019,va,0.004278,0.8243
THA,AUS,2019,va,0.017782,0.8243
THA,VNM,2019,va,0.01469,0.8243
THA,IND,2019,va,0.028321,0.8243
THA,SWE,2019,va,0.004429,0.8243
THA,CHE,2019,va,0.01135,0.8243
THA,MEX,2019,va,0.005274,0.8243
THA,ISR,2019,va,0.004567,0.8243
THA,KOR,2019,va,0.031398,0.8243
THA,DNK,2019,va,0.003528,0.8243
THA,ZAF,2019,va,0.002843,0.8243
THA,TWN,2019,va,0.026242,0.8243
THA,IDN,2019,va,0.026506,0.8243
THA,CHN,2019,va,0.193265,0.8243
THA,DEU,2019,va,0.03734,0.8243
THA,RUS,2019,va,0.010674,0.8243
THA,MYS,2019,va,0.026704,0.8243
THA,HKG,2019,va,0.005557,0.8243
THA,ESP,2019,va,0.007624,0.8243
THA,FIN,2019,va,0.002179,0.8243
THA,COL,2019,va,0.00069,0.8243
THA,SAU,2019,va,0.018133,0.8243
THA,GBR,2019,va,0.021473,0.8243
THA,NLD,2019,va,0.01039,0.8243
THA,ITA,2019,va,0.014256,0.8243
THA,NOR,2019,va,0.002504,0.8243
THA,FRA,2019,va,0.017525,0.8243
THA,TUN,2019,va,0.000238,0.8243
THA,EGY,2019,va,0.001372,0.8243
THA,CAN,2019,va,0.007755,0.8243
THA,CHL,2019,va,0.00228,0.8243
THA,PER,2019,va,0.001919,0.8243
THA,ARG,2019,va,0.003532,0.8243
THA,PRT,2019,va,0.001512,0.8243
THA,POL,2019,va,0.002951,0.8243
THA,HUN,2019,va,0.001292,0.8243
THA,IDN,2021,va,0.026701,0.8287
THA,USA,2021,va,0.086317,0.8287
THA,POL,2021,va,0.003002,0.8287
THA,ISR,2021,va,0.005147,0.8287
THA,ITA,2021,va,0.01158,0.8287
THA,BEL,2021,va,0.004683,0.8287
THA,CAN,2021,va,0.006355,0.8287
THA,UKR,2021,va,0.001006,0.8287
THA,TUN,2021,va,0.000161,0.8287
THA,PHL,2021,va,0.011593,0.8287
THA,MEX,2021,va,0.004486,0.8287
THA,COL,2021,va,0.000663,0.8287
THA,IND,2021,va,0.033538,0.8287
THA,EGY,2021,va,0.001175,0.8287
THA,HKG,2021,va,0.006141,0.8287
THA,BRA,2021,va,0.012417,0.8287
THA,GBR,2021,va,0.020731,0.8287
THA,HUN,2021,va,0.001123,0.8287
THA,RUS,2021,va,0.009603,0.8287
THA,MYS,2021,va,0.01996,0.8287
THA,ARG,2021,va,0.002479,0.8287
THA,CHE,2021,va,0.01061,0.8287
THA,NLD,2021,va,0.010795,0.8287
THA,DNK,2021,va,0.004234,0.8287
THA,VNM,2021,va,0.01312,0.8287
THA,SAU,2021,va,0.017686,0.8287
THA,CHN,2021,va,0.238869,0.8287
THA,TUR,2021,va,0.003786,0.8287
THA,SWE,2021,va,0.004529,0.8287
THA,ESP,2021,va,0.005531,0.8287
THA,NOR,2021,va,0.003329,0.8287
THA,DEU,2021,va,0.035436,0.8287
THA,ZAF,2021,va,0.003315,0.8287
THA,PRT,2021,va,0.001136,0.8287
THA,AUS,2021,va,0.021897,0.8287
THA,PER,2021,va,0.001827,0.8287
THA,FIN,2021,va,0.00217,0.8287
THA,TWN,2021,va,0.02963,0.8287
THA,KOR,2021,va,0.033859,0.8287
THA,FRA,2021,va,0.014073,0.8287
THA,JPN,2021,va,0.101348,0.8287
THA,CHL,2021,va,0.00268,0.8287
THA,SAU,2022,va,0.023103,0.8077
THA,EGY,2022,va,0.001538,0.8077
THA,SWE,2022,va,0.004241,0.8077
THA,NLD,2022,va,0.009283,0.8077
THA,HKG,2022,va,0.004507,0.8077
THA,BRA,2022,va,0.013898,0.8077
THA,GBR,2022,va,0.020122,0.8077
THA,DEU,2022,va,0.031092,0.8077
THA,DNK,2022,va,0.004406,0.8077
THA,VNM,2022,va,0.014799,0.8077
THA,POL,2022,va,0.002927,0.8077
THA,MEX,2022,va,0.004741,0.8077
THA,JPN,2022,va,0.088115,0.8077
THA,CHL,2022,va,0.002384,0.8077
THA,FIN,2022,va,0.0019,0.8077
THA,AUS,2022,va,0.023363,0.8077
THA,UKR,2022,va,0.00042,0.8077
THA,ZAF,2022,va,0.002844,0.8077
THA,PER,2022,va,0.001653,0.8077
THA,ARG,2022,va,0.002501,0.8077
THA,ESP,2022,va,0.006116,0.8077
THA,TUR,2022,va,0.003968,0.8077
THA,ISR,2022,va,0.004975,0.8077
THA,KOR,2022,va,0.029288,0.8077
THA,TUN,2022,va,0.00021,0.8077
THA,CHE,2022,va,0.010496,0.8077
THA,BEL,2022,va,0.004213,0.8077
THA,TWN,2022,va,0.029105,0.8077
THA,RUS,2022,va,0.009326,0.8077
THA,PHL,2022,va,0.010608,0.8077
THA,IDN,2022,va,0.028831,0.8077
THA,IND,2022,va,0.033187,0.8077
THA,USA,2022,va,0.093378,0.8077
THA,PRT,2022,va,0.001235,0.8077
THA,ITA,2022,va,0.011716,0.8077
THA,COL,2022,va,0.000766,0.8077
THA,MYS,2022,va,0.022131,0.8077
THA,CHN,2022,va,0.224526,0.8077
THA,HUN,2022,va,0.001026,0.8077
THA,NOR,2022,va,0.004074,0.8077
THA,FRA,2022,va,0.013497,0.8077
THA,CAN,2022,va,0.007157,0.8077
TUN,TWN,2019,va,0.006957,0.8187
TUN,SWE,2019,va,0.006512,0.8187
TUN,ESP,2019,va,0.036894,0.8187
TUN,ISR,2019,va,0.001611,0.8187
TUN,CHL,2019,va,0.001017,0.8187
TUN,DNK,2019,va,0.004321,0.8187
TUN,VNM,2019,va,0.003585,0.8187
TUN,RUS,2019,va,0.037363,0.8187
TUN,PER,2019,va,0.000784,0.8187
TUN,MYS,2019,va,0.002896,0.8187
TUN,IND,2019,va,0.018044,0.8187
TUN,BRA,2019,va,0.013704,0.8187
TUN,CHE,2019,va,0.01403,0.8187
TUN,TUR,2019,va,0.033834,0.8187
TUN,GBR,2019,va,0.023758,0.8187
TUN,KOR,2019,va,0.011691,0.8187
TUN,CAN,2019,va,0.00705,0.8187
TUN,ZAF,2019,va,0.001479,0.8187
TUN,IDN,2019,va,0.004833,0.8187
TUN,NOR,2019,va,0.004491,0.8187
TUN,FRA,2019,va,0.121285,0.8187
TUN,FIN,2019,va,0.003376,0.8187
TUN,UKR,2019,va,0.013109,0.8187
TUN,THA,2019,va,0.006657,0.8187
TUN,ARG,2019,va,0.007319,0.8187
TUN,DEU,2019,va,0.069962,0.8187
TUN,EGY,2019,va,0.021904,0.8187
TUN,HUN,2019,va,0.002819,0.8187
TUN,AUS,2019,va,0.003799,0.8187
TUN,PHL,2019,va,0.001383,0.8187
TUN,NLD,2019,va,0.012076,0.8187
TUN,ITA,2019,va,0.110227,0.8187
TUN,HKG,2019,va,0.002262,0.8187
TUN,CHN,2019,va,0.085957,0.8187
TUN,MEX,2019,va,0.005969,0.8187
TUN,BEL,2019,va,0.010813,0.8187
TUN,COL,2019,va,0.000797,0.8187
TUN,SAU,2019,va,0.016458,0.8187
TUN,USA,2019,va,0.056805,0.8187
TUN,PRT,2019,va,0.005483,0.8187
TUN,POL,2019,va,0.008238,0.8187
TUN,JPN,2019,va,0.017187,0.8187
TUN,CHN,2021,va,0.101487,0.8051
TUN,DNK,2021,va,0.004201,0.8051
TUN,SAU,2021,va,0.030008,0.8051
TUN,IDN,2021,va,0.006438,0.8051
TUN,MEX,2021,va,0.003956,0.8051
TUN,NOR,2021,va,0.0069,0.8051
TUN,ITA,2021,va,0.09716,0.8051
TUN,CAN,2021,va,0.008953,0.8051
TUN,PHL,2021,va,0.000992,0.8051
TUN,RUS,2021,va,0.035683,0.8051
TUN,IND,2021,va,0.019374,0.8051
TUN,CHE,2021,va,0.012903,0.8051
TUN,BEL,2021,va,0.011242,0.8051
TUN,UKR,2021,va,0.015298,0.8051
TUN,VNM,2021,va,0.002848,0.8051
TUN,PER,2021,va,0.000948,0.8051
TUN,PRT,2021,va,0.006143,0.8051
TUN,HKG,2021,va,0.001644,0.8051
TUN,ARG,2021,va,0.007292,0.8051
TUN,BRA,2021,va,0.014748,0.8051
TUN,SWE,2021,va,0.006936,0.8051
TUN,ESP,2021,va,0.035952,0.8051
TUN,TUR,2021,va,0.040824,0.8051
TUN,ISR,2021,va,0.001751,0.8051
TUN,JPN,2021,va,0.013682,0.8051
TUN,FRA,2021,va,0.109305,0.8051
TUN,AUS,2021,va,0.003947,0.8051
TUN,ZAF,2021,va,0.001603,0.8051
TUN,MYS,2021,va,0.002106,0.8051
TUN,FIN,2021,va,0.003979,0.8051
TUN,CHL,2021,va,0.001213,0.8051
TUN,COL,2021,va,0.000687,0.8051
TUN,THA,2021,va,0.005411,0.8051
TUN,EGY,2021,va,0.014194,0.8051
TUN,HUN,2021,va,0.002911,0.8051
TUN,TWN,2021,va,0.006474,0.8051
TUN,GBR,2021,va,0.02204,0.8051
TUN,USA,2021,va,0.046919,0.8051
TUN,KOR,2021,va,0.013903,0.8051
TUN,NLD,2021,va,0.013079,0.8051
TUN,POL,2021,va,0.008235,0.8051
TUN,DEU,2021,va,0.061766,0.8051
TUN,THA,2022,va,0.004576,0.7865
TUN,PER,2022,va,0.000913,0.7865
TUN,IDN,2022,va,0.009996,0.7865
TUN,ARG,2022,va,0.008177,0.7865
TUN,KOR,2022,va,0.009632,0.7865
TUN,MEX,2022,va,0.003618,0.7865
TUN,CHL,2022,va,0.000943,0.7865
TUN,AUS,2022,va,0.003836,0.7865
TUN,IND,2022,va,0.020168,0.7865
TUN,VNM,2022,va,0.002353,0.7865
TUN,ZAF,2022,va,0.001754,0.7865
TUN,EGY,2022,va,0.010331,0.7865
TUN,BRA,2022,va,0.015667,0.7865
TUN,ESP,2022,va,0.035633,0.7865
TUN,USA,2022,va,0.053243,0.7865
TUN,JPN,2022,va,0.010781,0.7865
TUN,CAN,2022,va,0.006824,0.7865
TUN,MYS,2022,va,0.00236,0.7865
TUN,HUN,2022,va,0.00237,0.7865
TUN,ITA,2022,va,0.0929,0.7865
TUN,UKR,2022,va,0.004728,0.7865
TUN,PHL,2022,va,0.001016,0.7865
TUN,PRT,2022,va,0.00523,0.7865
TUN,TWN,2022,va,0.005969,0.7865
TUN,RUS,2022,va,0.053135,0.7865
TUN,SAU,2022,va,0.042157,0.7865
TUN,HKG,2022,va,0.00157,0.7865
TUN,CHN,2022,va,0.094509,0.7865
TUN,SWE,2022,va,0.006228,0.7865
TUN,NLD,2022,va,0.011251,0.7865
TUN,ISR,2022,va,0.001817,0.7865
TUN,DEU,2022,va,0.054082,0.7865
TUN,COL,2022,va,0.000828,0.7865
TUN,BEL,2022,va,0.009601,0.7865
TUN,CHE,2022,va,0.012958,0.7865
TUN,GBR,2022,va,0.020465,0.7865
TUN,TUR,2022,va,0.041026,0.7865
TUN,NOR,2022,va,0.010665,0.7865
TUN,POL,2022,va,0.00776,0.7865
TUN,FRA,2022,va,0.097728,0.7865
TUN,DNK,2022,va,0.004836,0.7865
TUN,FIN,2022,va,0.002872,0.7865
TUR,RUS,2019,va,0.080725,0.814
TUR,DEU,2019,va,0.093851,0.814
TUR,MYS,2019,va,0.007253,0.814
TUR,CHE,2019,va,0.014199,0.814
TUR,NOR,2019,va,0.005372,0.814
TUR,FRA,2019,va,0.040714,0.814
TUR,SAU,2019,va,0.024173,0.814
TUR,IND,2019,va,0.028634,0.814
TUR,BEL,2019,va,0.01041,0.814
TUR,PHL,2019,va,0.001457,0.814
TUR,GBR,2019,va,0.03537,0.814
TUR,ARG,2019,va,0.003037,0.814
TUR,PRT,2019,va,0.003904,0.814
TUR,JPN,2019,va,0.023621,0.814
TUR,ITA,2019,va,0.044914,0.814
TUR,UKR,2019,va,0.00917,0.814
TUR,ISR,2019,va,0.014054,0.814
TUR,KOR,2019,va,0.025034,0.814
TUR,AUS,2019,va,0.01215,0.814
TUR,TWN,2019,va,0.007161,0.814
TUR,THA,2019,va,0.005817,0.814
TUR,IDN,2019,va,0.007737,0.814
TUR,CHN,2019,va,0.095855,0.814
TUR,NLD,2019,va,0.014463,0.814
TUR,ESP,2019,va,0.023013,0.814
TUR,MEX,2019,va,0.005024,0.814
TUR,CAN,2019,va,0.010998,0.814
TUR,CHL,2019,va,0.002813,0.814
TUR,DNK,2019,va,0.004739,0.814
TUR,TUN,2019,va,0.00085,0.814
TUR,ZAF,2019,va,0.004649,0.814
TUR,PER,2019,va,0.001416,0.814
TUR,SWE,2019,va,0.011392,0.814
TUR,HUN,2019,va,0.004401,0.814
TUR,FIN,2019,va,0.004719,0.814
TUR,COL,2019,va,0.006158,0.814
TUR,VNM,2019,va,0.005494,0.814
TUR,HKG,2019,va,0.001556,0.814
TUR,EGY,2019,va,0.009259,0.814
TUR,BRA,2019,va,0.014896,0.814
TUR,USA,2019,va,0.080139,0.814
TUR,POL,2019,va,0.013406,0.814
TUR,CHE,2021,va,0.012542,0.8331
TUR,PRT,2021,va,0.003662,0.8331
TUR,ISR,2021,va,0.012164,0.8331
TUR,FRA,2021,va,0.040876,0.8331
TUR,AUS,2021,va,0.010442,0.8331
TUR,PER,2021,va,0.001952,0.8331
TUR,TWN,2021,va,0.008902,0.8331
TUR,NLD,2021,va,0.015449,0.8331
TUR,JPN,2021,va,0.024056,0.8331
TUR,BEL,2021,va,0.012651,0.8331
TUR,CAN,2021,va,0.006984,0.8331
TUR,UKR,2021,va,0.009985,0.8331
TUR,VNM,2021,va,0.00416,0.8331
TUR,USA,2021,va,0.069061,0.8331
TUR,NOR,2021,va,0.006407,0.8331
TUR,DEU,2021,va,0.08691,0.8331
TUR,ZAF,2021,va,0.005853,0.8331
TUR,BRA,2021,va,0.013392,0.8331
TUR,IDN,2021,va,0.007176,0.8331
TUR,CHN,2021,va,0.133718,0.8331
TUR,HUN,2021,va,0.004305,0.8331
TUR,CHL,2021,va,0.002774,0.8331
TUR,EGY,2021,va,0.007757,0.8331
TUR,HKG,2021,va,0.000934,0.8331
TUR,GBR,2021,va,0.035452,0.8331
TUR,MEX,2021,va,0.004686,0.8331
TUR,FIN,2021,va,0.005011,0.8331
TUR,TUN,2021,va,0.000829,0.8331
TUR,SAU,2021,va,0.027531,0.8331
TUR,PHL,2021,va,0.00112,0.8331
TUR,IND,2021,va,0.027651,0.8331
TUR,ARG,2021,va,0.002296,0.8331
TUR,SWE,2021,va,0.009784,0.8331
TUR,ESP,2021,va,0.023575,0.8331
TUR,DNK,2021,va,0.005756,0.8331
TUR,THA,2021,va,0.005367,0.8331
TUR,RUS,2021,va,0.08509,0.8331
TUR,MYS,2021,va,0.007373,0.8331
TUR,ITA,2021,va,0.044299,0.8331
TUR,POL,2021,va,0.014492,0.8331
TUR,KOR,2021,va,0.025711,0.8331
TUR,COL,2021,va,0.004989,0.8331
TUR,RUS,2022,va,0.100994,0.816
TUR,SWE,2022,va,0.008812,0.816
TUR,NLD,2022,va,0.011997,0.816
TUR,CHL,2022,va,0.0019,0.816
TUR,CHE,2022,va,0.012017,0.816
TUR,PRT,2022,va,0.003369,0.816
TUR,KOR,2022,va,0.02126,0.816
TUR,DEU,2022,va,0.079263,0.816
TUR,SAU,2022,va,0.031072,0.816
TUR,HKG,2022,va,0.0009,0.816
TUR,MEX,2022,va,0.005179,0.816
TUR,POL,2022,va,0.01342,0.816
TUR,ITA,2022,va,0.038095,0.816
TUR,CHN,2022,va,0.12998,0.816
TUR,NOR,2022,va,0.007981,0.816
TUR,TWN,2022,va,0.007996,0.816
TUR,VNM,2022,va,0.004352,0.816
TUR,GBR,2022,va,0.031422,0.816
TUR,IDN,2022,va,0.008841,0.816
TUR,IND,2022,va,0.0291,0.816
TUR,USA,2022,va,0.069936,0.816
TUR,FRA,2022,va,0.038592,0.816
TUR,DNK,2022,va,0.006166,0.816
TUR,CAN,2022,va,0.007148,0.816
TUR,COL,2022,va,0.005107,0.816
TUR,UKR,2022,va,0.007278,0.816
TUR,ZAF,2022,va,0.005925,0.816
TUR,JPN,2022,va,0.021137,0.816
TUR,HUN,2022,va,0.003632,0.816
TUR,BEL,2022,va,0.009178,0.816
TUR,TUN,2022,va,0.000781,0.816
TUR,PHL,2022,va,0.001501,0.816
TUR,MYS,2022,va,0.007469,0.816
TUR,BRA,2022,va,0.014682,0.816
TUR,FIN,2022,va,0.004259,0.816
TUR,AUS,2022,va,0.014279,0.816
TUR,THA,2022,va,0.004748,0.816
TUR,PER,2022,va,0.002759,0.816
TUR,EGY,2022,va,0.006284,0.816
TUR,ARG,2022,va,0.00289,0.816
TUR,ESP,2022,va,0.021661,0.816
TUR,ISR,2022,va,0.01264,0.816
TWN,UKR,2019,va,0.00067,0.8548
TWN,SAU,2019,va,0.020378,0.8548
TWN,PHL,2019,va,0.006729,0.8548
TWN,ESP,2019,va,0.008969,0.8548
TWN,JPN,2019,va,0.138405,0.8548
TWN,CHL,2019,va,0.003544,0.8548
TWN,COL,2019,va,0.000943,0.8548
TWN,CAN,2019,va,0.010054,0.8548
TWN,ZAF,2019,va,0.002641,0.8548
TWN,THA,2019,va,0.015541,0.8548
TWN,SWE,2019,va,0.005048,0.8548
TWN,TUR,2019,va,0.004429,0.8548
TWN,NOR,2019,va,0.002442,0.8548
TWN,ITA,2019,va,0.01582,0.8548
TWN,TUN,2019,va,0.000252,0.8548
TWN,PRT,2019,va,0.001921,0.8548
TWN,HUN,2019,va,0.001297,0.8548
TWN,MEX,2019,va,0.006135,0.8548
TWN,AUS,2019,va,0.022714,0.8548
TWN,PER,2019,va,0.001854,0.8548
TWN,USA,2019,va,0.149914,0.8548
TWN,KOR,2019,va,0.043936,0.8548
TWN,DNK,2019,va,0.002676,0.8548
TWN,ISR,2019,va,0.004402,0.8548
TWN,HKG,2019,va,0.009935,0.8548
TWN,EGY,2019,va,0.001615,0.8548
TWN,IND,2019,va,0.016738,0.8548
TWN,ARG,2019,va,0.002017,0.8548
TWN,NLD,2019,va,0.025759,0.8548
TWN,DEU,2019,va,0.042447,0.8548
TWN,FRA,2019,va,0.018935,0.8548
TWN,BEL,2019,va,0.003984,0.8548
TWN,VNM,2019,va,0.011816,0.8548
TWN,RUS,2019,va,0.01119,0.8548
TWN,MYS,2019,va,0.015044,0.8548
TWN,BRA,2019,va,0.008511,0.8548
TWN,CHE,2019,va,0.01105,0.8548
TWN,GBR,2019,va,0.020504,0.8548
TWN,POL,2019,va,0.003265,0.8548
TWN,IDN,2019,va,0.014776,0.8548
TWN,CHN,2019,va,0.164522,0.8548
TWN,FIN,2019,va,0.001929,0.8548
TWN,IDN,2021,va,0.016422,0.8737
TWN,NLD,2021,va,0.030336,0.8737
TWN,HUN,2021,va,0.001272,0.8737
TWN,CHL,2021,va,0.003955,0.8737
TWN,BEL,2021,va,0.003434,0.8737
TWN,TUN,2021,va,0.000143,0.8737
TWN,PHL,2021,va,0.004967,0.8737
TWN,HKG,2021,va,0.006798,0.8737
TWN,ARG,2021,va,0.002498,0.8737
TWN,BRA,2021,va,0.009165,0.8737
TWN,ISR,2021,va,0.003909,0.8737
TWN,DEU,2021,va,0.043283,0.8737
TWN,JPN,2021,va,0.138937,0.8737
TWN,RUS,2021,va,0.013255,0.8737
TWN,CHE,2021,va,0.010382,0.8737
TWN,SWE,2021,va,0.005381,0.8737
TWN,ITA,2021,va,0.012986,0.8737
TWN,UKR,2021,va,0.000856,0.8737
TWN,VNM,2021,va,0.011029,0.8737
TWN,SAU,2021,va,0.017841,0.8737
TWN,CHN,2021,va,0.201052,0.8737
TWN,GBR,2021,va,0.01677,0.8737
TWN,CAN,2021,va,0.008834,0.8737
TWN,AUS,2021,va,0.030299,0.8737
TWN,MYS,2021,va,0.011074,0.8737
TWN,TUR,2021,va,0.002993,0.8737
TWN,NOR,2021,va,0.002837,0.8737
TWN,FRA,2021,va,0.014955,0.8737
TWN,COL,2021,va,0.00076,0.8737
TWN,PER,2021,va,0.001964,0.8737
TWN,IND,2021,va,0.01881,0.8737
TWN,PRT,2021,va,0.001142,0.8737
TWN,KOR,2021,va,0.060881,0.8737
TWN,DNK,2021,va,0.003569,0.8737
TWN,FIN,2021,va,0.001929,0.8737
TWN,ZAF,2021,va,0.003952,0.8737
TWN,EGY,2021,va,0.001781,0.8737
TWN,USA,2021,va,0.126405,0.8737
TWN,ESP,2021,va,0.005941,0.8737
TWN,THA,2021,va,0.012245,0.8737
TWN,POL,2021,va,0.003284,0.8737
TWN,MEX,2021,va,0.005329,0.8737
TWN,ZAF,2022,va,0.004234,0.8564
TWN,UKR,2022,va,0.000444,0.8564
TWN,GBR,2022,va,0.02016,0.8564
TWN,ESP,2022,va,0.009215,0.8564
TWN,TUR,2022,va,0.004255,0.8564
TWN,USA,2022,va,0.13849,0.8564
TWN,JPN,2022,va,0.11032,0.8564
TWN,FRA,2022,va,0.016903,0.8564
TWN,DEU,2022,va,0.04252,0.8564
TWN,THA,2022,va,0.010995,0.8564
TWN,MYS,2022,va,0.012297,0.8564
TWN,CHE,2022,va,0.010405,0.8564
TWN,MEX,2022,va,0.006775,0.8564
TWN,PRT,2022,va,0.001815,0.8564
TWN,BEL,2022,va,0.004093,0.8564
TWN,CAN,2022,va,0.010503,0.8564
TWN,TUN,2022,va,0.000219,0.8564
TWN,CHN,2022,va,0.173169,0.8564
TWN,SWE,2022,va,0.005509,0.8564
TWN,HUN,2022,va,0.001326,0.8564
TWN,PHL,2022,va,0.004906,0.8564
TWN,IND,2022,va,0.018675,0.8564
TWN,RUS,2022,va,0.01312,0.8564
TWN,NOR,2022,va,0.004016,0.8564
TWN,POL,2022,va,0.003633,0.8564
TWN,CHL,2022,va,0.003538,0.8564
TWN,VNM,2022,va,0.010485,0.8564
TWN,HKG,2022,va,0.006538,0.8564
TWN,EGY,2022,va,0.001622,0.8564
TWN,BRA,2022,va,0.009297,0.8564
TWN,ITA,2022,va,0.013775,0.8564
TWN,DNK,2022,va,0.004626,0.8564
TWN,COL,2022,va,0.000993,0.8564
TWN,IDN,2022,va,0.019289,0.8564
TWN,PER,2022,va,0.001944,0.8564
TWN,NLD,2022,va,0.026015,0.8564
TWN,KOR,2022,va,0.055561,0.8564
TWN,AUS,2022,va,0.044076,0.8564
TWN,SAU,2022,va,0.021189,0.8564
TWN,ARG,2022,va,0.003339,0.8564
TWN,ISR,2022,va,0.004423,0.8564
TWN,FIN,2022,va,0.001709,0.8564
UKR,CHN,2019,va,0.118508,0.8026
UKR,GBR,2019,va,0.02996,0.8026
UKR,ESP,2019,va,0.01539,0.8026
UKR,MEX,2019,va,0.004451,0.8026
UKR,FIN,2019,va,0.004853,0.8026
UKR,COL,2019,va,0.001166,0.8026
UKR,SAU,2019,va,0.006314,0.8026
UKR,BRA,2019,va,0.004561,0.8026
UKR,NLD,2019,va,0.014128,0.8026
UKR,ITA,2019,va,0.030445,0.8026
UKR,NOR,2019,va,0.005808,0.8026
UKR,FRA,2019,va,0.02967,0.8026
UKR,AUS,2019,va,0.005742,0.8026
UKR,TUN,2019,va,0.000423,0.8026
UKR,ARG,2019,va,0.001283,0.8026
UKR,SWE,2019,va,0.0094,0.8026
UKR,JPN,2019,va,0.022291,0.8026
UKR,HKG,2019,va,0.002588,0.8026
UKR,USA,2019,va,0.086631,0.8026
UKR,POL,2019,va,0.050742,0.8026
UKR,TWN,2019,va,0.006212,0.8026
UKR,THA,2019,va,0.005644,0.8026
UKR,IDN,2019,va,0.003965,0.8026
UKR,PRT,2019,va,0.00248,0.8026
UKR,VNM,2019,va,0.004662,0.8026
UKR,RUS,2019,va,0.131343,0.8026
UKR,PER,2019,va,0.000817,0.8026
UKR,MYS,2019,va,0.003436,0.8026
UKR,EGY,2019,va,0.002829,0.8026
UKR,IND,2019,va,0.0125,0.8026
UKR,KOR,2019,va,0.011553,0.8026
UKR,DEU,2019,va,0.082868,0.8026
UKR,CHL,2019,va,0.001128,0.8026
UKR,ZAF,2019,va,0.002112,0.8026
UKR,PHL,2019,va,0.001598,0.8026
UKR,CHE,2019,va,0.015568,0.8026
UKR,TUR,2019,va,0.029779,0.8026
UKR,HUN,2019,va,0.009837,0.8026
UKR,DNK,2019,va,0.00552,0.8026
UKR,CAN,2019,va,0.008299,0.8026
UKR,ISR,2019,va,0.008104,0.8026
UKR,BEL,2019,va,0.007959,0.8026
UKR,VNM,2021,va,0.004382,0.7966
UKR,SAU,2021,va,0.006892,0.7966
UKR,PHL,2021,va,0.001025,0.7966
UKR,SWE,2021,va,0.011673,0.7966
UKR,ESP,2021,va,0.014006,0.7966
UKR,TUR,2021,va,0.032813,0.7966
UKR,NOR,2021,va,0.007054,0.7966
UKR,DEU,2021,va,0.079463,0.7966
UKR,HKG,2021,va,0.001372,0.7966
UKR,ARG,2021,va,0.001095,0.7966
UKR,BRA,2021,va,0.004946,0.7966
UKR,MEX,2021,va,0.005197,0.7966
UKR,COL,2021,va,0.000999,0.7966
UKR,THA,2021,va,0.003296,0.7966
UKR,TWN,2021,va,0.006592,0.7966
UKR,ZAF,2021,va,0.002452,0.7966
UKR,IND,2021,va,0.013928,0.7966
UKR,GBR,2021,va,0.029567,0.7966
UKR,ISR,2021,va,0.009742,0.7966
UKR,ITA,2021,va,0.032636,0.7966
UKR,HUN,2021,va,0.010885,0.7966
UKR,BEL,2021,va,0.008301,0.7966
UKR,CAN,2021,va,0.008087,0.7966
UKR,TUN,2021,va,0.000408,0.7966
UKR,CHN,2021,va,0.141701,0.7966
UKR,USA,2021,va,0.067123,0.7966
UKR,DNK,2021,va,0.006309,0.7966
UKR,MYS,2021,va,0.002745,0.7966
UKR,EGY,2021,va,0.002731,0.7966
UKR,FRA,2021,va,0.029548,0.7966
UKR,JPN,2021,va,0.023173,0.7966
UKR,RUS,2021,va,0.112427,0.7966
UKR,PRT,2021,va,0.002271,0.7966
UKR,KOR,2021,va,0.013385,0.7966
UKR,NLD,2021,va,0.014074,0.7966
UKR,POL,2021,va,0.05354,0.7966
UKR,FIN,2021,va,0.00439,0.7966
UKR,PER,2021,va,0.000955,0.7966
UKR,CHE,2021,va,0.013302,0.7966
UKR,AUS,2021,va,0.006495,0.7966
UKR,IDN,2021,va,0.004311,0.7966
UKR,CHL,2021,va,0.001338,0.7966
UKR,IDN,2022,va,0.004526,0.7877
UKR,IND,2022,va,0.024159,0.7877
UKR,CHE,2022,va,0.013206,0.7877
UKR,GBR,2022,va,0.028043,0.7877
UKR,NOR,2022,va,0.014485,0.7877
UKR,ARG,2022,va,0.001136,0.7877
UKR,JPN,2022,va,0.015196,0.7877
UKR,ISR,2022,va,0.01318,0.7877
UKR,DNK,2022,va,0.007175,0.7877
UKR,CHL,2022,va,0.001168,0.7877
UKR,FIN,2022,va,0.003872,0.7877
UKR,TUN,2022,va,0.000441,0.7877
UKR,PER,2022,va,0.000976,0.7877
UKR,EGY,2022,va,0.003153,0.7877
UKR,CAN,2022,va,0.007,0.7877
UKR,BEL,2022,va,0.00766,0.7877
UKR,MYS,2022,va,0.002966,0.7877
UKR,ESP,2022,va,0.014237,0.7877
UKR,USA,2022,va,0.065783,0.7877
UKR,DEU,2022,va,0.072729,0.7877
UKR,TWN,2022,va,0.006405,0.7877
UKR,CHN,2022,va,0.134335,0.7877
UKR,TUR,2022,va,0.041987,0.7877
UKR,PRT,2022,va,0.002055,0.7877
UKR,HUN,2022,va,0.008562,0.7877
UKR,AUS,2022,va,0.010667,0.7877
UKR,RUS,2022,va,0.09003,0.7877
UKR,PHL,2022,va,0.000983,0.7877
UKR,ITA,2022,va,0.027734,0.7877
UKR,FRA,2022,va,0.027626,0.7877
UKR,COL,2022,va,0.001669,0.7877
UKR,SAU,2022,va,0.014296,0.7877
UKR,HKG,2022,va,0.001227,0.7877
UKR,SWE,2022,va,0.010076,0.7877
UKR,NLD,2022,va,0.018543,0.7877
UKR,VNM,2022,va,0.003429,0.7877
UKR,THA,2022,va,0.002975,0.7877
UKR,ZAF,2022,va,0.002248,0.7877
UKR,BRA,2022,va,0.005554,0.7877
UKR,POL,2022,va,0.060928,0.7877
UKR,KOR,2022,va,0.011378,0.7877
UKR,MEX,2022,va,0.003877,0.7877
USA,THA,2019,va,0.012432,0.8641
USA,PHL,2019,va,0.005548,0.8641
USA,CHE,2019,va,0.020992,0.8641
USA,TUR,2019,va,0.00663,0.8641
USA,AUS,2019,va,0.009807,0.8641
USA,ZAF,2019,va,0.002644,0.8641
USA,SAU,2019,va,0.011282,0.8641
USA,IND,2019,va,0.038101,0.8641
USA,GBR,2019,va,0.043808,0.8641
USA,ARG,2019,va,0.002676,0.8641
USA,PRT,2019,va,0.002786,0.8641
USA,POL,2019,va,0.005225,0.8641
USA,ISR,2019,va,0.008897,0.8641
USA,CHL,2019,va,0.003919,0.8641
USA,IDN,2019,va,0.009309,0.8641
USA,SWE,2019,va,0.006571,0.8641
USA,ITA,2019,va,0.024827,0.8641
USA,NOR,2019,va,0.005692,0.8641
USA,MEX,2019,va,0.083638,0.8641
USA,NLD,2019,va,0.012441,0.8641
USA,DEU,2019,va,0.05849,0.8641
USA,CAN,2019,va,0.090636,0.8641
USA,COL,2019,va,0.005229,0.8641
USA,EGY,2019,va,0.002526,0.8641
USA,BRA,2019,va,0.013945,0.8641
USA,HUN,2019,va,0.002165,0.8641
USA,PER,2019,va,0.003077,0.8641
USA,MYS,2019,va,0.008763,0.8641
USA,CHN,2019,va,0.159793,0.8641
USA,TUN,2019,va,0.000357,0.8641
USA,TWN,2019,va,0.017209,0.8641
USA,JPN,2019,va,0.060738,0.8641
USA,BEL,2019,va,0.008927,0.8641
USA,UKR,2019,va,0.000736,0.8641
USA,VNM,2019,va,0.014821,0.8641
USA,RUS,2019,va,0.015058,0.8641
USA,HKG,2019,va,0.005178,0.8641
USA,ESP,2019,va,0.013118,0.8641
USA,KOR,2019,va,0.03072,0.8641
USA,FRA,2019,va,0.026086,0.8641
USA,FIN,2019,va,0.002787,0.8641
USA,DNK,2019,va,0.006468,0.8641
USA,VNM,2021,va,0.016742,0.8733
USA,TUN,2021,va,0.000352,0.8733
USA,SAU,2021,va,0.008501,0.8733
USA,NLD,2021,va,0.011919,0.8733
USA,BEL,2021,va,0.00878,0.8733
USA,CAN,2021,va,0.09508,0.8733
USA,THA,2021,va,0.010655,0.8733
USA,CHE,2021,va,0.023135,0.8733
USA,CHL,2021,va,0.00466,0.8733
USA,COL,2021,va,0.003878,0.8733
USA,KOR,2021,va,0.034018,0.8733
USA,POL,2021,va,0.005413,0.8733
USA,FIN,2021,va,0.002626,0.8733
USA,TWN,2021,va,0.021026,0.8733
USA,EGY,2021,va,0.002345,0.8733
USA,GBR,2021,va,0.041754,0.8733
USA,UKR,2021,va,0.000898,0.8733
USA,PER,2021,va,0.003255,0.8733
USA,CHN,2021,va,0.183952,0.8733
USA,ESP,2021,va,0.010678,0.8733
USA,HUN,2021,va,0.002075,0.8733
USA,ITA,2021,va,0.022389,0.8733
USA,JPN,2021,va,0.051932,0.8733
USA,MYS,2021,va,0.008366,0.8733
USA,SWE,2021,va,0.007116,0.8733
USA,TUR,2021,va,0.007283,0.8733
USA,FRA,2021,va,0.024519,0.8733
USA,AUS,2021,va,0.010212,0.8733
USA,ZAF,2021,va,0.003326,0.8733
USA,IDN,2021,va,0.010615,0.8733
USA,IND,2021,va,0.039938,0.8733
USA,HKG,2021,va,0.004123,0.8733
USA,ARG,2021,va,0.002707,0.8733
USA,BRA,2021,va,0.013899,0.8733
USA,MEX,2021,va,0.077299,0.8733
USA,NOR,2021,va,0.005369,0.8733
USA,PRT,2021,va,0.002431,0.8733
USA,ISR,2021,va,0.009213,0.8733
USA,DEU,2021,va,0.052909,0.8733
USA,PHL,2021,va,0.004682,0.8733
USA,RUS,2021,va,0.016241,0.8733
USA,DNK,2021,va,0.006945,0.8733
USA,RUS,2022,va,0.013185,0.8595
USA,PHL,2022,va,0.004949,0.8595
USA,DEU,2022,va,0.048595,0.8595
USA,AUS,2022,va,0.011127,0.8595
USA,HKG,2022,va,0.003721,0.8595
USA,GBR,2022,va,0.041547,0.8595
USA,TUR,2022,va,0.008335,0.8595
USA,JPN,2022,va,0.045665,0.8595
USA,FRA,2022,va,0.024553,0.8595
USA,FIN,2022,va,0.00262,0.8595
USA,VNM,2022,va,0.018437,0.8595
USA,THA,2022,va,0.010811,0.8595
USA,PER,2022,va,0.003345,0.8595
USA,MYS,2022,va,0.007905,0.8595
USA,POL,2022,va,0.005733,0.8595
USA,NLD,2022,va,0.010702,0.8595
USA,KOR,2022,va,0.031923,0.8595
USA,MEX,2022,va,0.079822,0.8595
USA,DNK,2022,va,0.006866,0.8595
USA,SAU,2022,va,0.013127,0.8595
USA,IDN,2022,va,0.01228,0.8595
USA,NOR,2022,va,0.007914,0.8595
USA,CHL,2022,va,0.005219,0.8595
USA,TWN,2022,va,0.020237,0.8595
USA,CHN,2022,va,0.168903,0.8595
USA,EGY,2022,va,0.002055,0.8595
USA,ARG,2022,va,0.003221,0.8595
USA,HUN,2022,va,0.00196,0.8595
USA,ITA,2022,va,0.021394,0.8595
USA,ZAF,2022,va,0.003164,0.8595
USA,TUN,2022,va,0.000388,0.8595
USA,IND,2022,va,0.039433,0.8595
USA,SWE,2022,va,0.006839,0.8595
USA,CAN,2022,va,0.098904,0.8595
USA,UKR,2022,va,0.000545,0.8595
USA,CHE,2022,va,0.019902,0.8595
USA,PRT,2022,va,0.002968,0.8595
USA,BRA,2022,va,0.015694,0.8595
USA,ESP,2022,va,0.013145,0.8595
USA,ISR,2022,va,0.008949,0.8595
USA,COL,2022,va,0.005051,0.8595
USA,BEL,2022,va,0.008391,0.8595
ZAF,VNM,2019,va,0.006761,0.7849
ZAF,RUS,2019,va,0.013289,0.7849
ZAF,PER,2019,va,0.001295,0.7849
ZAF,MYS,2019,va,0.007129,0.7849
ZAF,IND,2019,va,0.043139,0.7849
ZAF,TUR,2019,va,0.008601,0.7849
ZAF,FIN,2019,va,0.005388,0.7849
ZAF,CAN,2019,va,0.007417,0.7849
ZAF,BEL,2019,va,0.008718,0.7849
ZAF,EGY,2019,va,0.00224,0.7849
ZAF,TWN,2019,va,0.009642,0.7849
ZAF,IDN,2019,va,0.01007,0.7849
ZAF,CHN,2019,va,0.162121,0.7849
ZAF,SWE,2019,va,0.009204,0.7849
ZAF,CHE,2019,va,0.010995,0.7849
ZAF,MEX,2019,va,0.007253,0.7849
ZAF,FRA,2019,va,0.032799,0.7849
ZAF,CHL,2019,va,0.001765,0.7849
ZAF,COL,2019,va,0.000823,0.7849
ZAF,HKG,2019,va,0.003345,0.7849
ZAF,USA,2019,va,0.09295,0.7849
ZAF,ESP,2019,va,0.017686,0.7849
ZAF,HUN,2019,va,0.002378,0.7849
ZAF,POL,2019,va,0.010023,0.7849
ZAF,ISR,2019,va,0.004177,0.7849
ZAF,KOR,2019,va,0.014419,0.7849
ZAF,DNK,2019,va,0.005702,0.7849
ZAF,AUS,2019,va,0.012976,0.7849
ZAF,UKR,2019,va,0.000936,0.7849
ZAF,SAU,2019,va,0.032267,0.7849
ZAF,BRA,2019,va,0.012246,0.7849
ZAF,PRT,2019,va,0.003202,0.7849
ZAF,TUN,2019,va,0.000356,0.7849
ZAF,THA,2019,va,0.016607,0.7849
ZAF,PHL,2019,va,0.002654,0.7849
ZAF,NLD,2019,va,0.013141,0.7849
ZAF,ITA,2019,va,0.026194,0.7849
ZAF,NOR,2019,va,0.004747,0.7849
ZAF,DEU,2019,va,0.077684,0.7849
ZAF,GBR,2019,va,0.043571,0.7849
ZAF,ARG,2019,va,0.007079,0.7849
ZAF,JPN,2019,va,0.031889,0.7849
ZAF,IDN,2021,va,0.012287,0.8117
ZAF,IND,2021,va,0.053052,0.8117
ZAF,ARG,2021,va,0.005535,0.8117
ZAF,BRA,2021,va,0.01303,0.8117
ZAF,MEX,2021,va,0.006462,0.8117
ZAF,PRT,2021,va,0.003242,0.8117
ZAF,NOR,2021,va,0.004939,0.8117
ZAF,DNK,2021,va,0.006685,0.8117
ZAF,THA,2021,va,0.013786,0.8117
ZAF,TUN,2021,va,0.000458,0.8117
ZAF,CHN,2021,va,0.203063,0.8117
ZAF,CHE,2021,va,0.010669,0.8117
ZAF,HUN,2021,va,0.002348,0.8117
ZAF,AUS,2021,va,0.015008,0.8117
ZAF,MYS,2021,va,0.00617,0.8117
ZAF,TUR,2021,va,0.00966,0.8117
ZAF,NLD,2021,va,0.014865,0.8117
ZAF,POL,2021,va,0.00921,0.8117
ZAF,JPN,2021,va,0.027877,0.8117
ZAF,FIN,2021,va,0.005585,0.8117
ZAF,PER,2021,va,0.001706,0.8117
ZAF,SWE,2021,va,0.008443,0.8117
ZAF,ESP,2021,va,0.015498,0.8117
ZAF,TWN,2021,va,0.010889,0.8117
ZAF,KOR,2021,va,0.016023,0.8117
ZAF,ITA,2021,va,0.026136,0.8117
ZAF,BEL,2021,va,0.009508,0.8117
ZAF,RUS,2021,va,0.012834,0.8117
ZAF,ISR,2021,va,0.004386,0.8117
ZAF,FRA,2021,va,0.031404,0.8117
ZAF,CAN,2021,va,0.007793,0.8117
ZAF,UKR,2021,va,0.000908,0.8117
ZAF,VNM,2021,va,0.006499,0.8117
ZAF,HKG,2021,va,0.003146,0.8117
ZAF,COL,2021,va,0.001202,0.8117
ZAF,CHL,2021,va,0.002689,0.8117
ZAF,SAU,2021,va,0.039936,0.8117
ZAF,PHL,2021,va,0.002001,0.8117
ZAF,EGY,2021,va,0.002544,0.8117
ZAF,USA,2021,va,0.081947,0.8117
ZAF,GBR,2021,va,0.038744,0.8117
ZAF,DEU,2021,va,0.063484,0.8117
ZAF,TWN,2022,va,0.009988,0.7961
ZAF,UKR,2022,va,0.000546,0.7961
ZAF,SAU,2022,va,0.045562,0.7961
ZAF,CHN,2022,va,0.190073,0.7961
ZAF,ARG,2022,va,0.004681,0.7961
ZAF,SWE,2022,va,0.007632,0.7961
ZAF,NLD,2022,va,0.011156,0.7961
ZAF,CAN,2022,va,0.00714,0.7961
ZAF,COL,2022,va,0.001935,0.7961
ZAF,RUS,2022,va,0.016395,0.7961
ZAF,PHL,2022,va,0.002223,0.7961
ZAF,HKG,2022,va,0.002577,0.7961
ZAF,BRA,2022,va,0.013127,0.7961
ZAF,NOR,2022,va,0.00697,0.7961
ZAF,THA,2022,va,0.012722,0.7961
ZAF,TUN,2022,va,0.000385,0.7961
ZAF,PRT,2022,va,0.003038,0.7961
ZAF,FRA,2022,va,0.028489,0.7961
ZAF,GBR,2022,va,0.039553,0.7961
ZAF,TUR,2022,va,0.013554,0.7961
ZAF,ITA,2022,va,0.020899,0.7961
ZAF,JPN,2022,va,0.02489,0.7961
ZAF,ISR,2022,va,0.004635,0.7961
ZAF,KOR,2022,va,0.012871,0.7961
ZAF,CHL,2022,va,0.001971,0.7961
ZAF,FIN,2022,va,0.005813,0.7961
ZAF,BEL,2022,va,0.00787,0.7961
ZAF,MYS,2022,va,0.006664,0.7961
ZAF,PER,2022,va,0.001334,0.7961
ZAF,MEX,2022,va,0.006588,0.7961
ZAF,HUN,2022,va,0.002108,0.7961
ZAF,AUS,2022,va,0.014407,0.7961
ZAF,EGY,2022,va,0.002252,0.7961
ZAF,CHE,2022,va,0.009508,0.7961
ZAF,DEU,2022,va,0.057599,0.7961
ZAF,VNM,2022,va,0.006263,0.7961
ZAF,IDN,2022,va,0.013447,0.7961
ZAF,IND,2022,va,0.063119,0.7961
ZAF,ESP,2022,va,0.015036,0.7961
ZAF,USA,2022,va,0.085005,0.7961
ZAF,POL,2022,va,0.008514,0.7961
ZAF,DNK,2022,va,0.007598,0.7961
